-0.22645,-0.15866,-0.27927,-0.1853,-0.2257,-0.1689,-0.089284,0.052634,0.16651,0.23977,0.32595,0.021617,-0.19815,-0.21638,-0.13786,-0.15001,-0.24136,-0.1559,-0.54587,-0.47307,-0.40545,-0.50896,-0.58586,-0.75744,-0.61044,-0.77997,-0.24873,-0.69296,-0.54497,-0.38984,-0.031815,-0.053184,-0.016464,0.23186,0.0019677,-0.23871,-0.38366,-0.36708,-0.21793,-0.3171,-0.56734,-0.4499,-0.3359,-0.22798,-0.17329,-0.27888,-0.29949,-0.27865,-0.10093,-0.14209,-0.17737,-0.085128,-0.0092353,0.050797,-0.1149,-0.077918,-0.25075,0.11382,0.047483,-0.34234,-0.21954,-0.24544,-0.59475,-0.1563,-0.234,-0.22126,-0.19134,-0.1622,-0.056662,-0.19813,-0.44376,-0.092431,0.0034444,-0.18607,-0.036611,-0.22549,0.029805,0.35334,0.42727,0.44191,0.28428,0.34807,0.39608,0.34951,0.29262,0.067877,0.2195,0.18014,0.34546,0.31726,0.35673,0.41697,0.44855,0.44141,0.35287,0.20232,-0.042721,-0.24046,-0.010242,-0.18795,-0.31237,-0.24613,-0.055796,0.1907,-0.10021,-0.16747,-0.41951,-0.36307,-0.38471,-0.28726,-0.22701,-0.28364,-0.37316,-0.028425,-0.3925,-0.04961,-0.45628,0.20558,0.32706,0.18405,0.60879,0.27411,0.059952,0.28253,0.35896,-0.12629,-0.038751,-0.063544,-0.085002,0.049093,-0.10387,-0.34305,-0.38054,-0.17317,-0.21405,-0.39589,-0.27767,-0.4337,-0.40616,-0.3,-0.26575,-0.26654,-0.11688,-0.30834,-0.25273,-0.26057,-0.21824,-0.11612,0.0018565,-0.041315,-0.46285,-0.14012,0.13733,-0.053131,0.015397,-0.018977,0.084818,-0.20888,-0.36051,-0.55947,-0.50587,-0.4944,-0.20644,0.077294,0.11546,0.048413,0.064612,-0.04177,-0.058011,-0.21022,-0.22032,-0.28679,-0.34163,-0.44447,-0.31071,-0.47209,-0.46418,-0.39315,-0.42054,-0.61981,-0.50098,-0.48064,-0.66712,-0.75787,-0.65689,-0.63334,-0.69633,-0.57234,-0.27295,-0.44717,-0.43986,-0.77721,-0.37912,-0.59732,-0.59981,-0.36737,-0.60004,-0.33235,-0.25871,-0.127,-0.4119,-0.36958,-0.25539,-0.39455,-0.29721,-0.14839,-0.13459,-0.093759,-0.11214
-0.29891,-0.15235,-0.34791,-0.25324,-0.061791,0.0022661,-0.072341,-0.0056949,0.051536,-0.0042176,0.25816,-0.072297,0.064585,-0.079579,-0.066796,0.016936,-0.096877,-0.16187,-0.38038,-0.36687,-0.22422,-0.34295,-0.68222,-0.63843,-0.68128,-0.72135,-0.31864,-0.69712,-0.57171,-0.3151,-0.113,-0.0051645,-0.034034,-0.008259,-0.047036,-0.25478,-0.30064,-0.42714,-0.26344,-0.28011,-0.50308,-0.34965,-0.33821,-0.33498,-0.27014,-0.4061,-0.40569,-0.33316,-0.23626,-0.23476,-0.39215,-0.0058511,0.056832,0.00035818,-0.19574,-0.018625,-0.089583,-0.020775,0.16663,-0.10842,-0.14454,-0.08113,-0.51056,-0.063455,-0.28693,-0.13415,-0.011,-0.089574,0.046274,-0.066796,-0.1436,0.08919,0.021292,0.0090488,-0.2699,-0.28242,0.035852,0.16917,0.23324,0.17126,0.036072,0.10401,0.31829,0.46487,0.38288,0.1755,0.19932,0.19245,0.26963,0.20558,0.17738,0.24193,0.44254,0.40125,0.28754,0.2109,0.12465,-0.022901,0.16155,-0.26543,-0.035138,-0.19277,-0.00092671,0.19023,-0.00037403,-0.074325,-0.20557,-0.25503,-0.30306,-0.3112,-0.23989,-0.40899,-0.75266,-0.11308,-0.32631,-0.19448,-0.11445,0.2502,0.35969,0.40441,0.36143,0.1761,0.019819,0.031164,0.33066,0.57217,0.28629,0.20463,-0.1455,-0.032917,-0.20027,-0.40362,-0.33453,-0.11029,-0.12277,-0.26442,-0.26776,-0.26026,-0.33079,-0.34002,-0.24608,-0.22686,-0.0017212,-0.22071,-0.17789,-0.11082,-0.20848,-0.21087,-0.0034304,0.0059449,-0.30275,-0.18004,-0.11615,-0.20843,-0.1086,-0.20077,0.028516,-0.058025,-0.17459,-0.25943,-0.3118,-0.29821,-0.073444,-0.087185,0.15308,0.067904,0.0099642,-0.014458,-0.03633,-0.10001,-0.1478,-0.2329,-0.27326,-0.47735,-0.45579,-0.53173,-0.50709,-0.47885,-0.36166,-0.60057,-0.59029,-0.34621,-0.64351,-0.76731,-0.60772,-0.5663,-0.6076,-0.53419,-0.29722,-0.5001,-0.46114,-0.49945,-0.33981,-0.42692,-0.47942,-0.46033,-0.50036,-0.37427,-0.33016,-0.45565,-0.29587,-0.46159,-0.40686,-0.30068,-0.2466,-0.2494,-0.078102,0.0045552,-0.12069
-0.36097,-0.2108,-0.3537,-0.343,0.044041,0.076574,-0.094793,-0.072134,-0.01506,-0.19733,0.22574,-0.12749,0.24188,0.019677,0.014197,0.12705,-0.0010179,-0.16726,-0.1761,-0.30088,-0.054467,-0.27844,-0.64048,-0.51225,-0.65812,-0.69393,-0.36219,-0.67497,-0.53836,-0.23279,-0.17734,-0.0033253,-0.095471,-0.20405,-0.11605,-0.25793,-0.23688,-0.41293,-0.33453,-0.25253,-0.46653,-0.2695,-0.38082,-0.41881,-0.33699,-0.50008,-0.44182,-0.34347,-0.33933,-0.291,-0.59035,0.055699,0.039175,-0.065732,-0.25935,-0.0067787,-0.067094,-0.10872,0.20752,0.032759,-0.067818,0.033561,-0.43715,-0.027373,-0.3395,-0.11746,0.091424,-0.051508,0.07163,0.049425,0.098791,0.19607,0.034478,0.10651,-0.41824,-0.24988,0.028342,0.035183,0.025792,-0.023762,-0.084712,-0.067711,0.23971,0.47954,0.38308,0.25092,0.16825,0.2092,0.21638,0.13333,0.048242,0.15358,0.376,0.35755,0.2578,0.21816,0.25152,0.13774,0.29034,-0.24831,0.2312,-0.13029,0.028255,0.17595,0.079717,0.007334,-0.017749,-0.15796,-0.24005,-0.29543,-0.21702,-0.51104,-0.92284,-0.1674,-0.26753,-0.2525,0.20328,0.25326,0.33118,0.47832,0.18831,0.087069,-0.020272,-0.078993,0.32925,0.99501,0.43496,0.34808,-0.16216,-0.0429,-0.26817,-0.33567,-0.24546,-0.040238,-0.078231,-0.20236,-0.24852,-0.13303,-0.27327,-0.34853,-0.24193,-0.22681,0.051434,-0.10198,-0.16471,-0.01627,-0.1747,-0.27626,-0.062364,0.028377,-0.16449,-0.26086,-0.28752,-0.30323,-0.20486,-0.30976,-0.029948,0.039012,-0.023398,-0.054447,-0.15609,-0.15015,-0.018431,-0.2224,0.13704,0.052701,-0.040471,-0.020969,-0.051643,-0.039113,-0.12268,-0.20207,-0.21766,-0.44109,-0.53368,-0.53118,-0.49865,-0.51782,-0.31448,-0.55298,-0.67293,-0.23804,-0.64745,-0.75939,-0.57034,-0.51197,-0.48401,-0.52353,-0.32542,-0.55544,-0.47568,-0.27984,-0.32481,-0.29267,-0.43024,-0.51382,-0.38496,-0.34504,-0.37973,-0.65699,-0.19412,-0.52016,-0.44107,-0.24166,-0.25119,-0.33569,-0.066634,0.060932,-0.20166
-0.38438,-0.40386,-0.3165,-0.46206,-0.10604,-0.10136,-0.19655,-0.22254,0.069787,-0.069114,0.28451,-0.0077654,0.10515,0.10601,0.12226,0.037126,-0.041996,-0.15456,-0.1118,-0.15642,-0.0033637,-0.22043,-0.29958,-0.27778,-0.50673,-0.44657,-0.38136,-0.54623,-0.27692,-0.18545,-0.262,-0.10588,-0.31256,-0.40818,-0.30948,-0.1603,-0.35045,-0.25535,-0.35042,-0.3274,-0.50415,-0.37747,-0.41632,-0.47508,-0.33327,-0.3664,-0.2883,-0.19513,-0.29966,-0.28843,-0.43,-0.11019,-0.1433,-0.32724,-0.27713,-0.18375,-0.34779,-0.29482,-0.042338,-0.074452,0.0053465,0.0021064,-0.33828,-0.16678,-0.34246,-0.22577,-0.055854,-0.12521,-0.12407,0.056466,0.068216,0.17535,0.034214,0.053563,-0.27617,0.13129,-0.071854,-0.075434,-0.21364,0.024475,-0.045699,0.06427,0.050024,0.061679,0.12076,0.23454,0.08901,0.27539,0.22364,0.26625,0.055159,0.24422,0.16497,0.30996,0.31622,0.20954,0.2601,0.20567,0.28284,0.048188,0.30484,0.024105,-0.036972,0.15077,-0.0036273,0.038263,0.093502,-0.068343,-0.15893,-0.13658,-0.071912,-0.27471,-0.52824,-0.18434,-0.21838,-0.16166,0.28495,0.12865,0.1513,0.15056,0.08222,0.031895,0.0087479,0.011374,0.25622,0.47603,0.12653,0.1843,0.005439,0.21148,-0.20044,0.020781,-0.031679,0.056795,-0.19238,-0.34205,-0.19718,-0.16159,-0.22698,-0.32393,-0.3128,-0.35454,-0.076232,-0.058842,-0.13457,-0.11819,-0.18607,-0.40115,-0.18186,-0.079417,-0.168,-0.3742,-0.068902,-0.21398,-0.21085,-0.27626,-0.13177,-0.051141,-0.069012,-0.14607,-0.16925,-0.057505,-0.10015,-0.22181,-0.095896,-0.12472,-0.11065,-0.1818,-0.17582,-0.16056,-0.24953,-0.22904,-0.18384,-0.1937,-0.34921,-0.25143,-0.34669,-0.41054,-0.3648,-0.57031,-0.5768,-0.34765,-0.60757,-0.68151,-0.57164,-0.47596,-0.44017,-0.49312,-0.41498,-0.51985,-0.4082,-0.34435,-0.41378,-0.34801,-0.3788,-0.38756,-0.18065,-0.17727,-0.11887,-0.33456,-0.2402,-0.34887,-0.31021,-0.31414,-0.39888,-0.48979,-0.23213,-0.021855,-0.52004
-0.42424,-0.53712,-0.31773,-0.51306,-0.29969,-0.29592,-0.26343,-0.34928,0.12286,0.071444,0.31459,0.087358,-0.12098,0.19871,0.10971,-0.12119,-0.13059,-0.15154,-0.13447,-0.02468,-0.046728,-0.096833,0.014538,-0.060115,-0.3486,-0.19766,-0.36082,-0.36795,-0.041375,-0.19938,-0.34777,-0.22438,-0.49409,-0.58076,-0.44383,-0.059418,-0.48931,-0.16061,-0.32369,-0.41167,-0.48165,-0.52348,-0.40626,-0.46582,-0.28282,-0.15931,-0.12009,-0.064508,-0.24292,-0.28776,-0.15524,-0.30073,-0.28315,-0.53585,-0.28633,-0.39606,-0.60571,-0.48675,-0.32342,-0.24119,0.0071392,-0.096395,-0.28193,-0.28953,-0.33364,-0.29502,-0.25673,-0.23396,-0.35476,0.0094458,-0.082509,0.074553,-0.052031,0.011147,-0.10812,0.42025,-0.13979,-0.21856,-0.30677,0.16009,-0.058075,0.2406,-0.09729,-0.30796,-0.054207,0.20458,0.05249,0.34028,0.23975,0.42071,0.11192,0.34437,0.069329,0.27013,0.36792,0.20098,0.2381,0.26724,0.25805,0.32355,0.27996,0.17829,-0.054368,0.13307,-0.097396,0.05973,0.15625,0.0011696,-0.024325,0.018207,0.059408,0.056776,-0.10882,-0.17053,-0.13828,-0.060094,0.19849,-0.0055723,-0.012685,-0.13633,-0.049066,-0.0022692,0.045835,0.11926,0.06197,-0.11613,-0.19592,0.041625,0.14571,0.46276,-0.10762,0.24635,0.13799,0.10903,-0.29502,-0.43831,-0.15649,-0.22388,-0.19137,-0.29886,-0.39251,-0.44823,-0.19824,-0.11936,-0.099673,-0.24594,-0.23666,-0.52758,-0.24434,-0.19102,-0.21786,-0.33658,0.19724,-0.0951,-0.21843,-0.23515,-0.17083,-0.14202,-0.14209,-0.28179,-0.19437,-0.041795,-0.16095,-0.24029,-0.311,-0.27351,-0.16127,-0.31419,-0.27495,-0.24079,-0.34015,-0.19195,-0.18288,-0.010405,-0.11928,0.016604,-0.20495,-0.3352,-0.42343,-0.61093,-0.46576,-0.5032,-0.54013,-0.62317,-0.56736,-0.41435,-0.41751,-0.44854,-0.49559,-0.43854,-0.35213,-0.4964,-0.53651,-0.46283,-0.29678,-0.26612,-0.025042,-0.090688,0.15317,0.040368,-0.28713,-0.1545,-0.21754,-0.4168,-0.49891,-0.65303,-0.33956,-0.13558,-0.748
-0.58276,-0.49054,-0.32562,-0.33491,-0.37102,-0.28873,-0.10721,-0.30482,-0.13176,-0.14751,-0.017039,0.032174,-0.22961,0.13688,-0.049657,-0.20794,-0.21583,-0.16919,-0.14253,-0.10215,-0.15116,-0.049294,0.11284,-0.0093686,-0.12663,-0.2663,-0.23571,-0.13109,-0.087051,-0.17237,-0.35978,-0.28838,-0.41104,-0.59049,-0.36917,-0.12154,-0.42419,-0.20238,-0.25558,-0.35169,-0.28869,-0.37357,-0.3069,-0.32837,-0.14896,-0.094237,-0.11406,-0.13555,-0.24557,-0.32296,-0.097285,-0.26446,-0.23476,-0.40996,-0.27336,-0.53298,-0.60534,-0.39195,-0.36972,-0.35167,-0.18555,-0.32838,-0.36233,-0.20733,-0.26869,-0.33224,-0.3148,-0.38808,-0.44637,-0.1577,-0.24721,-0.18554,-0.25552,-0.26002,-0.061959,0.089958,-0.10175,-0.058464,-0.027791,0.22213,-0.14867,0.24598,0.095646,-0.1142,0.14566,0.31042,0.22961,0.40569,0.20149,0.29355,0.23006,0.34471,0.21783,0.28603,0.33603,0.22665,0.27844,0.33879,0.32798,0.37169,0.32732,0.20222,0.19601,0.22089,0.0067929,0.10582,0.1871,0.058161,0.073222,0.075693,0.018716,0.06117,-0.034107,-0.087121,0.05082,-0.028065,-0.11048,0.022858,-0.029536,-0.076482,-0.10232,-0.044896,8.9362e-05,0.086785,0.063083,0.10854,-0.13322,0.079546,0.054382,0.38517,-0.18397,0.085022,0.084636,0.055212,-0.2144,-0.27323,-0.19251,-0.25503,-0.2109,-0.26553,-0.38132,-0.31861,-0.26937,-0.22318,-0.19745,-0.2632,-0.27889,-0.43324,-0.14231,-0.20211,-0.1511,-0.1415,0.064104,-0.11123,-0.28572,-0.18698,0.0095255,-0.05643,-0.0073638,-0.1696,-0.086361,-0.20485,-0.077158,-0.25629,-0.33142,-0.17015,-0.080658,-0.22569,-0.24658,-0.040615,-0.12457,-0.10302,-0.29751,-0.21482,-0.062376,-0.11761,-0.24653,-0.4828,-0.41841,-0.64519,-0.5155,-0.54126,-0.5462,-0.62237,-0.5413,-0.23162,-0.2921,-0.43667,-0.45646,-0.49211,-0.39585,-0.57928,-0.6228,-0.59074,-0.28217,-0.30781,-0.14269,-0.19003,-0.0031816,-0.0026471,-0.14106,-0.21542,-0.25094,-0.41423,-0.40013,-0.57369,-0.2699,-0.1776,-0.49236
-0.67485,-0.35115,-0.28318,-0.11108,-0.35156,-0.17621,0.070166,-0.21418,-0.36017,-0.32097,-0.36148,-0.092323,-0.30909,-0.06509,-0.1956,-0.26768,-0.31574,-0.2022,-0.17459,-0.22662,-0.25222,-0.074472,0.11071,-0.053355,0.036683,-0.3865,-0.038703,0.032006,-0.18977,-0.20442,-0.35943,-0.34612,-0.28302,-0.50512,-0.25027,-0.23007,-0.32187,-0.24634,-0.19996,-0.27028,-0.12815,-0.16408,-0.18496,-0.18908,-0.044944,-0.081963,-0.15977,-0.24995,-0.27476,-0.38049,-0.12563,-0.1717,-0.16186,-0.2481,-0.25546,-0.59373,-0.53431,-0.27688,-0.36277,-0.39494,-0.33665,-0.59193,-0.42737,-0.10598,-0.20297,-0.37955,-0.33968,-0.4716,-0.43178,-0.31322,-0.34129,-0.40421,-0.33774,-0.51576,-0.06102,-0.28118,-0.067093,0.15921,0.2198,0.19564,-0.19971,0.17332,0.27796,0.17358,0.30213,0.39959,0.36767,0.39816,0.085342,0.11153,0.35917,0.33052,0.32633,0.32773,0.30114,0.27082,0.33358,0.37791,0.41943,0.38665,0.37036,0.13098,0.37724,0.26322,0.1458,0.12869,0.19258,0.10455,0.086937,0.088608,-0.063895,-0.021585,-0.050397,-0.0082091,0.21047,-0.13614,-0.37972,0.068812,-0.0032446,0.0026016,-0.070173,-0.080656,-0.057259,-0.023334,0.15838,0.42068,-0.036523,0.15943,-0.068064,0.22569,-0.25107,-0.04692,-0.01824,-0.011141,-0.084524,-0.10098,-0.24826,-0.21985,-0.20228,-0.23699,-0.28699,-0.13514,-0.32646,-0.28824,-0.29737,-0.24507,-0.26376,-0.24065,-0.04979,-0.10995,0.10558,0.0085781,-0.15284,-0.14517,-0.28407,-0.077333,0.18122,0.052474,0.13573,0.0083889,0.00088188,-0.351,0.070372,-0.12465,-0.23969,0.023253,0.024049,-0.085592,-0.16022,0.16178,0.057119,-0.075537,-0.41524,-0.4005,-0.10572,-0.30502,-0.31359,-0.59986,-0.43113,-0.67069,-0.57885,-0.54736,-0.59377,-0.57656,-0.49694,-0.045623,-0.24526,-0.43376,-0.36678,-0.57898,-0.4272,-0.62969,-0.69687,-0.66337,-0.29515,-0.32584,-0.29763,-0.24414,-0.18089,-0.1096,-0.014058,-0.30961,-0.28519,-0.31818,-0.26664,-0.39258,-0.20536,-0.19511,-0.17979
-0.31141,-0.17913,-0.16984,0.0067953,-0.15727,-0.064194,3.6487e-05,-0.10769,-0.18074,-0.077585,-0.32864,-0.33176,-0.44325,-0.23999,-0.28699,-0.34402,-0.43539,-0.30394,-0.16546,-0.22678,-0.30439,-0.13628,-0.078197,-0.21176,-0.038008,-0.2701,0.035392,-0.098845,-0.16943,-0.37425,-0.33181,-0.48085,-0.32113,-0.44104,-0.36987,-0.27463,-0.33577,-0.28312,-0.3055,-0.31838,-0.20632,-0.1275,-0.19278,-0.15753,-0.067866,-0.12881,-0.17459,-0.29889,-0.3469,-0.53404,-0.18952,-0.11002,-0.1256,-0.17226,-0.24913,-0.49515,-0.51291,-0.36531,-0.41163,-0.29347,-0.18274,-0.461,-0.35958,-0.10573,-0.26609,-0.41162,-0.39205,-0.28918,-0.28043,-0.17684,-0.12009,-0.24905,-0.090639,-0.22218,-0.18594,-0.22796,0.03561,-0.19606,0.051218,0.04646,-0.17051,-0.010057,0.041959,0.19279,0.15946,0.20399,0.18405,0.094498,-0.07746,0.06767,0.38077,0.33226,0.33317,0.35949,0.30847,0.3526,0.36416,0.37168,0.51163,0.5401,0.23544,-0.077065,0.091406,0.070078,0.10376,0.10907,0.18289,0.11392,0.049351,0.031311,-0.082564,-0.055582,-0.12254,-0.014442,0.16494,-0.34612,-0.414,0.074141,-0.019847,0.057883,-0.022642,-0.11791,-0.11317,-0.087818,0.078705,0.26759,-0.14356,0.22062,-0.0074579,0.20864,-0.01628,0.0057001,-0.013997,-0.033852,0.041418,-0.055403,-0.16485,0.03834,-0.090996,-0.17265,-0.10119,-0.029063,-0.28548,-0.33657,-0.21419,-0.19869,-0.17412,-0.13395,-0.10652,0.23319,0.51443,0.11723,-0.27488,-0.093987,-0.1094,-0.045262,0.16068,0.088778,0.12302,-0.044704,-0.016201,-0.25957,0.33079,0.038563,0.020544,0.1745,0.018059,-0.074767,-0.0076129,0.077049,-0.18887,-0.062362,-0.29989,-0.23158,-0.14341,-0.22857,-0.28047,-0.4441,-0.48462,-0.57775,-0.58632,-0.57906,-0.5415,-0.46763,-0.39255,-0.10331,-0.24004,-0.37505,-0.31012,-0.51127,-0.33289,-0.69038,-0.78606,-0.52671,-0.25373,-0.24029,-0.25821,-0.10323,-0.050967,-0.10964,-0.12237,-0.20734,-0.2218,-0.14499,-0.16865,-0.32123,-0.20947,-0.22413,-0.12044
0.17087,-0.04036,-0.0039271,0.082352,0.043858,0.0088354,-0.1477,-0.030398,0.013726,0.12538,-0.30842,-0.49714,-0.52416,-0.28444,-0.3366,-0.4203,-0.47959,-0.36745,-0.13031,-0.24127,-0.33622,-0.22171,-0.29827,-0.37432,-0.15674,-0.092202,-0.079933,-0.29295,-0.18472,-0.47785,-0.31107,-0.556,-0.35445,-0.34591,-0.52894,-0.29135,-0.34871,-0.3066,-0.43082,-0.36935,-0.30428,-0.13471,-0.22569,-0.14714,-0.078358,-0.17381,-0.14508,-0.31812,-0.4285,-0.72167,-0.24542,-0.11145,-0.11279,-0.16067,-0.2353,-0.33112,-0.46972,-0.3782,-0.40965,-0.19424,-0.016956,-0.1778,-0.26193,-0.097141,-0.32342,-0.45723,-0.39188,-0.097751,-0.13086,-0.068108,0.058388,-0.084637,0.11274,0.059451,-0.31273,-0.1226,0.082734,-0.65059,-0.15404,-0.083686,-0.1903,-0.16557,-0.20222,0.11952,-0.016497,-0.041944,-0.07246,-0.19663,-0.17031,0.061372,0.34455,0.32881,0.33031,0.35366,0.32664,0.41354,0.36456,0.37251,0.56444,0.63438,0.098385,-0.20564,-0.22659,-0.099277,-0.00012867,0.061569,0.10413,0.11146,0.038053,-0.033705,-0.081193,-0.094784,-0.17377,-0.069067,0.025026,-0.41353,-0.40503,0.084665,-0.080672,0.092499,0.0069164,-0.12079,-0.13125,-0.11059,-0.024018,0.029919,-0.2388,0.15232,0.057233,0.20224,0.21074,0.066169,-0.010143,-0.066097,0.10126,-0.040744,-0.0057712,0.25257,0.029887,-0.065413,0.04168,0.037379,-0.19082,-0.33182,-0.081867,-0.12122,-0.084724,-0.0048152,-0.12534,0.53517,0.76043,0.25151,-0.27971,-0.0069536,0.020228,-0.067103,0.053188,0.059316,0.047466,-0.14836,-0.051997,-0.091195,0.56593,0.20473,0.28494,0.27299,0.012524,-0.0008936,0.17157,-0.031726,-0.37973,-0.005908,-0.14046,-0.075172,-0.11878,-0.1055,-0.21645,-0.2595,-0.46027,-0.44527,-0.53565,-0.55259,-0.39846,-0.39062,-0.31386,-0.30323,-0.21506,-0.29136,-0.29042,-0.39055,-0.25486,-0.71144,-0.77813,-0.35271,-0.18464,-0.17058,-0.17881,0.069786,0.076975,-0.10672,-0.22603,-0.062055,-0.12499,-0.022276,-0.076893,-0.28655,-0.24444,-0.238,-0.15225
0.28681,0.063356,0.18662,0.089024,0.094455,0.12176,-0.22378,-0.18297,-0.12285,-0.0014156,-0.31717,-0.44599,-0.33252,-0.18438,-0.29657,-0.43434,-0.33317,-0.24207,-0.22779,-0.37196,-0.34253,-0.31485,-0.32513,-0.43184,-0.18635,-0.13063,-0.27736,-0.34721,-0.35709,-0.42211,-0.33373,-0.39749,-0.25177,-0.1903,-0.3648,-0.26894,-0.25601,-0.22814,-0.35079,-0.29575,-0.27137,-0.19818,-0.1909,-0.058049,0.047127,-0.010991,0.022172,-0.33172,-0.54428,-0.82346,-0.33672,-0.30333,-0.17762,-0.44513,-0.1605,-0.18337,-0.30634,-0.21852,-0.24206,-0.2285,-0.050802,-0.13726,-0.15847,-0.02119,-0.19838,-0.30821,-0.35623,-0.10664,-0.12919,-0.3507,-0.3147,-0.33166,-0.15074,-0.091029,-0.34267,-0.14654,-0.054866,-0.55582,-0.10357,-0.11181,-0.2383,-0.12927,-0.11345,0.069299,-0.017544,-0.046496,-0.2529,-0.14041,-0.20014,0.14937,0.25621,0.27667,0.3042,0.25004,0.35193,0.3632,0.32309,0.42766,0.47341,0.47777,0.32856,0.078435,-0.21134,-0.15296,0.051275,-0.056432,-0.13736,0.14422,0.17,-0.057305,-0.081427,-0.10109,-0.10751,-0.19976,-0.13636,-0.23481,-0.20604,-0.0040062,-0.15304,-0.029905,0.033134,0.018114,-0.053571,-0.095608,-0.04095,-0.11816,-0.26946,-0.1077,-0.019171,0.058388,0.14481,0.12605,-0.1142,-0.22749,-0.031639,-0.1204,0.032473,0.071269,0.12314,-0.050663,-0.0292,0.020164,-0.0046919,-0.14771,0.039609,-0.04961,-0.0077935,0.35771,-0.081406,0.38837,0.63331,0.37075,0.073624,0.053405,-0.046251,-0.076185,-0.20632,-0.10353,-0.12434,-0.030326,-0.05256,0.074792,0.40523,0.55417,0.44122,0.35751,0.17064,0.51143,0.38126,0.19147,-0.17876,0.11281,-0.22443,-0.1742,-0.11105,-0.077701,-0.14949,-0.25975,-0.30209,-0.31503,-0.35106,-0.2991,-0.23623,-0.42058,-0.35853,-0.49376,-0.28007,-0.26118,-0.29595,-0.31513,-0.33182,-0.50488,-0.50985,-0.28127,-0.13222,-0.15718,-0.14762,0.10962,0.049561,-0.046605,-0.075019,0.030287,-0.077429,-0.028513,0.012556,-0.21782,-0.24039,-0.21006,-0.23744
0.26673,0.1283,0.25545,0.034171,0.076606,0.18223,-0.28881,-0.3706,-0.31615,-0.13573,-0.24201,-0.35621,-0.12016,-0.12475,-0.23995,-0.38271,-0.21149,-0.14402,-0.38702,-0.46758,-0.34513,-0.36707,-0.30614,-0.42053,-0.24257,-0.28138,-0.38663,-0.33176,-0.46321,-0.32624,-0.28255,-0.2535,-0.15958,-0.11385,-0.18571,-0.2394,-0.19518,-0.1738,-0.23179,-0.21814,-0.23158,-0.26546,-0.18289,-0.015534,0.11686,0.13609,0.16422,-0.2966,-0.5427,-0.72914,-0.3576,-0.50851,-0.22276,-0.76436,-0.044721,-0.062851,-0.15601,-0.14228,-0.11648,-0.31595,-0.15624,-0.17221,-0.049227,0.036397,-0.059485,-0.096465,-0.29915,-0.14993,-0.17562,-0.63493,-0.70669,-0.58871,-0.42827,-0.25581,-0.35689,-0.23703,-0.16905,-0.27569,-0.0045207,-0.10655,-0.2511,-0.076954,-0.021473,-0.0019152,0.015319,-0.0014986,-0.39125,-0.068745,-0.17963,0.27611,0.23272,0.20966,0.27953,0.18377,0.36231,0.29719,0.29391,0.46628,0.33095,0.31132,0.58507,0.37928,-0.090192,-0.14652,0.15397,-0.17344,-0.28918,0.14929,0.26187,-0.043875,-0.055259,-0.074129,-0.074181,-0.32016,-0.26359,-0.096419,0.0011062,-0.15582,-0.2348,-0.18487,0.070431,0.12542,0.029085,-0.049414,-0.035726,-0.22288,-0.27528,-0.29276,-0.07932,-0.064502,0.067219,0.20865,-0.15465,-0.30494,-0.053193,-0.075988,0.00094546,-0.092494,0.21843,-0.039087,-0.046026,0.020129,0.18471,0.03873,0.15971,0.037526,0.16543,0.68796,-0.05174,0.17275,0.52245,0.42735,0.49302,0.09661,-0.027184,-0.10101,-0.39677,-0.20399,-0.13973,0.15762,-0.024564,0.15495,0.17495,0.79233,0.50947,0.37543,0.29095,0.84576,0.42963,0.37426,0.086927,0.19113,-0.36905,-0.23708,-0.1242,-0.063551,-0.078804,-0.2598,-0.17159,-0.16698,-0.15929,-0.061448,-0.18574,-0.47869,-0.41878,-0.62421,-0.33693,-0.26703,-0.28233,-0.25258,-0.40705,-0.28813,-0.28356,-0.26254,-0.13963,-0.18488,-0.14534,0.0561,-0.023274,-0.024258,0.024693,0.048504,-0.12021,-0.073994,0.020107,-0.1777,-0.2804,-0.2292,-0.3609
0.2152,0.052437,0.12865,0.0035212,-0.0088097,-0.037435,-0.37914,-0.38838,-0.40811,-0.20468,-0.2317,-0.31847,-0.20407,-0.13996,-0.20176,-0.29412,-0.29994,-0.30021,-0.45221,-0.40776,-0.36249,-0.33143,-0.2965,-0.26896,-0.47391,-0.36393,-0.3111,-0.27719,-0.28069,-0.18977,-0.21524,-0.3585,-0.19882,-0.23008,-0.28144,-0.24959,-0.32988,-0.2936,-0.27675,-0.22257,-0.24384,-0.28354,-0.27136,-0.21898,-0.074048,-0.064158,0.062872,-0.082939,-0.23581,-0.24256,-0.18705,-0.54923,-0.15315,-0.47543,-0.0135,0.026386,-0.28969,-0.3286,-0.23828,-0.46258,-0.28025,-0.13401,0.0040978,0.039022,-0.04004,-0.11754,-0.13086,-0.17027,-0.20543,-0.50262,-0.51078,-0.54129,-0.19206,-0.27329,-0.30467,-0.48448,-0.12918,-0.15686,0.019107,-0.023192,-0.21451,-0.17312,-0.19496,-0.17068,-0.043928,-0.10608,-0.43917,-0.22287,-0.16078,0.29808,0.4632,0.25284,0.36258,0.29285,0.31692,0.30311,0.32484,0.41318,0.25312,0.20694,0.44821,0.35696,0.075438,0.028771,0.16447,-0.04416,-0.1047,0.054309,0.14586,0.078702,0.045565,-0.050548,-0.10268,-0.29992,-0.31221,-0.24793,-0.11965,-0.32965,-0.34351,-0.26959,0.012756,0.004905,0.092632,0.039899,-0.02068,-0.19876,-0.18659,-0.19925,-0.018391,0.024555,0.15579,0.25943,0.13938,0.08756,0.39287,0.48972,-0.003799,0.19361,0.34358,0.22405,0.29554,0.18937,0.1819,0.091504,0.18411,0.19407,0.48611,0.64794,0.12062,0.23924,0.5091,0.53201,0.59296,0.21069,0.27964,-0.027393,-0.18662,0.0017232,0.36124,0.22059,0.015516,0.013024,0.21678,0.44377,0.32088,0.19674,0.010046,0.17841,-0.051769,0.10817,0.35722,0.22168,-0.33744,-0.014966,-0.10261,-0.036348,-0.0084473,-0.063484,-0.096804,-0.069795,-0.058445,-0.10383,-0.39726,-0.50573,-0.39837,-0.57795,-0.43038,-0.24253,-0.21494,-0.20208,-0.37396,-0.3339,-0.39825,-0.32182,-0.26324,-0.316,-0.20157,-0.14396,-0.21042,-0.21569,-0.24284,-0.12005,-0.18522,-0.16077,-0.17646,-0.27807,-0.59105,-0.37905,-0.54119
0.10055,-0.099808,-0.0030945,-0.0085706,-0.11449,-0.2837,-0.41607,-0.34916,-0.44042,-0.28479,-0.20017,-0.28674,-0.30481,-0.10568,-0.16591,-0.24088,-0.40563,-0.47584,-0.47592,-0.32766,-0.36377,-0.28831,-0.2276,-0.12184,-0.61315,-0.31534,-0.16707,-0.15542,-0.057636,-0.088262,-0.21848,-0.47883,-0.28825,-0.34615,-0.4034,-0.27729,-0.44425,-0.37319,-0.36305,-0.25451,-0.26675,-0.30964,-0.37502,-0.41727,-0.25148,-0.34439,-0.073139,0.12302,0.07696,0.25779,-0.049454,-0.48179,-0.21438,-0.090301,-0.076201,0.061883,-0.45025,-0.50921,-0.35835,-0.55826,-0.34271,-0.12935,-0.025316,-0.0061078,-0.074699,-0.19091,0.015065,-0.19303,-0.22366,-0.31692,-0.13948,-0.37771,0.027778,-0.24113,-0.23607,-0.6607,-0.011532,-0.094655,-0.025296,0.044919,-0.15511,-0.29484,-0.35295,-0.27568,-0.12703,-0.23684,-0.40335,-0.2843,-0.15783,0.25254,0.6245,0.31962,0.4378,0.36931,0.25867,0.288,0.37629,0.30849,0.19246,0.11736,0.25667,0.27474,0.22119,0.15509,0.13545,0.14328,0.099753,-0.034296,0.036946,0.18048,0.11864,-0.03669,-0.11712,-0.21505,-0.30453,-0.43526,-0.2918,-0.44061,-0.40863,-0.33524,-0.19692,-0.15996,0.10124,0.067142,-0.014481,-0.13621,-0.08923,-0.064451,0.038969,0.12931,0.23512,0.26335,0.46563,0.51864,0.79359,0.90203,0.021038,0.47178,0.43576,0.48232,0.56549,0.34241,0.18785,0.16971,0.20831,0.34403,0.68575,0.5127,0.39174,0.38044,0.36327,0.59563,0.52042,0.31987,0.45043,0.16934,0.055242,0.2238,0.79005,0.2016,0.0019058,-0.17899,0.18134,-0.011522,0.062841,-0.030234,-0.29314,-0.54461,-0.5302,-0.11645,0.44514,0.1748,-0.23866,0.17517,-0.096524,0.014386,0.030887,0.092602,-0.031938,-0.0071014,-0.072584,-0.30813,-0.59336,-0.51953,-0.36149,-0.45867,-0.53101,-0.20595,-0.16025,-0.18676,-0.33667,-0.42735,-0.51525,-0.37807,-0.34529,-0.38591,-0.27211,-0.3501,-0.40952,-0.41708,-0.54948,-0.34157,-0.27037,-0.29522,-0.4041,-0.42621,-0.91288,-0.50014,-0.68902
-0.03172,-0.20754,-0.10116,-0.097988,-0.19912,-0.42399,-0.38368,-0.24122,-0.37355,-0.28833,-0.099028,-0.10527,-0.20646,-0.037419,-0.19186,-0.28722,-0.43008,-0.44711,-0.40531,-0.33954,-0.33668,-0.26539,-0.1864,-0.11509,-0.35273,-0.13581,0.04262,0.15973,-0.009216,-0.027373,-0.15337,-0.40043,-0.39988,-0.343,-0.38576,-0.29109,-0.34368,-0.31514,-0.35734,-0.32307,-0.2902,-0.34328,-0.43645,-0.31811,-0.22214,-0.4411,-0.11546,0.067912,0.21389,0.44984,0.077959,-0.30593,-0.66974,-0.40855,-0.25243,0.011945,-0.2619,-0.48767,-0.31409,-0.38603,-0.35833,-0.37021,-0.14924,-0.17365,-0.14,-0.1804,-0.047513,-0.14805,-0.30848,-0.35869,0.080961,-0.17088,-0.14898,-0.1892,-0.26445,-0.51994,-0.028692,-0.030883,-0.229,-0.017415,-0.19779,-0.33974,-0.22415,-0.12074,-0.24412,-0.18506,-0.24325,-0.086049,-0.08005,0.13134,0.34639,0.25426,0.26064,0.2852,0.22303,0.21127,0.41093,0.17738,0.12079,0.15209,0.23809,0.24347,0.19984,0.045636,0.098329,0.11175,0.129,-0.025083,0.020733,0.0665,0.066363,-0.006765,-0.070562,-0.091904,-0.20185,-0.44822,-0.3,-0.33029,-0.37402,-0.56407,-0.50388,-0.29203,-0.091207,-0.098184,0.022744,-0.14983,-0.10213,-0.028139,-0.012696,0.084338,0.1911,0.19836,0.49407,0.52488,0.59545,0.51935,0.057332,0.31337,0.42261,0.36487,0.36755,0.31988,0.42954,0.41044,0.34209,0.41415,0.54829,0.59937,0.63135,0.46751,0.17952,0.28582,0.48311,0.21948,0.19247,0.38458,-0.050927,0.21464,0.68587,-0.0032955,-0.068507,-0.34822,-0.11671,-0.13912,0.0011605,-0.18075,-0.17432,-0.35655,-0.39621,-0.0084878,0.2809,-0.045908,-0.22807,0.02457,-0.068337,0.10593,-0.029588,-0.025395,-0.034405,0.040377,-0.38367,-0.68357,-0.53209,-0.49923,-0.35233,-0.35218,-0.40181,-0.19589,-0.16911,-0.19079,-0.33853,-0.39356,-0.36123,-0.23723,-0.15748,-0.1279,-0.31153,-0.36414,-0.41109,-0.44439,-0.6667,-0.45364,-0.54215,-0.4725,-0.49323,-0.5003,-0.78365,-0.52614,-0.66969
-0.15499,-0.25408,-0.18697,-0.19274,-0.20859,-0.45432,-0.34033,-0.12101,-0.2714,-0.23133,-0.077321,0.096129,-0.1001,-0.0062485,-0.20795,-0.32312,-0.40912,-0.36153,-0.29671,-0.33995,-0.30353,-0.24616,-0.20954,-0.10357,0.013774,0.089127,0.24226,0.4036,-0.060941,0.022366,-0.050885,-0.25848,-0.42362,-0.32376,-0.33463,-0.27285,-0.20543,-0.26314,-0.30856,-0.357,-0.29325,-0.35443,-0.44525,-0.16917,-0.19576,-0.38126,-0.14547,-0.042414,0.24095,0.38147,0.21489,-0.16519,-0.95372,-0.75131,-0.39524,-0.039399,-0.00088015,-0.45512,-0.20252,-0.17822,-0.37594,-0.58061,-0.27139,-0.31272,-0.16276,-0.15342,-0.16731,-0.10731,-0.3752,-0.30041,0.1657,-0.068097,-0.27632,-0.18323,-0.286,-0.30505,-0.14435,-0.029606,-0.40191,-0.11001,-0.24926,-0.33824,-0.049963,0.013082,-0.26403,-0.053979,-0.07306,0.078221,0.0073521,0.01409,0.042221,0.15456,0.032766,0.13643,0.19113,0.16125,0.33677,0.048669,0.073509,0.20691,0.25034,0.1912,0.13318,-0.092275,0.043645,0.017756,0.08449,-0.0011143,-0.0012555,-0.098496,-0.026425,-0.00025611,0.015589,0.021915,-0.077413,-0.35053,-0.2408,-0.14717,-0.29338,-0.73882,-0.60313,-0.39125,-0.24588,-0.26816,0.054833,-0.17066,-0.13249,-0.051453,-0.10188,0.0001888,0.10537,0.12185,0.37655,0.38172,0.23524,0.093357,0.10637,0.083506,0.38443,0.14987,0.13952,0.25617,0.57453,0.57676,0.44158,0.41743,0.33342,0.70207,0.74231,0.47358,0.084915,0.0049113,0.42984,0.046925,0.046687,0.42376,-0.16612,0.11751,0.42101,-0.2354,-0.12399,-0.53571,-0.35602,-0.16328,-0.010715,-0.24915,-0.0022994,0.010984,-0.11565,0.036592,0.068617,-0.23064,-0.23037,-0.15236,0.030597,0.15891,-0.081934,-0.12343,-0.047584,0.042633,-0.65779,-0.89365,-0.43287,-0.49108,-0.36153,-0.28813,-0.26374,-0.21768,-0.22047,-0.21507,-0.36042,-0.31714,-0.22063,-0.13957,0.014083,0.077675,-0.36376,-0.33736,-0.38305,-0.4324,-0.71358,-0.52795,-0.79973,-0.60812,-0.54647,-0.55192,-0.52262,-0.53734,-0.60778
-0.17,-0.22172,-0.18254,-0.15254,-0.00099769,-0.25552,-0.24286,-0.16726,-0.18634,-0.15921,-0.15984,0.034804,-0.063864,0.0018984,-0.15076,-0.24667,-0.29445,-0.28996,-0.2451,-0.24652,-0.28493,-0.2806,-0.1992,0.011954,0.41193,0.38638,0.21719,0.29363,-0.20421,-0.035683,-0.088834,-0.12808,-0.21449,-0.31136,-0.27695,-0.25486,-0.12022,-0.22924,-0.22686,-0.25667,-0.24978,-0.28148,-0.33841,-0.19751,-0.16527,-0.24419,-0.14278,-0.035322,-0.014062,-0.039225,0.15923,-0.15418,-0.50506,-0.50526,-0.2608,-0.15647,0.043965,-0.2867,-0.050822,-0.22647,-0.24732,-0.43142,-0.33365,-0.22759,-0.15356,-0.13204,-0.24783,-0.20314,-0.22779,0.0227,-0.050672,-0.16176,-0.34509,-0.24705,-0.13936,-0.13077,-0.21769,-0.13878,-0.28638,-0.20684,-0.2,-0.26306,-0.035359,-0.047365,-0.021344,-0.09699,-0.037764,0.078711,0.15574,0.045679,0.11364,0.18482,0.0017881,-0.086835,0.18108,0.12506,0.080019,-0.021377,0.070499,0.16629,0.24403,0.10734,0.12213,-0.15171,-0.00067204,-0.066019,-0.046961,-0.02998,-0.054983,-0.17529,-0.13896,-0.039504,0.096791,0.064625,0.025664,-0.07862,-0.14044,-0.0065217,-0.18438,-0.40601,-0.30503,-0.30652,-0.076765,-0.25397,-0.02264,-0.12894,-0.11887,-0.18099,-0.20483,-0.081576,0.014429,0.12407,0.1391,0.27048,0.09535,0.12883,0.15684,0.047566,0.33952,0.11006,0.1549,0.20165,0.26104,0.413,0.33158,0.34817,0.17323,0.51804,0.56883,0.32409,0.25557,0.16211,0.090499,0.030615,0.22894,0.16743,0.053456,-0.045667,0.15645,-0.2219,-0.22632,-0.71469,-0.34428,-0.25167,-0.074299,-0.18264,-0.047527,-0.0039944,-0.077482,-0.13653,-0.39267,-0.25242,-0.10517,-0.089834,0.14202,0.13724,0.028647,0.0070834,0.0035298,-0.0089919,-0.43662,-0.58289,-0.42942,-0.4961,-0.40735,-0.33158,-0.3657,-0.25559,-0.34262,-0.30836,-0.40946,-0.25151,-0.33973,-0.37326,-0.24537,-0.15749,-0.45287,-0.34844,-0.57345,-0.45001,-0.66921,-0.62913,-0.75137,-0.58039,-0.65785,-0.62116,-0.55382,-0.53592,-0.54593
-0.18814,-0.20068,-0.17051,-0.085062,0.17749,-0.061847,-0.094234,-0.19802,-0.10259,-0.10363,-0.17372,-0.12638,-0.042187,-0.026083,-0.10658,-0.15375,-0.20057,-0.22559,-0.22007,-0.15768,-0.26664,-0.31919,-0.1553,0.067373,0.61905,0.4568,0.067599,0.15493,-0.29619,-0.10701,-0.17083,-0.026229,-0.032681,-0.24247,-0.1804,-0.22506,-0.092259,-0.17685,-0.14921,-0.14733,-0.19288,-0.17373,-0.20796,-0.25965,-0.094205,-0.20716,-0.12509,-0.014593,-0.30585,-0.35088,0.028063,-0.13175,-0.0023169,-0.20428,-0.077882,-0.23171,0.040393,-0.048172,0.05502,-0.29327,-0.079377,-0.22542,-0.31975,-0.10057,-0.12262,-0.084037,-0.26163,-0.26144,-0.0088669,0.20905,-0.27266,-0.22289,-0.43154,-0.28546,-0.0064505,-0.031869,-0.2466,-0.23224,-0.10547,-0.31337,-0.13654,-0.14545,-0.059424,-0.088208,0.13203,-0.20141,-0.033402,0.074981,0.23088,0.11552,0.24812,0.14229,-0.004505,-0.24984,0.15735,0.057322,-0.10227,-0.049599,0.063355,0.11617,0.17552,0.035763,0.12476,-0.14567,-0.030883,-0.13298,-0.14657,-0.062165,-0.11846,-0.21675,-0.23789,-0.08625,0.085789,0.048418,0.076944,0.13487,-0.059303,0.090695,-0.077552,-0.021307,-0.032745,-0.17528,0.12343,-0.17119,-0.12395,-0.10819,-0.1114,-0.22621,-0.26045,-0.1297,-0.068079,0.12937,-0.075725,0.14761,0.04421,0.2601,0.16473,0.085639,0.32038,0.17616,0.20326,0.16726,-0.010091,0.25687,0.18364,0.2456,0.05783,0.29975,0.32151,0.16458,0.45712,0.29096,-0.2102,0.12415,0.39478,-0.025935,0.29352,-0.20614,-0.0057551,-0.1514,-0.36081,-0.76332,-0.28618,-0.34226,-0.1804,-0.14748,-0.16776,-0.085143,-0.13839,-0.34256,-0.84331,-0.2077,-0.03667,-0.054109,0.12898,0.093363,0.12851,0.095514,0.019866,-0.063943,-0.12096,-0.22,-0.44655,-0.49131,-0.44696,-0.41064,-0.46686,-0.30735,-0.44531,-0.36059,-0.35867,-0.20624,-0.46725,-0.60551,-0.61621,-0.43678,-0.55088,-0.36802,-0.75416,-0.47112,-0.57418,-0.66592,-0.60657,-0.52319,-0.72588,-0.65769,-0.6722,-0.54105,-0.48052
-0.44839,-0.28192,-0.20086,-0.13606,0.054036,0.013935,0.10626,0.0073975,-0.042128,-0.080214,-0.10633,-0.24639,-0.05766,-0.24347,-0.119,-0.13335,-0.2578,-0.2271,-0.26782,-0.14174,-0.22795,-0.31789,-0.20149,-0.18884,0.15038,0.021503,0.069203,0.13451,-0.17393,-0.03266,-0.27118,-0.061654,-0.097634,-0.063,0.011169,-0.13887,-0.22714,-0.10724,-0.16069,-0.12605,-0.14896,-0.091574,-0.13596,-0.26589,-0.17469,-0.22572,-0.13567,-0.048356,-0.12565,-0.34365,-0.027246,-0.062996,0.050388,-0.18387,-0.10481,0.024869,-0.044929,-0.068265,0.032331,-0.15229,-0.03527,-0.07708,-0.14499,-0.064315,0.017199,0.091407,-0.083676,-0.10636,0.06663,0.023616,-0.18998,-0.1732,-0.21759,-0.27829,-0.1823,-0.10958,-0.20225,-0.17149,-0.054048,-0.40434,-0.099331,-0.023148,-0.069494,-0.11179,-0.083222,-0.1657,0.026957,0.11823,0.03532,0.16965,0.17103,-0.26361,-0.11364,-0.36837,0.0818,0.055624,-0.024199,-0.07259,0.011975,0.04003,0.026268,0.023851,0.14606,0.01963,-0.046378,-0.093444,-0.065758,-0.057128,-0.15204,-0.19618,-0.27321,-0.20418,-0.1394,-0.098887,-0.018837,0.055629,-0.079687,0.039909,0.035105,0.033378,-0.01396,-0.19519,0.072527,-0.13684,-0.31787,-0.22284,-0.14034,0.051221,-0.17614,-0.078321,-0.14302,0.060942,-0.034193,-0.045147,-0.0035027,0.20694,0.13041,0.22451,0.40554,0.36891,0.26948,0.24373,0.19316,0.36759,0.23792,0.11753,0.063032,0.27907,0.16426,0.1506,0.23884,0.23826,0.074853,0.26832,0.60024,-0.012846,0.33198,-0.18905,-0.046239,-0.21705,-0.38227,-0.50885,-0.29494,-0.42095,-0.39258,-0.32006,-0.37068,-0.1635,-0.25098,-0.49264,-0.86889,-0.19947,-0.23802,-0.27649,-0.12042,-0.02363,0.052461,-0.012599,-0.075815,-0.08848,-0.045878,-0.070554,-0.44442,-0.47492,-0.43544,-0.49572,-0.47367,-0.43278,-0.41487,-0.24346,-0.21387,-0.17485,-0.36986,-0.61248,-0.65877,-0.52264,-0.66378,-0.43354,-0.63504,-0.53048,-0.46792,-0.55282,-0.50877,-0.53928,-0.64652,-0.6799,-0.76412,-0.57943,-0.46634
-0.72816,-0.35792,-0.24638,-0.22363,-0.12636,0.021295,0.23133,0.16018,0.046643,-0.044681,-0.10328,-0.32414,-0.07275,-0.37692,-0.12246,-0.14887,-0.32065,-0.23411,-0.26631,-0.12159,-0.17541,-0.29326,-0.29898,-0.46465,-0.38078,-0.33449,0.11525,0.052912,-0.058297,0.051954,-0.31619,-0.13417,-0.15158,0.08078,0.22162,-0.053831,-0.32235,-0.11662,-0.1978,-0.1085,-0.087674,-0.028407,-0.08584,-0.23787,-0.25759,-0.19993,-0.13662,-0.073351,0.17584,-0.2855,-0.025379,-0.03656,-0.026792,-0.23752,-0.12498,0.29091,-0.13422,-0.14093,0.052921,0.031575,-0.019501,0.054677,0.016166,-0.024527,0.15248,0.24631,0.11018,0.086945,0.056423,-0.15079,-0.046486,-0.11003,0.051825,-0.26201,-0.37686,-0.20708,-0.17769,-0.1029,-0.061935,-0.42094,-0.056929,0.054512,-0.068344,-0.13425,-0.28381,-0.086797,0.080486,0.11707,-0.089909,0.20717,0.054676,-0.50168,-0.19237,-0.44876,-0.017685,0.10072,0.075885,-0.082437,-0.043382,-0.045533,-0.078941,0.027647,0.12449,0.12576,-0.044358,-0.046708,0.040074,-0.077242,-0.17377,-0.19427,-0.2583,-0.29756,-0.32477,-0.25705,-0.12546,-0.056841,-0.13777,-0.044843,0.071861,-0.0024084,-0.04567,-0.19584,-0.02211,-0.11704,-0.49788,-0.27437,-0.1325,0.26295,-0.035262,-0.010594,-0.13012,-0.031473,0.073229,-0.15098,-0.037918,0.083746,0.12397,0.35708,0.45607,0.46455,0.33095,0.31331,0.41339,0.44206,0.29987,0.012873,0.061302,0.24048,0.045512,0.15595,-0.031718,0.23055,0.43151,0.38803,0.74675,0.047528,0.31199,-0.13625,-0.098673,-0.29504,-0.32992,-0.24857,-0.32331,-0.56052,-0.55606,-0.48149,-0.50448,-0.28804,-0.34779,-0.53241,-0.65555,-0.25145,-0.45359,-0.49693,-0.32594,-0.11964,-0.10693,-0.19621,-0.1969,-0.064914,-0.040774,-0.032483,-0.38715,-0.43048,-0.42941,-0.51967,-0.49341,-0.52963,-0.33439,-0.094847,-0.14738,-0.13714,-0.24045,-0.58081,-0.52955,-0.5536,-0.71392,-0.51334,-0.45095,-0.57083,-0.37591,-0.44217,-0.4303,-0.54232,-0.54359,-0.65174,-0.78447,-0.58394,-0.47945
-0.70808,-0.34377,-0.40129,-0.23879,-0.20502,-0.12851,0.044486,0.008034,0.33273,-0.011754,-0.18973,-0.26879,-0.010108,-0.062134,-0.045584,-0.17628,-0.29402,-0.16343,-0.15151,-0.042481,-0.1114,-0.2348,-0.28172,-0.42484,-0.39696,-0.27349,-0.076043,-0.17568,-0.082832,-0.035086,-0.2227,-0.12243,-0.00053149,0.12647,0.31788,0.032739,-0.18494,-0.22854,-0.19383,-0.026222,0.053719,-0.014443,-0.085159,-0.12549,-0.13818,-0.19161,-0.13406,-0.039274,0.11963,-0.19231,-0.06037,-0.10775,-0.038988,-0.26034,0.054942,0.21235,0.01228,0.021909,0.2247,0.18177,0.040551,0.033737,-0.016983,0.0091167,0.15371,0.14433,0.16202,0.22174,0.10683,0.015422,0.02658,-0.025284,0.073897,-0.18159,-0.27662,-0.23758,-0.25611,-0.18328,-0.098467,-0.25842,-0.073051,0.053845,-0.00088947,-0.054048,-0.19944,-0.008278,0.057467,0.037235,0.063393,0.17944,0.093219,-0.039028,-0.065048,-0.22644,-0.20296,0.11776,0.073732,-0.037794,-0.11241,-0.095852,-0.066181,-0.001812,-0.092514,-0.030399,-0.10267,-0.093042,0.044894,-0.17043,-0.29171,-0.36737,-0.14278,-0.19959,-0.28211,-0.25634,-0.11684,-0.089641,-0.11054,-0.064435,-0.15119,-0.09152,-0.060352,-0.024371,-0.025788,-0.017053,-0.2236,-0.042457,0.0094423,0.099871,0.15787,0.039963,0.071276,0.0048141,0.19571,0.055764,-0.035097,0.010915,0.21195,0.30631,0.27729,0.28089,0.28324,0.22412,0.37717,0.33118,0.20552,0.0015545,-0.13653,0.060781,0.010965,0.042082,0.059921,0.19111,0.40143,0.42368,0.64162,0.27745,0.19135,-0.20681,-0.18163,-0.32015,-0.24479,-0.24714,-0.4493,-0.6851,-0.52054,-0.43273,-0.43537,-0.35452,-0.33052,-0.29392,-0.40623,-0.34208,-0.43763,-0.51612,-0.20049,-0.028493,-0.34899,-0.49368,-0.2134,0.06681,-0.071576,-0.14815,-0.26234,-0.39793,-0.48979,-0.35031,-0.53143,-0.49949,-0.27166,-0.077036,-0.04166,-0.13411,-0.18605,-0.50052,-0.36535,-0.52289,-0.63267,-0.59553,-0.43078,-0.45856,-0.35124,-0.48496,-0.52384,-0.4849,-0.46855,-0.54923,-0.6098,-0.48341,-0.52784
-0.58552,-0.32046,-0.53839,-0.24124,-0.2642,-0.29916,-0.20402,-0.17529,0.509,-0.033353,-0.27865,-0.14454,0.045375,0.21978,-0.016614,-0.15288,-0.20506,-0.032457,-0.035381,0.025635,-0.059976,-0.18283,-0.14964,-0.27457,-0.25536,-0.15715,-0.27583,-0.33463,-0.09646,-0.11932,-0.14767,-0.098807,0.088773,0.11158,0.26471,0.080227,-0.044108,-0.26056,-0.17472,0.035152,0.14774,-0.0057761,-0.066508,-0.018158,-0.034034,-0.17452,-0.12137,0.043722,0.025635,-0.088887,-0.172,-0.17402,-0.04212,-0.2251,0.21035,0.04601,0.18001,0.23652,0.32186,0.27713,0.08578,-0.017335,-0.05734,0.061165,0.14242,0.011161,0.19173,0.24666,0.13216,0.21277,0.060192,0.044886,0.047603,-0.093304,-0.11107,-0.23019,-0.31294,-0.26063,-0.14379,-0.090705,-0.10205,0.013162,0.049475,0.0092513,-0.091268,0.037469,0.033234,-0.0083211,0.20784,0.12272,0.15466,0.36785,0.12763,0.029066,-0.31033,0.10566,0.046561,0.021383,-0.10201,-0.080215,0.046298,-0.022923,-0.29363,-0.13208,-0.16703,-0.11603,0.015351,-0.25513,-0.42807,-0.47104,-0.031081,-0.073346,-0.19596,-0.19915,-0.085325,-0.12929,-0.046301,-0.053762,-0.34255,-0.11856,-0.010714,0.14268,0.0042643,0.10244,0.14082,0.18218,0.10299,-0.049861,0.30316,0.080548,0.24674,0.093372,0.32732,0.25531,-0.0057109,-0.023269,0.26333,0.18895,0.068011,0.13841,0.21656,0.098135,0.18592,0.18825,0.096883,0.055258,-0.24479,-0.041698,0.078754,-0.032881,0.23484,0.13485,0.30426,0.33492,0.48528,0.49952,0.028663,-0.25721,-0.21228,-0.2545,-0.20033,-0.29373,-0.52629,-0.63093,-0.40955,-0.32603,-0.37719,-0.34498,-0.29521,-0.039773,-0.2722,-0.41818,-0.34037,-0.44568,-0.033753,0.011067,-0.53408,-0.71322,-0.14624,0.12001,-0.12962,-0.25117,-0.18105,-0.34284,-0.54627,-0.22419,-0.51422,-0.37929,-0.18476,-0.12847,0.032687,-0.2141,-0.19421,-0.45352,-0.31752,-0.41486,-0.47865,-0.63188,-0.4498,-0.30811,-0.35131,-0.53709,-0.66022,-0.45544,-0.40101,-0.49288,-0.42182,-0.38797,-0.56898
-0.45027,-0.3439,-0.44784,-0.29415,-0.32576,-0.33509,-0.25491,-0.22545,0.13604,-0.15696,-0.28201,-0.09792,-0.053418,0.097857,-0.22456,0.036243,-0.0057684,0.1019,0.046785,0.014106,-0.07353,-0.11397,-0.02013,-0.09028,-0.14044,-0.11477,-0.24887,-0.15593,-0.02779,-0.11163,-0.17959,-0.11081,-0.10289,-0.10141,-0.082182,-0.023071,-0.030025,-0.12621,-0.17819,-0.036968,0.045105,0.082725,0.095499,-0.057971,-0.10523,-0.10007,0.00017316,0.2179,0.16602,0.098753,-0.25345,-0.17474,-0.088409,-0.12323,0.14152,-0.055559,0.15835,0.31623,0.15463,0.19836,0.13161,0.0094043,0.034153,0.2835,0.25011,-0.010979,0.26703,0.018443,-0.038876,0.12745,-0.0017863,0.004487,0.044944,-0.022809,-0.010175,-0.12843,-0.20415,-0.33025,-0.22163,-0.091746,-0.052436,-0.13757,-0.036923,-0.028868,-0.15641,-0.027857,0.1019,0.024329,0.17389,0.067119,0.023426,0.20565,0.13346,0.12306,-0.11913,0.043556,0.019518,0.080538,0.20752,0.047331,0.3331,0.020414,-0.18681,-0.06909,-0.11686,-0.0038356,-0.0073267,-0.2558,-0.29867,-0.24474,-0.069475,-0.024694,-0.049369,-0.18232,-0.089628,-0.13605,-0.011791,0.018018,-0.15041,0.0049317,0.10649,0.19754,0.12861,0.093632,0.037336,0.16609,-0.051437,0.0064062,0.28616,0.074215,0.31637,0.0054634,0.20243,0.18658,0.043379,-0.026566,0.16347,0.10659,0.060525,0.1859,0.19145,0.02595,-0.17234,0.074035,0.028208,0.18749,0.10883,0.03109,0.23735,0.13255,0.35442,0.22963,0.32133,0.053111,0.2529,0.43122,-0.049374,-0.16901,0.054605,0.042298,-0.33637,-0.28597,-0.24467,-0.38286,-0.243,-0.29549,-0.33715,-0.28795,-0.32252,-0.12007,-0.29769,-0.36464,-0.2836,-0.33182,-0.15316,-0.2264,-0.48407,-0.5768,-0.14024,-0.16945,-0.16087,-0.24299,-0.042181,-0.33062,-0.52204,-0.41506,-0.28288,-0.052006,0.00052741,-0.17614,-0.19142,-0.43257,-0.39414,-0.67748,-0.485,-0.23339,-0.16548,-0.45187,-0.36397,-0.1963,-0.40066,-0.48259,-0.69591,-0.58852,-0.36085,-0.49925,-0.4341,-0.40448,-0.54173
-0.31517,-0.37486,-0.35493,-0.34844,-0.34949,-0.30285,-0.25129,-0.24272,-0.25456,-0.21739,-0.18224,-0.076129,-0.12161,-0.017463,-0.33826,0.26289,0.18149,0.20256,0.12486,0.024157,-0.045175,0.0020894,0.039092,0.091523,-0.048974,-0.070897,-0.16274,0.043886,0.035866,-0.094109,-0.20713,-0.13636,-0.28725,-0.25845,-0.37151,-0.1002,0.00045199,0.020397,-0.18113,-0.11509,-0.051867,0.18067,0.23972,-0.088876,-0.15826,-0.0013351,0.14037,0.33095,0.25008,0.22282,-0.24731,-0.16035,-0.12932,-0.034829,0.048638,-0.095077,0.17229,0.21898,-0.027874,0.13005,0.24465,0.059849,0.16881,0.46042,0.32373,-0.052474,0.28356,-0.18619,-0.19329,-0.00076457,-0.04824,-0.038264,0.057393,0.023716,0.049061,-0.055009,-0.056037,-0.34559,-0.27998,-0.12474,-0.041736,-0.25884,-0.11707,-0.058379,-0.24203,-0.062615,0.15677,0.061896,0.084321,0.017156,-0.13066,0.014787,0.062701,0.19323,0.085612,-0.003167,-0.0088696,0.096584,0.46121,0.14341,0.56138,0.066522,-0.01642,-0.028505,-0.058118,0.078275,-0.041735,-0.21755,-0.029124,0.0020796,-0.15297,-0.02923,0.11198,-0.17448,-0.086196,-0.058423,0.071082,0.11871,0.060899,0.079669,0.20099,0.20427,0.25471,0.024709,-0.15779,0.1273,-0.19063,0.048135,0.18636,0.014342,0.32656,-0.11664,-0.072779,0.072955,0.0387,-0.079926,0.014908,0.024731,0.12266,0.24728,0.12435,-0.061698,-0.34518,0.063599,0.02708,0.27852,0.41894,0.065462,0.35577,0.29375,0.37245,0.28241,0.24117,-0.2587,0.0097443,0.17205,-0.081327,-0.060285,0.33121,0.26726,-0.47578,-0.26221,0.0748,-0.21178,-0.10681,-0.27297,-0.28773,-0.24951,-0.3453,-0.27676,-0.32055,-0.2795,-0.22045,-0.23084,-0.30253,-0.36944,-0.36472,-0.33897,-0.167,-0.44709,-0.17315,-0.23303,0.13194,-0.37623,-0.45128,-0.57018,-0.031872,0.20733,0.085202,-0.27279,-0.45582,-0.60795,-0.58132,-0.8993,-0.50793,-0.10721,0.0070426,-0.25955,-0.29309,-0.21277,-0.44865,-0.3576,-0.65309,-0.71703,-0.40514,-0.54359,-0.5751,-0.42769,-0.4293
-0.33738,-0.41984,-0.43236,-0.34529,-0.28365,-0.26217,-0.26032,-0.18172,-0.19372,-0.065542,-0.037916,0.048116,0.056818,0.11814,-0.032885,0.35088,0.22135,0.26543,0.23483,0.1665,0.14393,0.058312,0.026944,0.14239,-0.018181,-0.047731,-0.10225,-0.010212,0.033183,-0.036909,-0.16658,-0.13197,-0.25008,-0.15078,-0.23429,0.013613,0.14297,0.030202,-0.13237,-0.072448,0.006842,0.16235,0.23633,0.044157,-0.031744,0.085726,0.13084,0.2066,0.089429,0.12328,-0.17266,-0.11213,-0.09841,0.050437,0.10037,0.015514,0.2598,-0.055431,-0.032701,0.25959,0.37649,0.22392,0.27261,0.32664,0.2069,-0.0272,0.15754,-0.12417,-0.10668,-0.0067856,0.036997,0.045096,0.061709,-0.076792,0.024184,-0.16899,-0.0014963,-0.14715,-0.22459,-0.11667,-0.11063,-0.17258,-0.06571,-0.029026,-0.13897,-0.035369,0.09972,0.07395,0.0052609,-0.031986,-0.09942,0.019256,0.061501,0.12821,0.10086,0.022304,-0.090106,-0.016632,0.25941,0.13278,0.43081,0.061584,-0.01226,-0.047435,-0.088425,-0.055868,-0.11845,-0.12631,0.042169,0.057208,-0.19482,-0.1221,0.1032,-0.14333,-0.022287,0.0559,0.2427,0.22174,-0.028577,0.022587,0.27162,0.16047,0.22583,0.007216,-0.096449,0.18864,-0.13138,-0.063824,0.03128,-0.12211,0.16916,-0.16478,-0.19586,0.012217,-0.10555,-0.16697,-0.11866,-0.073968,0.15163,0.23555,-0.014774,-0.17558,0.0030938,0.26534,0.081996,0.20876,0.25044,0.010409,0.2777,0.19822,0.19317,0.036478,-0.12725,-0.44998,-0.16909,-0.26132,-0.081104,-0.036638,0.14062,0.10328,-0.4094,-0.26176,0.0084832,-0.24279,-0.16464,-0.17035,-0.30987,-0.28533,-0.32247,-0.31269,-0.25734,-0.31599,-0.1329,-0.1499,-0.19542,-0.16923,-0.26615,-0.20618,-0.10752,-0.37153,-0.1643,-0.23276,0.062231,-0.24729,-0.32697,-0.38818,-0.048374,0.020088,-0.15344,-0.39155,-0.48371,-0.60422,-0.49448,-0.79899,-0.42591,-0.19802,-0.35632,-0.33158,-0.44289,-0.49483,-0.37314,-0.13246,-0.43758,-0.69587,-0.61711,-0.66506,-0.64946,-0.34769,-0.20723
-0.4189,-0.49297,-0.53099,-0.31585,-0.1798,-0.22709,-0.26005,-0.073294,-0.0036315,0.14128,0.082207,0.2226,0.31461,0.33431,0.38947,0.37838,0.22165,0.32383,0.36258,0.35642,0.38155,0.057262,0.00096528,0.14063,0.0012245,-0.038329,-0.068969,-0.10999,0.014925,0.057868,-0.14975,-0.094513,-0.13233,-0.020723,0.0030563,0.18531,0.30327,-0.011334,-0.078159,-0.0066092,0.10684,0.092527,0.21995,0.21521,0.15106,0.15748,0.054178,0.008391,-0.14709,-0.004467,-0.084311,-0.045454,-0.042789,0.14963,0.19571,0.19638,0.2583,-0.35481,0.030075,0.44657,0.47038,0.47369,0.34491,0.096158,0.042528,0.052809,0.0073852,0.0069672,0.033196,0.017881,0.15563,0.16795,0.0064962,-0.24569,-0.02614,-0.35062,0.049189,0.099462,-0.12818,-0.11181,-0.15539,-0.030328,0.017478,0.0012203,0.061729,-0.033132,0.019902,0.07574,-0.07375,-0.092082,-0.0083449,0.037068,0.10585,-0.010277,0.082382,0.059252,-0.22594,-0.17783,-0.079019,0.12799,0.17194,0.059734,-0.049116,-0.077354,-0.14693,-0.26995,-0.22139,0.0085564,-0.023887,0.089644,-0.23706,-0.22341,0.050695,-0.1068,0.077835,0.15298,0.38597,0.3242,-0.20524,-0.046748,0.33442,0.10156,0.13556,0.018236,0.055667,0.27227,-0.052901,-0.26518,-0.14608,-0.28544,-0.06365,-0.23916,-0.22307,-0.055222,-0.30887,-0.23735,-0.25687,-0.1703,0.16623,0.19097,-0.15225,-0.27952,0.57172,0.5432,0.11715,0.12504,-0.01833,-0.011169,0.12117,-0.0019142,-0.021468,-0.35833,-0.59841,-0.59807,-0.37845,-0.73115,-0.042476,-0.065509,-0.21049,-0.18189,-0.24961,-0.2856,-0.20301,-0.30126,-0.28833,-0.036656,-0.36074,-0.33875,-0.29159,-0.32304,-0.17388,-0.38843,-0.042199,-0.051578,0.028061,0.097472,-0.1552,-0.10595,-0.032979,-0.22358,-0.15336,-0.23037,-0.13459,-0.0070941,-0.14727,-0.091866,-0.16776,-0.30349,-0.49193,-0.47501,-0.41558,-0.5755,-0.32713,-0.5495,-0.47252,-0.36717,-0.87632,-0.50382,-0.71935,-0.84253,-0.2245,0.1315,-0.16504,-0.67425,-0.87981,-0.81015,-0.63181,-0.19804,0.042101
