-0.25714,-0.18844,-0.3116,-0.21993,-0.25678,-0.19465,-0.11085,0.035005,0.14492,0.22485,0.30006,-0.0051407,-0.22925,-0.24543,-0.16785,-0.17852,-0.27114,-0.18683,-0.58129,-0.52209,-0.44624,-0.54333,-0.61889,-0.8031,-0.66094,-0.80944,-0.2886,-0.73998,-0.58898,-0.42212,-0.055143,-0.079941,-0.035321,0.21056,-0.022425,-0.27062,-0.42519,-0.39877,-0.2567,-0.34875,-0.60486,-0.49678,-0.37458,-0.2584,-0.20324,-0.31209,-0.33391,-0.31091,-0.12898,-0.1702,-0.21631,-0.11367,-0.027939,0.029209,-0.13909,-0.1055,-0.27224,0.094398,0.022398,-0.37286,-0.25203,-0.28208,-0.63264,-0.18945,-0.26338,-0.25622,-0.22207,-0.19153,-0.082907,-0.22198,-0.47298,-0.11943,-0.019528,-0.21851,-0.066049,-0.25321,0.0039827,0.33959,0.41456,0.42947,0.26937,0.33395,0.38647,0.33227,0.27375,0.049207,0.20113,0.16456,0.33015,0.30322,0.34365,0.40203,0.43225,0.42908,0.3397,0.18452,-0.066008,-0.27008,-0.034871,-0.21089,-0.34321,-0.27606,-0.080363,0.17096,-0.12173,-0.1981,-0.45593,-0.39721,-0.41937,-0.32073,-0.25812,-0.31291,-0.39699,-0.057039,-0.42229,-0.079417,-0.4814,0.18318,0.31129,0.16815,0.60493,0.25919,0.045098,0.25883,0.33292,-0.15006,-0.051434,-0.084433,-0.10439,0.026951,-0.12976,-0.37606,-0.41319,-0.20285,-0.24659,-0.4266,-0.31166,-0.47032,-0.43936,-0.32975,-0.29745,-0.29843,-0.14929,-0.33894,-0.29599,-0.29141,-0.24634,-0.14394,-0.030923,-0.067007,-0.49221,-0.16905,0.11306,-0.079274,-0.0099524,-0.034408,0.062358,-0.23877,-0.39941,-0.60153,-0.54554,-0.52983,-0.23363,0.054568,0.095593,0.0268,0.044928,-0.065667,-0.085586,-0.2406,-0.25125,-0.31941,-0.37596,-0.48216,-0.34647,-0.50411,-0.498,-0.42752,-0.45985,-0.65887,-0.54507,-0.52654,-0.70935,-0.80192,-0.70062,-0.67914,-0.74158,-0.6144,-0.30503,-0.48226,-0.47776,-0.81018,-0.41524,-0.64059,-0.63937,-0.40492,-0.63959,-0.36897,-0.28654,-0.15718,-0.45009,-0.39842,-0.28439,-0.42977,-0.32945,-0.17782,-0.1598,-0.12165,-0.1349
-0.32643,-0.20198,-0.37938,-0.28445,-0.1181,-0.056964,-0.10356,-0.035915,0.049822,0.017888,0.23616,-0.071682,-0.002912,-0.12149,-0.081716,-0.037777,-0.14732,-0.19167,-0.44285,-0.40235,-0.26855,-0.38083,-0.67979,-0.66984,-0.6975,-0.72742,-0.34991,-0.72537,-0.58181,-0.3448,-0.13425,-0.050265,-0.072576,-0.034761,-0.096898,-0.27775,-0.35124,-0.44567,-0.28936,-0.31997,-0.55296,-0.40933,-0.37379,-0.35717,-0.29047,-0.4082,-0.41453,-0.3443,-0.24425,-0.25984,-0.38388,-0.041664,0.0095791,-0.047266,-0.21396,-0.069318,-0.15326,-0.057154,0.10455,-0.17947,-0.18282,-0.13373,-0.54677,-0.12059,-0.31061,-0.18554,-0.075619,-0.13651,-0.0084066,-0.11935,-0.21013,0.033903,-0.0094943,-0.05669,-0.25535,-0.26697,0.007671,0.1703,0.21433,0.1905,0.044413,0.12779,0.29985,0.39294,0.32634,0.1445,0.17644,0.18427,0.25979,0.21066,0.18486,0.25339,0.41282,0.39097,0.29073,0.18889,0.083488,-0.065442,0.12042,-0.25341,-0.089954,-0.20905,-0.036474,0.17257,-0.047015,-0.10885,-0.24916,-0.28862,-0.33582,-0.32201,-0.25367,-0.3914,-0.70332,-0.13368,-0.3557,-0.20522,-0.18584,0.21723,0.31329,0.34317,0.36838,0.16207,0.010905,0.025498,0.31811,0.42333,0.19902,0.13625,-0.14289,-0.021841,-0.21137,-0.39861,-0.34965,-0.13468,-0.17554,-0.3184,-0.29796,-0.31639,-0.36604,-0.3661,-0.28584,-0.27797,-0.059723,-0.27279,-0.21416,-0.16502,-0.24043,-0.24723,-0.039597,-0.031301,-0.34757,-0.21294,-0.094377,-0.20909,-0.11633,-0.20361,0.002599,-0.11128,-0.23649,-0.33659,-0.37058,-0.34842,-0.11683,-0.086157,0.10172,0.027384,-0.013411,-0.059436,-0.078378,-0.15307,-0.19358,-0.27658,-0.31179,-0.48641,-0.45238,-0.53467,-0.52146,-0.4933,-0.41209,-0.64891,-0.62146,-0.41397,-0.68236,-0.80066,-0.65612,-0.61139,-0.66304,-0.5691,-0.33206,-0.52918,-0.48115,-0.5797,-0.38721,-0.49991,-0.51855,-0.47223,-0.52901,-0.38743,-0.32212,-0.4179,-0.33915,-0.46256,-0.41456,-0.3525,-0.3028,-0.28139,-0.14026,-0.042481,-0.17801
-0.39572,-0.24827,-0.39238,-0.3744,0.021082,0.051795,-0.12172,-0.098536,-0.040146,-0.2243,0.19648,-0.15092,0.22549,-0.0034849,-0.0086832,0.10434,-0.02522,-0.19572,-0.20683,-0.32717,-0.079384,-0.31874,-0.6786,-0.54712,-0.6896,-0.72848,-0.40179,-0.71873,-0.58311,-0.26576,-0.2022,-0.026294,-0.1226,-0.23372,-0.14559,-0.28784,-0.26925,-0.44646,-0.36775,-0.28651,-0.50395,-0.31005,-0.41298,-0.45461,-0.36565,-0.53531,-0.48164,-0.37769,-0.37336,-0.32271,-0.61952,0.033221,0.014191,-0.090223,-0.28758,-0.030978,-0.09838,-0.13569,0.18881,0.010104,-0.092677,0.0046826,-0.46437,-0.056541,-0.36891,-0.14224,0.066063,-0.077841,0.048469,0.024732,0.07612,0.1748,0.016304,0.08484,-0.45476,-0.28233,0.0044322,0.0085967,0.0067232,-0.054721,-0.10812,-0.091605,0.22012,0.47053,0.36968,0.23626,0.14953,0.18766,0.19541,0.11475,0.025481,0.13754,0.3644,0.34238,0.24175,0.2034,0.23661,0.12582,0.27424,-0.26938,0.20561,-0.15136,0.0049513,0.15325,0.060542,-0.0165,-0.042551,-0.18557,-0.26822,-0.32874,-0.24762,-0.55936,-0.96636,-0.20374,-0.30089,-0.27961,0.18209,0.23902,0.31744,0.463,0.16968,0.067087,-0.050328,-0.10129,0.30659,1,0.42787,0.3302,-0.18417,-0.068017,-0.29794,-0.36949,-0.27623,-0.066449,-0.10478,-0.22838,-0.2809,-0.16158,-0.30667,-0.37828,-0.27241,-0.2575,0.018515,-0.12799,-0.18983,-0.04204,-0.19878,-0.30069,-0.086141,0.004651,-0.19159,-0.28932,-0.31616,-0.33639,-0.23703,-0.33638,-0.054355,0.015217,-0.046528,-0.08155,-0.18629,-0.1796,-0.047274,-0.25031,0.11404,0.032183,-0.062713,-0.044245,-0.0756,-0.065586,-0.14973,-0.22974,-0.24902,-0.47609,-0.57209,-0.56865,-0.53785,-0.55361,-0.35192,-0.59072,-0.71304,-0.27187,-0.68703,-0.80272,-0.61133,-0.55569,-0.52435,-0.55681,-0.35909,-0.59915,-0.51845,-0.31633,-0.35841,-0.32303,-0.46188,-0.54988,-0.42172,-0.37696,-0.41261,-0.6924,-0.22506,-0.56102,-0.48082,-0.27453,-0.2873,-0.36565,-0.091799,0.037005,-0.22893
-0.42831,-0.43008,-0.34342,-0.46279,-0.15559,-0.13158,-0.20355,-0.2334,0.029376,-0.092584,0.22612,-0.034646,0.040776,0.054651,0.07722,-0.014744,-0.092422,-0.19087,-0.17254,-0.19972,-0.070435,-0.26125,-0.32658,-0.31908,-0.52387,-0.4758,-0.40623,-0.5584,-0.32189,-0.21511,-0.27995,-0.14417,-0.32227,-0.41861,-0.33906,-0.19368,-0.38838,-0.28993,-0.36939,-0.36248,-0.52436,-0.39876,-0.43912,-0.48101,-0.3409,-0.38759,-0.31202,-0.23399,-0.32,-0.32008,-0.43172,-0.14893,-0.1591,-0.33523,-0.29774,-0.23099,-0.37507,-0.30356,-0.085835,-0.13308,-0.054048,-0.057965,-0.39406,-0.19371,-0.35945,-0.26383,-0.10536,-0.17396,-0.16214,-0.0060238,-0.0096066,0.11167,-0.014675,-0.01915,-0.28129,0.065567,-0.089985,-0.065831,-0.17875,0.031278,-0.05871,0.06582,0.055911,0.062572,0.11483,0.21454,0.091395,0.26298,0.20943,0.24437,0.061568,0.24101,0.16506,0.30601,0.29848,0.19484,0.23,0.17099,0.25772,0.03579,0.26112,-0.003775,-0.038301,0.14262,-0.029428,0.0081009,0.047182,-0.099181,-0.18565,-0.15691,-0.10595,-0.29801,-0.51991,-0.19695,-0.23392,-0.17815,0.18653,0.11024,0.13191,0.13789,0.081518,0.014577,-0.013923,-0.016979,0.23905,0.42787,0.10166,0.13818,-0.015551,0.18456,-0.22982,-0.029009,-0.069768,0.013295,-0.21615,-0.36261,-0.23321,-0.20784,-0.26543,-0.3451,-0.34499,-0.37156,-0.11878,-0.11846,-0.17494,-0.15982,-0.22067,-0.41374,-0.19218,-0.10782,-0.19676,-0.36737,-0.088119,-0.23099,-0.22975,-0.28502,-0.13245,-0.080356,-0.099967,-0.1952,-0.21144,-0.11998,-0.12006,-0.23026,-0.12072,-0.13442,-0.11399,-0.201,-0.19737,-0.17462,-0.25789,-0.25309,-0.22908,-0.25688,-0.36689,-0.29198,-0.38491,-0.4562,-0.40948,-0.62148,-0.60988,-0.40557,-0.65388,-0.72525,-0.61101,-0.50823,-0.46493,-0.52498,-0.44675,-0.55653,-0.44101,-0.41834,-0.4667,-0.41541,-0.42421,-0.41936,-0.23653,-0.22255,-0.15908,-0.34229,-0.27199,-0.37933,-0.33476,-0.35567,-0.4181,-0.49609,-0.26415,-0.064763,-0.51159
-0.4609,-0.57447,-0.35652,-0.54844,-0.33211,-0.32993,-0.30001,-0.38069,0.1017,0.054576,0.29387,0.072574,-0.14822,0.18512,0.096872,-0.14537,-0.15746,-0.17939,-0.16262,-0.050417,-0.073572,-0.12048,-0.0070008,-0.084852,-0.38274,-0.22587,-0.39058,-0.39863,-0.068235,-0.22928,-0.378,-0.25699,-0.53574,-0.6296,-0.48707,-0.088361,-0.52344,-0.19583,-0.35517,-0.4469,-0.51808,-0.56675,-0.44985,-0.50443,-0.31067,-0.18568,-0.14821,-0.090295,-0.27423,-0.31665,-0.1864,-0.33402,-0.31704,-0.56855,-0.31907,-0.43164,-0.644,-0.52619,-0.35821,-0.27206,-0.019921,-0.12703,-0.30993,-0.3197,-0.36566,-0.32556,-0.28882,-0.26592,-0.38564,-0.024131,-0.10639,0.051291,-0.083416,-0.019707,-0.12435,0.40134,-0.15624,-0.24211,-0.34446,0.14171,-0.073912,0.22092,-0.12185,-0.34015,-0.076679,0.1878,0.031823,0.31729,0.21778,0.40374,0.093662,0.32298,0.055934,0.25877,0.3552,0.18371,0.22072,0.2486,0.24206,0.30668,0.25844,0.15677,-0.077678,0.11048,-0.11658,0.038903,0.13581,-0.023532,-0.047597,-0.0011145,0.038372,0.037201,-0.13149,-0.19918,-0.1679,-0.084134,0.17587,-0.028727,-0.036066,-0.15335,-0.06698,-0.027883,0.01899,0.10004,0.046911,-0.14503,-0.22383,0.018084,0.13251,0.44625,-0.11701,0.22766,0.12178,0.08901,-0.32646,-0.46585,-0.18672,-0.25455,-0.22138,-0.33021,-0.42666,-0.48562,-0.22881,-0.1475,-0.13044,-0.27654,-0.27263,-0.55954,-0.27987,-0.22065,-0.26177,-0.37381,0.16784,-0.12068,-0.24729,-0.26335,-0.20177,-0.16814,-0.17035,-0.3123,-0.22872,-0.069075,-0.19246,-0.26856,-0.35001,-0.30611,-0.19299,-0.34745,-0.30924,-0.27085,-0.37108,-0.2255,-0.21173,-0.037242,-0.14442,-0.010072,-0.23408,-0.36723,-0.4624,-0.64812,-0.50314,-0.54439,-0.58063,-0.66284,-0.60893,-0.45393,-0.45528,-0.48476,-0.53441,-0.46836,-0.38885,-0.53376,-0.57681,-0.50174,-0.33348,-0.29297,-0.050345,-0.12429,0.12762,0.019975,-0.31855,-0.18255,-0.24884,-0.44887,-0.53481,-0.69876,-0.38284,-0.16707,-0.78796
-0.58999,-0.49067,-0.34526,-0.34438,-0.35873,-0.28225,-0.13567,-0.30921,-0.14675,-0.15336,-0.033095,-0.035747,-0.246,0.081773,-0.088905,-0.23031,-0.25298,-0.21341,-0.17131,-0.1526,-0.18184,-0.11024,0.033449,-0.083116,-0.18384,-0.30642,-0.26123,-0.1998,-0.14215,-0.2168,-0.37385,-0.32089,-0.4291,-0.60077,-0.39189,-0.17085,-0.44439,-0.24356,-0.30432,-0.37576,-0.3384,-0.38935,-0.34015,-0.36004,-0.18233,-0.15012,-0.16182,-0.18582,-0.29251,-0.37073,-0.1753,-0.26726,-0.25145,-0.40623,-0.2994,-0.53319,-0.6094,-0.41027,-0.37179,-0.35288,-0.19844,-0.33114,-0.39858,-0.22397,-0.30032,-0.34749,-0.33398,-0.38692,-0.43676,-0.16768,-0.24245,-0.19016,-0.24826,-0.25497,-0.12333,0.03651,-0.10663,-0.10076,-0.062612,0.16731,-0.16068,0.18561,0.06872,-0.098634,0.13477,0.27506,0.1925,0.34347,0.16137,0.25322,0.21691,0.31747,0.22263,0.2781,0.32081,0.21998,0.26785,0.31332,0.32459,0.34909,0.30139,0.14724,0.14518,0.17438,-0.01035,0.077835,0.15357,0.02557,0.035012,0.02649,-0.024348,-0.013704,-0.11057,-0.11701,0.0097144,-0.076694,-0.13014,0.015509,-0.035986,-0.062905,-0.10394,-0.06796,-0.036053,0.049384,0.057638,0.13179,-0.13936,0.067879,0.022228,0.33165,-0.18651,0.038863,0.041333,0.024417,-0.21837,-0.28375,-0.22034,-0.25253,-0.22868,-0.28494,-0.38275,-0.32434,-0.27704,-0.25459,-0.22557,-0.27598,-0.29098,-0.43571,-0.16714,-0.18011,-0.13552,-0.13759,0.0028299,-0.14669,-0.29006,-0.21397,-0.013667,-0.069962,-0.029424,-0.19366,-0.11361,-0.22832,-0.074897,-0.25589,-0.30035,-0.15643,-0.094199,-0.22928,-0.24445,-0.062055,-0.1732,-0.12899,-0.32265,-0.24461,-0.11746,-0.1723,-0.29125,-0.50641,-0.45391,-0.66582,-0.56303,-0.56641,-0.58798,-0.65937,-0.57185,-0.28717,-0.31911,-0.47014,-0.46806,-0.52991,-0.42505,-0.60804,-0.65957,-0.60433,-0.31851,-0.34614,-0.18978,-0.21228,-0.043897,-0.0714,-0.17734,-0.25657,-0.27947,-0.41884,-0.41341,-0.57888,-0.28164,-0.19739,-0.49533
-0.71909,-0.38707,-0.31257,-0.13935,-0.38524,-0.19921,0.041659,-0.24221,-0.39507,-0.35197,-0.39694,-0.12135,-0.33803,-0.10067,-0.22422,-0.30141,-0.34995,-0.23077,-0.20365,-0.25907,-0.2819,-0.10298,0.084194,-0.075983,0.011575,-0.41945,-0.075553,0.0084114,-0.21546,-0.23342,-0.39336,-0.38106,-0.3178,-0.54856,-0.29308,-0.25983,-0.35187,-0.27876,-0.23166,-0.30187,-0.15685,-0.19599,-0.22027,-0.21829,-0.072924,-0.10854,-0.18845,-0.28134,-0.3093,-0.41001,-0.15271,-0.20051,-0.19418,-0.27596,-0.28859,-0.63488,-0.56984,-0.31119,-0.39875,-0.43067,-0.3684,-0.62555,-0.46972,-0.13778,-0.23353,-0.41452,-0.37325,-0.50968,-0.46571,-0.35154,-0.37571,-0.44562,-0.37683,-0.55177,-0.091768,-0.30765,-0.094367,0.13565,0.20441,0.171,-0.21662,0.15501,0.26183,0.15798,0.28869,0.38454,0.35555,0.38603,0.066507,0.090188,0.34537,0.31615,0.31281,0.31416,0.28641,0.25574,0.31972,0.36556,0.4085,0.37426,0.35472,0.11512,0.36352,0.24397,0.12751,0.11052,0.17497,0.085919,0.06733,0.066007,-0.089129,-0.045658,-0.074918,-0.031567,0.19309,-0.16777,-0.41159,0.049586,-0.022498,-0.019177,-0.095169,-0.10699,-0.083152,-0.049899,0.1372,0.4066,-0.063592,0.13612,-0.081594,0.2057,-0.28051,-0.071327,-0.042741,-0.036375,-0.11004,-0.12591,-0.27289,-0.25044,-0.23038,-0.26767,-0.32239,-0.16307,-0.36213,-0.32239,-0.32877,-0.27675,-0.29476,-0.26866,-0.072372,-0.13754,0.090725,-0.011979,-0.18287,-0.17456,-0.30993,-0.10382,0.16149,0.031966,0.11489,-0.012621,-0.021281,-0.38214,0.035684,-0.15189,-0.26798,0.0044439,0.0019888,-0.11311,-0.18641,0.14135,0.039088,-0.098463,-0.44605,-0.43177,-0.13698,-0.33868,-0.34768,-0.63732,-0.47048,-0.71028,-0.6208,-0.58792,-0.64076,-0.62408,-0.53579,-0.063759,-0.27109,-0.46918,-0.40171,-0.61717,-0.47075,-0.66973,-0.74107,-0.70228,-0.33602,-0.36537,-0.33114,-0.27972,-0.21494,-0.14096,-0.040093,-0.34196,-0.32134,-0.35751,-0.30076,-0.4236,-0.241,-0.2246,-0.20909
-0.28344,-0.21164,-0.18627,-0.039654,-0.18154,-0.090058,-0.051388,-0.1618,-0.2026,-0.10443,-0.30854,-0.34753,-0.44758,-0.22716,-0.29927,-0.37221,-0.43701,-0.32265,-0.19913,-0.25718,-0.32516,-0.17502,-0.11116,-0.24699,-0.09144,-0.30111,-0.025531,-0.15373,-0.206,-0.39861,-0.36836,-0.49207,-0.35815,-0.47783,-0.38713,-0.29208,-0.36711,-0.30256,-0.33986,-0.35406,-0.25234,-0.19372,-0.23721,-0.19594,-0.091977,-0.14197,-0.18311,-0.31646,-0.39143,-0.56115,-0.23612,-0.16916,-0.17682,-0.2312,-0.28096,-0.50025,-0.53308,-0.39844,-0.4222,-0.32589,-0.2054,-0.46668,-0.37229,-0.13325,-0.28802,-0.41488,-0.41643,-0.31262,-0.3106,-0.21079,-0.1759,-0.28922,-0.14573,-0.23527,-0.21923,-0.22772,0.0042591,-0.247,0.0061017,0.022635,-0.18129,-0.030974,0.011749,0.1378,0.13038,0.1701,0.12737,0.079144,-0.10684,0.076536,0.33874,0.31331,0.31154,0.33102,0.29954,0.32828,0.3408,0.35777,0.48286,0.50375,0.23933,-0.061589,0.053963,0.034078,0.07645,0.077283,0.12915,0.088133,0.040068,0.00072619,-0.097773,-0.076948,-0.14417,-0.063905,0.10178,-0.34823,-0.38757,0.034915,-0.057066,0.017947,-0.051071,-0.126,-0.12344,-0.094211,0.040625,0.20386,-0.1827,0.17156,-0.032389,0.19383,-0.037581,0.00028297,-0.029916,-0.064264,-0.01039,-0.094012,-0.18315,-0.0071007,-0.10666,-0.20383,-0.14133,-0.074198,-0.28487,-0.33424,-0.22071,-0.21331,-0.19409,-0.13753,-0.13109,0.19297,0.43603,0.10456,-0.2409,-0.10521,-0.13929,-0.075397,0.092721,0.036884,0.070755,-0.081473,-0.049996,-0.25258,0.26706,0.030779,0.0084983,0.14294,-0.0024098,-0.064364,-0.020589,0.053943,-0.21201,-0.074516,-0.31834,-0.25442,-0.17158,-0.23732,-0.29612,-0.46243,-0.50628,-0.594,-0.59781,-0.58684,-0.56477,-0.51342,-0.44087,-0.1732,-0.30196,-0.40324,-0.36237,-0.5294,-0.36703,-0.70229,-0.78401,-0.54967,-0.28037,-0.26994,-0.2702,-0.13204,-0.059234,-0.12663,-0.1498,-0.2236,-0.23908,-0.18975,-0.20298,-0.36806,-0.24249,-0.25459,-0.19445
0.1522,-0.067139,-0.025888,0.06012,0.021634,-0.018808,-0.17646,-0.05984,-0.0094356,0.098353,-0.34232,-0.54459,-0.56522,-0.31961,-0.37203,-0.45692,-0.51709,-0.39989,-0.16049,-0.26866,-0.36965,-0.25565,-0.33507,-0.41015,-0.18553,-0.11289,-0.10252,-0.32118,-0.21853,-0.51067,-0.34725,-0.59829,-0.38884,-0.3806,-0.56125,-0.32384,-0.3824,-0.34207,-0.46548,-0.4048,-0.33502,-0.16481,-0.25498,-0.17477,-0.10434,-0.20074,-0.1769,-0.35158,-0.4698,-0.76037,-0.28344,-0.13861,-0.14341,-0.18672,-0.26495,-0.36397,-0.50734,-0.41765,-0.4443,-0.22408,-0.043755,-0.20186,-0.29089,-0.12447,-0.3526,-0.49109,-0.43135,-0.12858,-0.15861,-0.094373,0.029314,-0.10716,0.093447,0.036792,-0.35014,-0.15095,0.048403,-0.67961,-0.18552,-0.10694,-0.21593,-0.19576,-0.23191,0.096198,-0.038538,-0.06667,-0.099857,-0.22722,-0.19431,0.044098,0.33098,0.31699,0.31654,0.3412,0.31267,0.40251,0.35358,0.35851,0.55849,0.62602,0.080824,-0.23271,-0.25726,-0.12352,-0.020749,0.038969,0.081562,0.09004,0.012554,-0.061563,-0.10823,-0.12428,-0.20479,-0.094504,-0.0030206,-0.4418,-0.43237,0.052523,-0.10621,0.070121,-0.016306,-0.14765,-0.15868,-0.13776,-0.050077,0.0020894,-0.26031,0.12767,0.04091,0.18277,0.18964,0.043085,-0.032829,-0.092123,0.076185,-0.066708,-0.032793,0.23623,0.0065296,-0.086108,0.023291,0.014671,-0.22182,-0.36379,-0.10948,-0.14819,-0.11388,-0.038981,-0.15899,0.52694,0.74646,0.23438,-0.30466,-0.028459,-0.0045175,-0.093524,0.028357,0.035058,0.020906,-0.17347,-0.078118,-0.11601,0.54876,0.19435,0.27654,0.25317,-0.006248,-0.025859,0.15168,-0.063305,-0.40538,-0.036397,-0.17206,-0.10581,-0.14619,-0.13199,-0.24673,-0.29176,-0.49359,-0.47999,-0.57574,-0.59604,-0.43831,-0.42478,-0.34697,-0.33965,-0.24749,-0.32403,-0.32303,-0.42166,-0.2911,-0.75324,-0.8239,-0.3844,-0.21734,-0.20008,-0.20814,0.045885,0.056179,-0.13198,-0.25586,-0.088773,-0.15107,-0.045519,-0.10389,-0.31625,-0.27972,-0.27135,-0.17972
0.20158,0.011037,0.13326,0.046619,0.038582,0.061877,-0.25108,-0.22839,-0.17949,-0.054199,-0.35734,-0.44988,-0.36109,-0.20811,-0.31693,-0.44707,-0.37499,-0.28303,-0.26549,-0.3982,-0.3721,-0.33377,-0.33381,-0.42672,-0.22847,-0.18529,-0.28587,-0.34919,-0.36522,-0.42097,-0.36115,-0.43468,-0.29044,-0.25518,-0.38507,-0.29768,-0.30347,-0.27149,-0.37394,-0.32556,-0.29576,-0.23843,-0.22855,-0.10813,-0.0028665,-0.059089,-0.020003,-0.34049,-0.53521,-0.78455,-0.33639,-0.34293,-0.21075,-0.45126,-0.19816,-0.225,-0.35341,-0.26857,-0.29241,-0.28554,-0.11471,-0.20208,-0.19243,-0.054671,-0.22074,-0.34072,-0.37412,-0.15557,-0.17822,-0.38169,-0.34877,-0.36941,-0.17108,-0.15881,-0.35682,-0.21085,-0.088781,-0.52441,-0.10837,-0.1163,-0.25064,-0.14507,-0.138,0.034899,-0.032193,-0.050067,-0.25754,-0.15505,-0.21729,0.13581,0.27269,0.26718,0.29855,0.24669,0.33105,0.34292,0.30842,0.4089,0.4392,0.44169,0.30074,0.074983,-0.18607,-0.14217,0.038878,-0.062383,-0.12537,0.11237,0.13572,-0.062791,-0.09453,-0.12009,-0.12563,-0.21967,-0.15408,-0.28208,-0.2415,-0.053995,-0.18549,-0.07649,-0.0050522,-0.019934,-0.073128,-0.10729,-0.049739,-0.11879,-0.27718,-0.11151,-0.047247,0.046576,0.10996,0.10385,-0.10673,-0.2101,-0.012295,-0.082651,-0.0078566,0.058303,0.10607,-0.058232,-0.035442,0.005786,-0.040604,-0.15953,0.0056406,-0.066416,-0.0099869,0.32742,-0.081329,0.34258,0.59036,0.34177,0.068079,0.026432,-0.047908,-0.081521,-0.20169,-0.10077,-0.084363,-0.035053,-0.068021,0.013336,0.34963,0.47848,0.37542,0.30416,0.11002,0.41872,0.28748,0.13959,-0.14942,0.085228,-0.27459,-0.19139,-0.13701,-0.11698,-0.17632,-0.28829,-0.33056,-0.35213,-0.38145,-0.34712,-0.31173,-0.46986,-0.40128,-0.49737,-0.33539,-0.30328,-0.31886,-0.35384,-0.37512,-0.53982,-0.56837,-0.3347,-0.18606,-0.20508,-0.19145,0.038823,-0.011207,-0.093264,-0.12588,-0.036103,-0.12787,-0.082217,-0.052131,-0.26646,-0.29835,-0.26206,-0.28656
0.25096,0.118,0.23852,0.0168,0.054929,0.15828,-0.31641,-0.40686,-0.34961,-0.16159,-0.27058,-0.38914,-0.14602,-0.1574,-0.27474,-0.421,-0.2456,-0.17529,-0.42157,-0.50687,-0.38204,-0.40371,-0.3391,-0.45542,-0.27349,-0.31614,-0.42229,-0.36709,-0.49803,-0.36076,-0.32121,-0.28318,-0.18858,-0.14181,-0.21082,-0.27047,-0.22475,-0.20512,-0.26366,-0.24833,-0.26385,-0.29625,-0.2097,-0.040103,0.094675,0.11797,0.14043,-0.3294,-0.58678,-0.76908,-0.40078,-0.54743,-0.2565,-0.79545,-0.083761,-0.089482,-0.1829,-0.17386,-0.14226,-0.3484,-0.1903,-0.19973,-0.077158,0.013172,-0.082936,-0.12694,-0.3281,-0.1756,-0.20719,-0.67066,-0.74865,-0.63133,-0.46793,-0.2915,-0.38806,-0.26969,-0.2059,-0.30542,-0.031609,-0.13465,-0.27805,-0.10679,-0.045359,-0.025741,-0.0073387,-0.027032,-0.42273,-0.10476,-0.20413,0.25472,0.21568,0.19406,0.26131,0.16422,0.34942,0.28565,0.28325,0.45499,0.31687,0.30239,0.57665,0.37009,-0.11719,-0.17389,0.13264,-0.19706,-0.31743,0.13047,0.24032,-0.068227,-0.080477,-0.096333,-0.1016,-0.3516,-0.2932,-0.12212,-0.024405,-0.18408,-0.26678,-0.21282,0.042824,0.10655,0.0025102,-0.075248,-0.060966,-0.25183,-0.31146,-0.32375,-0.10831,-0.089756,0.047202,0.18766,-0.17611,-0.33441,-0.081732,-0.1029,-0.020409,-0.11879,0.19655,-0.062416,-0.071298,-0.0030994,0.16524,0.017571,0.13738,0.015387,0.15536,0.6704,-0.063599,0.15,0.51427,0.41486,0.46933,0.07276,-0.046146,-0.1266,-0.43234,-0.23383,-0.16805,0.13344,-0.049944,0.13216,0.15631,0.78242,0.49821,0.36637,0.29014,0.83996,0.41791,0.35568,0.071801,0.16973,-0.39531,-0.2689,-0.15341,-0.089885,-0.10498,-0.29085,-0.20348,-0.19769,-0.18789,-0.086545,-0.21864,-0.51542,-0.45537,-0.66463,-0.37269,-0.29655,-0.3147,-0.28248,-0.43726,-0.32041,-0.31721,-0.29241,-0.16806,-0.2135,-0.17358,0.03039,-0.045543,-0.04723,0.00032786,0.026145,-0.14146,-0.10137,-0.0040156,-0.20646,-0.31357,-0.25917,-0.39323
0.16535,0.011452,0.082391,-0.028418,-0.042955,-0.086429,-0.40316,-0.38919,-0.41302,-0.21996,-0.27743,-0.33899,-0.24213,-0.16699,-0.24113,-0.33986,-0.34674,-0.33545,-0.46283,-0.43481,-0.39251,-0.35603,-0.32771,-0.29681,-0.46537,-0.35652,-0.30596,-0.26959,-0.29568,-0.21677,-0.24922,-0.39674,-0.24896,-0.27299,-0.33001,-0.28931,-0.35399,-0.32859,-0.32271,-0.26859,-0.28025,-0.30888,-0.30815,-0.24596,-0.097674,-0.12035,0.010477,-0.11325,-0.2644,-0.26413,-0.18996,-0.53412,-0.22865,-0.52576,-0.074626,-0.025528,-0.30922,-0.35492,-0.28632,-0.47243,-0.30339,-0.18588,-0.052849,-0.010107,-0.088394,-0.17393,-0.17243,-0.1953,-0.24137,-0.51386,-0.47897,-0.52345,-0.21012,-0.28801,-0.33262,-0.49128,-0.16579,-0.20364,-0.03743,-0.057141,-0.24857,-0.2065,-0.21524,-0.16819,-0.086502,-0.1336,-0.43371,-0.23394,-0.16909,0.25785,0.4178,0.23513,0.32832,0.2736,0.29604,0.2848,0.31479,0.38187,0.24562,0.21179,0.39656,0.30164,0.042178,-0.0022056,0.13034,-0.055983,-0.11323,0.032273,0.10733,0.041127,0.0097763,-0.07674,-0.12946,-0.2989,-0.31401,-0.28548,-0.173,-0.33037,-0.3569,-0.3052,-0.053553,-0.046148,0.036504,-0.0063817,-0.04499,-0.21106,-0.21576,-0.20267,-0.041593,0.0096876,0.13296,0.22215,0.12248,0.082996,0.34595,0.4328,-0.014399,0.17117,0.30794,0.19209,0.25936,0.16291,0.16112,0.07716,0.16212,0.17322,0.43296,0.60017,0.12501,0.2566,0.48761,0.46166,0.52466,0.18512,0.22557,-0.027535,-0.1925,-0.016744,0.32844,0.16712,-0.025316,-0.040385,0.18074,0.38071,0.27987,0.15756,-0.0097162,0.13173,-0.072432,0.079005,0.299,0.15779,-0.34496,-0.057133,-0.12199,-0.055,-0.048314,-0.10792,-0.14034,-0.1115,-0.14293,-0.20271,-0.43967,-0.53425,-0.42661,-0.5872,-0.44349,-0.27319,-0.25181,-0.2411,-0.40603,-0.39472,-0.43716,-0.33965,-0.28189,-0.32047,-0.2384,-0.16857,-0.23577,-0.25735,-0.29599,-0.16807,-0.2433,-0.2122,-0.22295,-0.3196,-0.61948,-0.41695,-0.56057
0.079748,-0.12852,-0.034468,-0.038365,-0.14237,-0.31764,-0.45082,-0.38256,-0.47644,-0.32017,-0.23245,-0.31453,-0.33636,-0.12969,-0.19355,-0.2717,-0.44036,-0.5126,-0.51288,-0.36356,-0.3976,-0.32515,-0.25928,-0.14709,-0.64956,-0.34449,-0.19159,-0.18274,-0.076996,-0.11062,-0.24478,-0.51445,-0.32692,-0.38254,-0.43802,-0.30912,-0.48168,-0.4088,-0.39605,-0.28691,-0.29984,-0.34371,-0.40905,-0.45298,-0.28173,-0.37424,-0.10394,0.1029,0.053387,0.23977,-0.067648,-0.51908,-0.25454,-0.11899,-0.10397,0.035755,-0.49087,-0.55493,-0.4009,-0.60036,-0.37575,-0.15405,-0.047934,-0.029835,-0.10388,-0.22469,-0.01157,-0.22341,-0.25625,-0.34876,-0.1781,-0.40206,-0.0038108,-0.27242,-0.27174,-0.69967,-0.041388,-0.11949,-0.050331,0.018055,-0.18051,-0.32638,-0.3866,-0.30562,-0.15527,-0.26343,-0.43913,-0.31009,-0.17551,0.24039,0.61913,0.31437,0.42819,0.35913,0.24265,0.27223,0.36256,0.29516,0.17402,0.093688,0.236,0.25735,0.20487,0.13565,0.11399,0.12037,0.076413,-0.0556,0.013245,0.15975,0.097375,-0.058714,-0.14282,-0.2458,-0.33786,-0.46849,-0.32891,-0.47751,-0.44671,-0.36188,-0.22016,-0.19041,0.079849,0.044222,-0.039535,-0.16455,-0.1164,-0.089784,0.015686,0.10966,0.21782,0.247,0.45115,0.50929,0.79825,0.89234,0.0057407,0.46176,0.42385,0.47427,0.56164,0.32892,0.16919,0.15023,0.19006,0.33109,0.67806,0.49748,0.37095,0.37043,0.34568,0.591,0.51459,0.30987,0.43175,0.14717,0.040583,0.21319,0.7766,0.18365,-0.016938,-0.20308,0.15205,-0.034881,0.043622,-0.058777,-0.32321,-0.58083,-0.56816,-0.12722,0.43001,0.15103,-0.27047,0.15447,-0.12007,-0.011908,0.0081474,0.066133,-0.056431,-0.031739,-0.099584,-0.34592,-0.63457,-0.55915,-0.39687,-0.49265,-0.56393,-0.23864,-0.18893,-0.21999,-0.36804,-0.4647,-0.55334,-0.4138,-0.3809,-0.42143,-0.30454,-0.38697,-0.4453,-0.4544,-0.58493,-0.37749,-0.30178,-0.32652,-0.43905,-0.46865,-0.95793,-0.54882,-0.72973
-0.051884,-0.2133,-0.11205,-0.12285,-0.19075,-0.40841,-0.39781,-0.27626,-0.38913,-0.2995,-0.14193,-0.14407,-0.22832,-0.072462,-0.22284,-0.31553,-0.44157,-0.45438,-0.43691,-0.36876,-0.36698,-0.30649,-0.22594,-0.14924,-0.32587,-0.13416,0.0014179,0.10847,-0.072289,-0.069462,-0.19065,-0.40636,-0.3988,-0.3595,-0.39967,-0.31258,-0.35926,-0.33078,-0.3744,-0.33985,-0.31417,-0.35954,-0.44402,-0.32681,-0.23051,-0.42802,-0.13215,0.017684,0.12843,0.31817,0.035247,-0.35463,-0.64441,-0.45398,-0.26411,-0.019407,-0.27672,-0.47376,-0.323,-0.40653,-0.36917,-0.37793,-0.18043,-0.18751,-0.16524,-0.20131,-0.097052,-0.1811,-0.32562,-0.37749,-0.009902,-0.22868,-0.20632,-0.22995,-0.29008,-0.51346,-0.081188,-0.078567,-0.23976,-0.06107,-0.23262,-0.34752,-0.2332,-0.14451,-0.23861,-0.201,-0.26814,-0.11126,-0.077666,0.11975,0.32049,0.2358,0.23092,0.23063,0.20786,0.19474,0.37061,0.16269,0.11217,0.14031,0.24127,0.2188,0.15926,0.011317,0.073544,0.0527,0.070605,-0.042836,0.0016429,0.020972,0.02137,-0.038579,-0.09661,-0.12268,-0.22026,-0.42775,-0.29897,-0.33261,-0.38377,-0.542,-0.48526,-0.29804,-0.10141,-0.12085,-0.014835,-0.18138,-0.13905,-0.076007,-0.053703,0.042464,0.15125,0.17666,0.41473,0.44105,0.52718,0.45225,0.039276,0.26349,0.38996,0.32382,0.32112,0.2845,0.36993,0.36683,0.31484,0.36941,0.49672,0.56199,0.56741,0.42023,0.20542,0.28218,0.44101,0.17464,0.17885,0.31713,-0.079312,0.1574,0.5913,-0.022926,-0.10234,-0.38075,-0.13424,-0.12984,-0.00059092,-0.17757,-0.17053,-0.3129,-0.3643,-0.026074,0.20083,-0.086727,-0.25987,-0.017424,-0.088899,0.075865,-0.048762,-0.053283,-0.067603,0.002087,-0.39406,-0.66262,-0.55077,-0.53515,-0.39684,-0.40492,-0.43831,-0.23727,-0.21995,-0.23603,-0.38362,-0.41249,-0.40116,-0.28952,-0.20996,-0.17786,-0.35153,-0.37801,-0.43602,-0.45935,-0.66751,-0.4756,-0.56382,-0.49123,-0.51553,-0.5303,-0.80155,-0.55046,-0.6863
-0.18352,-0.28277,-0.2208,-0.22246,-0.239,-0.48577,-0.37179,-0.15255,-0.30263,-0.25796,-0.10416,0.065984,-0.12708,-0.034876,-0.2369,-0.35612,-0.44436,-0.39617,-0.33099,-0.37602,-0.33557,-0.27804,-0.23824,-0.13294,-0.013475,0.0668,0.22491,0.39489,-0.085682,-0.0032741,-0.082214,-0.29024,-0.45631,-0.3588,-0.36932,-0.3078,-0.23582,-0.29583,-0.34323,-0.39236,-0.32578,-0.39023,-0.48075,-0.19859,-0.2365,-0.41504,-0.17227,-0.067533,0.22874,0.36686,0.19298,-0.19667,-1,-0.79657,-0.43294,-0.061963,-0.021857,-0.4877,-0.2472,-0.2074,-0.4152,-0.61386,-0.30526,-0.34604,-0.19041,-0.18211,-0.1963,-0.13738,-0.41349,-0.33527,0.14604,-0.10301,-0.30161,-0.20808,-0.31589,-0.33953,-0.17448,-0.055716,-0.43321,-0.13927,-0.28258,-0.36729,-0.076178,-0.022021,-0.2983,-0.082723,-0.097451,0.052601,-0.012843,-0.0049477,0.020143,0.13168,0.011029,0.11963,0.17307,0.15052,0.32143,0.028893,0.052349,0.18693,0.2296,0.17504,0.11293,-0.11225,0.01903,-0.0065162,0.061432,-0.023865,-0.024501,-0.12406,-0.050146,-0.024958,-0.00939,-0.0012322,-0.10444,-0.37804,-0.2729,-0.17804,-0.32693,-0.7817,-0.64734,-0.42111,-0.28017,-0.29616,0.026155,-0.1988,-0.15965,-0.07793,-0.12739,-0.024075,0.08404,0.10342,0.36062,0.36958,0.21242,0.067211,0.084977,0.062862,0.36806,0.13234,0.11675,0.24008,0.56548,0.56701,0.42995,0.4058,0.3249,0.69619,0.73727,0.46237,0.062369,-0.01257,0.41231,0.021325,0.035422,0.40562,-0.19245,0.10047,0.39494,-0.26139,-0.15953,-0.5753,-0.399,-0.19233,-0.03711,-0.27583,-0.02904,-0.013838,-0.14532,0.0081606,0.043258,-0.26337,-0.25889,-0.17919,0.010486,0.14017,-0.10763,-0.1478,-0.070872,0.01944,-0.69748,-0.93332,-0.47063,-0.52689,-0.39667,-0.32166,-0.29147,-0.247,-0.25097,-0.24926,-0.3925,-0.35154,-0.25114,-0.16722,-0.012813,0.056508,-0.39762,-0.37432,-0.41746,-0.46963,-0.75871,-0.5728,-0.84212,-0.65295,-0.58482,-0.59414,-0.56711,-0.57731,-0.65247
-0.20059,-0.25649,-0.20815,-0.17452,-0.040247,-0.2769,-0.25958,-0.18687,-0.21495,-0.19048,-0.18551,-0.033918,-0.09821,-0.049855,-0.17952,-0.27237,-0.33531,-0.32758,-0.30025,-0.27471,-0.31534,-0.31439,-0.22908,-0.04672,0.29588,0.29726,0.16745,0.24129,-0.2111,-0.057266,-0.1413,-0.17541,-0.24965,-0.32604,-0.29402,-0.27855,-0.18034,-0.25062,-0.26572,-0.28246,-0.27382,-0.30436,-0.35853,-0.24403,-0.20857,-0.26237,-0.16708,-0.053202,-0.016795,-0.071949,0.10064,-0.18108,-0.50636,-0.49539,-0.27202,-0.15909,-0.016284,-0.33044,-0.08896,-0.26473,-0.26872,-0.4167,-0.32966,-0.23695,-0.16394,-0.14623,-0.24088,-0.21827,-0.24846,-0.026488,-0.084437,-0.1938,-0.3401,-0.2762,-0.18853,-0.1933,-0.22918,-0.16549,-0.29124,-0.23703,-0.22547,-0.28011,-0.080959,-0.093599,-0.059774,-0.13474,-0.079087,0.04462,0.1128,0.048954,0.12435,0.13237,-0.00088498,-0.10621,0.15567,0.11507,0.074348,-0.030187,0.047176,0.13074,0.2158,0.09077,0.108,-0.14219,-0.021654,-0.080812,-0.059034,-0.054823,-0.079816,-0.18485,-0.15902,-0.079651,0.035414,0.0091124,-0.027175,-0.12425,-0.17182,-0.060885,-0.21455,-0.40788,-0.31653,-0.32179,-0.092114,-0.25839,-0.064282,-0.16646,-0.14504,-0.17716,-0.20982,-0.0909,-0.0079841,0.11427,0.13117,0.24737,0.10817,0.12527,0.13494,0.064527,0.33373,0.13753,0.16573,0.19428,0.25432,0.38814,0.31189,0.31768,0.1771,0.48275,0.52211,0.3031,0.2242,0.18227,0.10298,0.055418,0.25069,0.14797,0.045291,-0.059407,0.14458,-0.23144,-0.25433,-0.69728,-0.35547,-0.27587,-0.12363,-0.22219,-0.11738,-0.077049,-0.14833,-0.17581,-0.41312,-0.27321,-0.15518,-0.13105,0.079733,0.095156,0.00065118,-0.027692,-0.030992,-0.037608,-0.4266,-0.57878,-0.46904,-0.53625,-0.44115,-0.38089,-0.41743,-0.3,-0.36679,-0.3264,-0.42815,-0.29242,-0.37763,-0.41266,-0.2978,-0.22861,-0.4952,-0.39266,-0.59963,-0.48887,-0.68647,-0.64955,-0.75511,-0.6027,-0.67758,-0.66257,-0.63257,-0.57363,-0.58974
-0.21766,-0.2294,-0.20044,-0.11187,0.15852,-0.086822,-0.12026,-0.22664,-0.12943,-0.13436,-0.20454,-0.15482,-0.068344,-0.050487,-0.13408,-0.18256,-0.23073,-0.25687,-0.24749,-0.18443,-0.29906,-0.35218,-0.18851,0.045583,0.61484,0.4416,0.043991,0.12155,-0.3176,-0.13915,-0.20094,-0.052844,-0.060462,-0.27256,-0.21002,-0.25601,-0.11915,-0.20499,-0.17962,-0.17509,-0.22236,-0.20423,-0.23762,-0.291,-0.11406,-0.23369,-0.15388,-0.038871,-0.35481,-0.38676,0.0024946,-0.15825,-0.028556,-0.22944,-0.10423,-0.26305,0.019341,-0.068205,0.032131,-0.3256,-0.10875,-0.25143,-0.3529,-0.13011,-0.15012,-0.11192,-0.29218,-0.2932,-0.030112,0.18571,-0.30645,-0.24696,-0.46882,-0.32306,-0.036718,-0.061251,-0.27557,-0.26468,-0.13607,-0.34567,-0.17157,-0.17463,-0.086257,-0.10493,0.10822,-0.22557,-0.057964,0.055676,0.2126,0.09716,0.23082,0.12201,-0.036745,-0.28571,0.13827,0.030906,-0.12871,-0.075144,0.041186,0.098759,0.15465,0.013291,0.10434,-0.16694,-0.057073,-0.1602,-0.17434,-0.087263,-0.14475,-0.24585,-0.26782,-0.11062,0.063313,0.024464,0.056424,0.11368,-0.084273,0.065758,-0.10123,-0.048947,-0.064076,-0.20655,0.099679,-0.19119,-0.15253,-0.13332,-0.14009,-0.2589,-0.28932,-0.15875,-0.09233,0.10653,-0.10066,0.12689,0.026065,0.24421,0.15285,0.065598,0.30142,0.15809,0.18608,0.14848,-0.028989,0.23999,0.16886,0.2284,0.039019,0.28335,0.30694,0.1473,0.45569,0.28479,-0.23158,0.10722,0.36888,-0.04672,0.27483,-0.23913,-0.036834,-0.17584,-0.38902,-0.80584,-0.3294,-0.37895,-0.21024,-0.17791,-0.19602,-0.11628,-0.16199,-0.37711,-0.88527,-0.2443,-0.059288,-0.078406,0.10697,0.072822,0.10954,0.071649,-0.0039727,-0.087325,-0.14815,-0.25468,-0.48215,-0.52972,-0.4851,-0.4503,-0.5047,-0.34201,-0.48261,-0.40296,-0.3951,-0.23674,-0.50505,-0.64184,-0.66023,-0.486,-0.59134,-0.406,-0.78871,-0.51071,-0.61697,-0.71162,-0.64441,-0.56386,-0.7699,-0.70152,-0.71498,-0.57979,-0.51887
-0.49583,-0.31414,-0.24983,-0.17664,0.0015233,-0.050899,0.039143,-0.02947,-0.051467,-0.11036,-0.1365,-0.25535,-0.082299,-0.23221,-0.14479,-0.17473,-0.29393,-0.25458,-0.29163,-0.17016,-0.25249,-0.33594,-0.23434,-0.22133,0.10381,-0.0070807,0.040481,0.099073,-0.19295,-0.061485,-0.28136,-0.10392,-0.1283,-0.098608,-0.023164,-0.16179,-0.24681,-0.14584,-0.20334,-0.15656,-0.16754,-0.13066,-0.17626,-0.27925,-0.20137,-0.25607,-0.16159,-0.069138,-0.12786,-0.30962,-0.040606,-0.11001,-0.028719,-0.23868,-0.13569,0.0061371,-0.056063,-0.10877,0.0098484,-0.15824,-0.072174,-0.12443,-0.17569,-0.093922,-0.0088625,0.050439,-0.097785,-0.11349,0.021449,-0.0056468,-0.18613,-0.18928,-0.22884,-0.28648,-0.21956,-0.1529,-0.22936,-0.20474,-0.10704,-0.40647,-0.13761,-0.064816,-0.088337,-0.12692,-0.11762,-0.1735,-0.00037425,0.087262,0.011987,0.14153,0.13349,-0.22728,-0.1231,-0.34715,0.048107,0.046268,-0.024447,-0.087029,-0.013667,0.018786,0.012563,0.008049,0.10408,-0.0225,-0.073166,-0.11382,-0.078702,-0.087584,-0.18338,-0.2363,-0.27757,-0.21372,-0.15984,-0.12696,-0.048935,0.0046075,-0.1137,-0.0022448,-0.024452,-0.049019,-0.067856,-0.21762,0.0297,-0.15943,-0.30769,-0.22624,-0.15481,0.012936,-0.17496,-0.092672,-0.13268,0.050938,-0.023942,-0.026483,-0.015884,0.16764,0.11626,0.20284,0.36768,0.32992,0.24662,0.22371,0.19724,0.35614,0.22627,0.10851,0.038957,0.2668,0.16652,0.1419,0.21454,0.20494,0.089412,0.24395,0.55539,0.0089036,0.27501,-0.20411,-0.062223,-0.25447,-0.38658,-0.54096,-0.34247,-0.45082,-0.41097,-0.34795,-0.38423,-0.19753,-0.27622,-0.47759,-0.83715,-0.23753,-0.27642,-0.30781,-0.1349,-0.03724,-0.012555,-0.078498,-0.10781,-0.099986,-0.10929,-0.15008,-0.46025,-0.51337,-0.47481,-0.50949,-0.49496,-0.45594,-0.42547,-0.27195,-0.22775,-0.21332,-0.38797,-0.6139,-0.64576,-0.52681,-0.6767,-0.47473,-0.65626,-0.55074,-0.51479,-0.59626,-0.57073,-0.57831,-0.67292,-0.70833,-0.78177,-0.60505,-0.51755
-0.774,-0.39264,-0.27671,-0.25293,-0.15351,-0.00088112,0.21213,0.14893,0.022376,-0.070517,-0.13372,-0.3533,-0.10166,-0.40632,-0.15161,-0.17557,-0.35169,-0.26937,-0.29748,-0.15042,-0.20426,-0.32391,-0.33209,-0.50036,-0.41857,-0.36169,0.092817,0.036549,-0.084188,0.024458,-0.34695,-0.16133,-0.17486,0.05279,0.19615,-0.077053,-0.34585,-0.14268,-0.22987,-0.1362,-0.11472,-0.055574,-0.11407,-0.2684,-0.28532,-0.2247,-0.1651,-0.099405,0.1546,-0.31171,-0.059807,-0.061005,-0.05232,-0.26361,-0.1528,0.27534,-0.15928,-0.16571,0.024035,0.0083192,-0.043809,0.031061,-0.0068938,-0.045996,0.13375,0.22833,0.09217,0.064166,0.030378,-0.17997,-0.074705,-0.13776,0.026474,-0.2944,-0.41279,-0.23789,-0.20793,-0.13063,-0.087733,-0.45153,-0.085549,0.030243,-0.094203,-0.16193,-0.30881,-0.11198,0.058074,0.088303,-0.11397,0.18854,0.032893,-0.5287,-0.22552,-0.48118,-0.042057,0.080925,0.053233,-0.10686,-0.068518,-0.071182,-0.10361,0.0032324,0.10548,0.099129,-0.069717,-0.070191,0.016487,-0.10373,-0.20483,-0.22302,-0.29081,-0.33185,-0.35778,-0.28671,-0.15367,-0.08062,-0.16411,-0.072308,0.050807,-0.027424,-0.075748,-0.22797,-0.047791,-0.14481,-0.52372,-0.30884,-0.15567,0.23704,-0.057461,-0.0338,-0.15191,-0.054365,0.048689,-0.18006,-0.062184,0.061999,0.10369,0.34318,0.44812,0.45245,0.31502,0.29894,0.40233,0.42969,0.28665,-0.01065,0.041058,0.22113,0.02694,0.13639,-0.052932,0.21594,0.42163,0.37819,0.731,0.037821,0.28681,-0.16268,-0.13451,-0.32807,-0.36276,-0.28395,-0.36084,-0.59918,-0.60087,-0.52254,-0.53937,-0.32218,-0.38317,-0.57758,-0.69309,-0.29059,-0.49205,-0.53691,-0.36004,-0.15088,-0.13369,-0.22279,-0.22797,-0.093575,-0.066258,-0.062774,-0.42589,-0.4696,-0.46641,-0.55973,-0.53272,-0.568,-0.36833,-0.11988,-0.17834,-0.17211,-0.27249,-0.62248,-0.57381,-0.5971,-0.75776,-0.55265,-0.48709,-0.60421,-0.41392,-0.48286,-0.46814,-0.58196,-0.58704,-0.69776,-0.82882,-0.6254,-0.5185
-0.70053,-0.3709,-0.41975,-0.26419,-0.22425,-0.16218,-0.00088632,-0.038993,0.2608,-0.057349,-0.21714,-0.28383,-0.042404,-0.084342,-0.089337,-0.18288,-0.29332,-0.17693,-0.16107,-0.070015,-0.1444,-0.25681,-0.28604,-0.39791,-0.35361,-0.26214,-0.1038,-0.16916,-0.10991,-0.072323,-0.24328,-0.14177,-0.044926,0.053662,0.23617,-0.010732,-0.19642,-0.24537,-0.21611,-0.062534,0.0089545,-0.041044,-0.10084,-0.15605,-0.16287,-0.21711,-0.14773,-0.039099,0.072126,-0.18819,-0.092479,-0.1324,-0.068965,-0.27567,0.02506,0.15013,-0.0069136,0.017357,0.17853,0.1336,0.019065,0.0022541,-0.048483,0.0012332,0.1325,0.10615,0.12396,0.14972,0.06612,-0.012069,-0.014036,-0.058828,0.013831,-0.20284,-0.27348,-0.24967,-0.27126,-0.22398,-0.13356,-0.28652,-0.098379,0.0018512,-0.034057,-0.080699,-0.21303,-0.051585,0.035402,0.01771,0.049055,0.14878,0.081753,-0.059757,-0.097103,-0.22676,-0.1928,0.08388,0.037892,-0.055634,-0.098765,-0.090675,-0.052577,-0.016832,-0.1081,-0.058715,-0.12192,-0.1146,0.0051242,-0.18931,-0.30758,-0.37351,-0.17324,-0.21497,-0.27357,-0.26116,-0.13143,-0.10915,-0.12878,-0.070531,-0.16113,-0.11132,-0.076498,-0.044267,-0.030236,-0.042321,-0.23678,-0.067015,-0.030837,0.049879,0.11398,0.010376,0.054667,-0.019727,0.15417,0.033022,-0.049333,0.0038315,0.18048,0.25832,0.25447,0.25009,0.25454,0.1881,0.30577,0.30068,0.16858,0.011144,-0.11583,0.056434,0.019469,0.03881,0.089224,0.18458,0.3431,0.35693,0.56591,0.24327,0.15962,-0.22886,-0.17503,-0.30533,-0.29949,-0.31113,-0.45218,-0.67556,-0.51901,-0.44349,-0.44555,-0.36749,-0.35291,-0.33421,-0.45884,-0.35666,-0.43864,-0.51004,-0.22289,-0.061335,-0.35381,-0.49164,-0.23183,0.014378,-0.11062,-0.18698,-0.28317,-0.43173,-0.52489,-0.40466,-0.54413,-0.48948,-0.29126,-0.12924,-0.10438,-0.1946,-0.24907,-0.56341,-0.44227,-0.53496,-0.63546,-0.60695,-0.47205,-0.48229,-0.40172,-0.5267,-0.56626,-0.54465,-0.51567,-0.59524,-0.64588,-0.52276,-0.56232
-0.62706,-0.35803,-0.57095,-0.27411,-0.29623,-0.33402,-0.23677,-0.19968,0.49656,-0.060534,-0.31304,-0.1798,0.025986,0.19764,-0.03998,-0.18121,-0.23367,-0.057494,-0.05779,0.0029047,-0.086349,-0.2147,-0.18365,-0.30232,-0.2845,-0.18784,-0.30348,-0.36594,-0.12254,-0.14439,-0.17361,-0.12475,0.062043,0.086826,0.2459,0.058729,-0.072906,-0.28665,-0.20427,0.011836,0.12544,-0.030613,-0.093036,-0.042844,-0.060444,-0.20006,-0.14604,0.021207,0.0060974,-0.10744,-0.1941,-0.20235,-0.064757,-0.24717,0.19156,0.024358,0.16125,0.22055,0.31028,0.26126,0.062729,-0.042572,-0.082062,0.037024,0.11904,-0.011531,0.17136,0.22628,0.11197,0.19351,0.037427,0.023338,0.026383,-0.11428,-0.13832,-0.26009,-0.3456,-0.29523,-0.1741,-0.11693,-0.12942,-0.012535,0.027014,-0.017517,-0.11325,0.016302,0.01031,-0.030733,0.1862,0.10379,0.13442,0.34229,0.10843,0.0057252,-0.34354,0.084344,0.024848,-0.0027857,-0.12914,-0.1028,0.020289,-0.046796,-0.32774,-0.15929,-0.19312,-0.14344,-0.010174,-0.28557,-0.46423,-0.50921,-0.055601,-0.10161,-0.22241,-0.23012,-0.11236,-0.15652,-0.071455,-0.078116,-0.37374,-0.1466,-0.03328,0.12616,-0.021451,0.079695,0.12019,0.16343,0.07639,-0.075062,0.2804,0.058349,0.21957,0.078796,0.30174,0.24074,-0.026936,-0.041561,0.24499,0.17108,0.043918,0.11814,0.19622,0.077265,0.16184,0.16083,0.073331,0.032183,-0.27902,-0.074306,0.048382,-0.056182,0.21791,0.11775,0.28662,0.31828,0.46815,0.48764,0.0084898,-0.28587,-0.24775,-0.2898,-0.23296,-0.3291,-0.56952,-0.67455,-0.44535,-0.35701,-0.41329,-0.38219,-0.32701,-0.06596,-0.30471,-0.45205,-0.37749,-0.47879,-0.059251,-0.0144,-0.57316,-0.75093,-0.17431,0.097742,-0.15649,-0.27477,-0.21971,-0.3869,-0.58565,-0.26367,-0.55334,-0.41241,-0.21418,-0.15072,0.0052507,-0.24164,-0.22333,-0.48056,-0.35284,-0.4573,-0.51742,-0.67234,-0.48854,-0.34508,-0.38596,-0.58064,-0.70436,-0.49772,-0.43702,-0.53613,-0.46414,-0.42323,-0.61253
-0.4878,-0.38551,-0.47587,-0.32529,-0.34006,-0.34124,-0.25456,-0.22896,0.10174,-0.1604,-0.28877,-0.12305,-0.060173,0.071703,-0.21875,0.020215,-0.0346,0.069762,0.030608,0.0024496,-0.07944,-0.14059,-0.059297,-0.12402,-0.17562,-0.14596,-0.23797,-0.17277,-0.05353,-0.12647,-0.20176,-0.14181,-0.13158,-0.11977,-0.086441,-0.037294,-0.046417,-0.15453,-0.19877,-0.064833,0.016494,0.051739,0.068739,-0.07864,-0.12482,-0.11776,-0.022962,0.16916,0.12536,0.053874,-0.25563,-0.19424,-0.11172,-0.14189,0.11047,-0.048397,0.13393,0.24923,0.11764,0.18475,0.12365,0.015008,0.026852,0.2432,0.21559,-0.012831,0.21992,-0.00055279,-0.05333,0.077767,-0.018946,-0.014981,0.018133,-0.0741,-0.056515,-0.17054,-0.22624,-0.32054,-0.24048,-0.135,-0.077084,-0.15187,-0.060593,-0.055571,-0.17352,-0.056988,0.074479,0.0053845,0.13461,0.045069,-0.010218,0.14602,0.082934,0.063872,-0.13959,0.027815,-0.012373,0.034923,0.16085,0.016716,0.29397,0.0013218,-0.18624,-0.090142,-0.13951,-0.04537,-0.04049,-0.26618,-0.30955,-0.25633,-0.11537,-0.083618,-0.08639,-0.20696,-0.11003,-0.14322,-0.022198,0.0096296,-0.16672,-0.030396,0.083058,0.15389,0.10028,0.054603,-0.019793,0.13224,-0.075284,-0.023898,0.22516,0.026407,0.25704,-0.03644,0.14674,0.14183,-0.0016262,-0.053979,0.11894,0.086043,0.064263,0.17662,0.16667,-0.0050678,-0.13749,0.11081,0.026578,0.14772,0.078456,0.018032,0.20395,0.11036,0.29823,0.19832,0.25864,0.012887,0.21122,0.33771,-0.060419,-0.18476,-0.0040478,-0.0027084,-0.36681,-0.31634,-0.28586,-0.4241,-0.29274,-0.32706,-0.37111,-0.32655,-0.35505,-0.18649,-0.33682,-0.39506,-0.31585,-0.35788,-0.1808,-0.23094,-0.4845,-0.56783,-0.16007,-0.1921,-0.18077,-0.26503,-0.10243,-0.35043,-0.53755,-0.43678,-0.32343,-0.11362,-0.075122,-0.21442,-0.23725,-0.4587,-0.42246,-0.70671,-0.53182,-0.29232,-0.26506,-0.50027,-0.4126,-0.28076,-0.43573,-0.48592,-0.68622,-0.62717,-0.4383,-0.56426,-0.5034,-0.44414,-0.54443
-0.34854,-0.40693,-0.38499,-0.3819,-0.38421,-0.3351,-0.28295,-0.26957,-0.28537,-0.24747,-0.21182,-0.10112,-0.14933,-0.046656,-0.36549,0.23799,0.16362,0.18323,0.10615,0.0018353,-0.070757,-0.017543,0.016864,0.068764,-0.073542,-0.095977,-0.18501,0.021927,0.010094,-0.11958,-0.23649,-0.16263,-0.32328,-0.29595,-0.40277,-0.12697,-0.024374,-0.0022524,-0.20618,-0.14262,-0.07577,0.16161,0.22104,-0.11525,-0.18595,-0.025534,0.11949,0.31712,0.23458,0.20263,-0.27587,-0.1895,-0.15706,-0.058424,0.024923,-0.12193,0.16105,0.20334,-0.051825,0.10999,0.22881,0.040928,0.14642,0.44894,0.30757,-0.067977,0.26243,-0.21405,-0.22215,-0.027345,-0.074154,-0.065194,0.034857,0.0037388,0.025941,-0.077143,-0.082926,-0.37566,-0.31135,-0.15143,-0.070373,-0.28956,-0.14549,-0.082636,-0.27194,-0.092064,0.13787,0.039605,0.061233,-0.0067444,-0.15745,-0.0070945,0.041937,0.16806,0.064362,-0.026765,-0.031335,0.076161,0.4505,0.13036,0.54282,0.047922,-0.039741,-0.055212,-0.084008,0.053207,-0.064718,-0.24528,-0.060344,-0.016003,-0.17965,-0.057259,0.088992,-0.19874,-0.11722,-0.082516,0.045264,0.098511,0.042019,0.05736,0.18349,0.18706,0.2408,0.0055538,-0.1763,0.10399,-0.21424,0.02256,0.16262,-0.0073689,0.30878,-0.13209,-0.090199,0.048979,0.017783,-0.10207,-0.010433,0.0014453,0.10197,0.23119,0.11265,-0.0874,-0.37689,0.036857,0.0016066,0.26177,0.3976,0.04958,0.33739,0.28256,0.36182,0.26643,0.22299,-0.28929,-0.017834,0.14986,-0.10903,-0.082862,0.32057,0.24346,-0.5097,-0.29314,0.051495,-0.23451,-0.1358,-0.3047,-0.31754,-0.28352,-0.37959,-0.31056,-0.35445,-0.31068,-0.2515,-0.26486,-0.33604,-0.40668,-0.39874,-0.36873,-0.19731,-0.47896,-0.20279,-0.26068,0.10486,-0.40062,-0.48873,-0.61327,-0.063831,0.1871,0.063941,-0.30663,-0.49773,-0.65255,-0.62301,-0.94783,-0.5493,-0.13347,-0.018226,-0.28757,-0.3204,-0.23811,-0.48807,-0.39997,-0.69544,-0.76483,-0.44321,-0.58089,-0.61234,-0.46358,-0.46455
-0.40197,-0.46048,-0.48925,-0.37008,-0.29702,-0.29058,-0.2891,-0.19072,-0.15778,-0.061897,-0.055282,0.04455,0.075139,0.12929,0.0049059,0.31563,0.18374,0.2431,0.22578,0.16992,0.14933,0.023934,-0.0066267,0.096736,-0.049001,-0.079921,-0.12534,-0.065135,-0.00029325,-0.053399,-0.1803,-0.1504,-0.24951,-0.14357,-0.20057,0.016829,0.13708,-0.013001,-0.14925,-0.085144,0.0019404,0.12506,0.19757,0.041496,-0.031224,0.067034,0.085817,0.15096,0.033658,0.065987,-0.19257,-0.13003,-0.11564,0.032662,0.099332,0.026604,0.24708,-0.10816,-0.038019,0.27273,0.36155,0.22608,0.25333,0.26234,0.159,-0.037612,0.11975,-0.11524,-0.097995,-0.016058,0.0352,0.041968,0.037166,-0.12703,-0.015296,-0.22679,-0.045253,-0.13772,-0.23489,-0.14198,-0.14466,-0.16828,-0.07383,-0.048756,-0.1365,-0.052451,0.065773,0.049248,-0.018905,-0.056765,-0.09586,0.009305,0.040498,0.077388,0.062699,0.0095522,-0.11982,-0.068224,0.17237,0.10153,0.37064,0.031482,-0.057247,-0.077101,-0.12634,-0.11479,-0.15686,-0.14359,-0.010368,0.007375,-0.22148,-0.17018,0.054074,-0.1604,-0.034424,0.037885,0.23786,0.20175,-0.093821,-0.020826,0.25095,0.13184,0.18172,-0.013424,-0.087314,0.18203,-0.13516,-0.10812,-0.013325,-0.16193,0.11395,-0.18458,-0.2022,-0.01386,-0.15508,-0.19811,-0.14745,-0.099472,0.12718,0.20977,-0.045754,-0.1996,0.055969,0.2983,0.070957,0.18147,0.17038,-0.027885,0.22992,0.1316,0.14582,-0.023761,-0.2047,-0.4667,-0.20201,-0.32598,-0.10342,-0.080264,0.043203,0.022614,-0.41412,-0.30261,-0.078473,-0.30233,-0.22422,-0.18472,-0.35145,-0.32863,-0.3507,-0.33479,-0.27977,-0.36415,-0.16196,-0.17513,-0.18757,-0.14539,-0.29073,-0.24451,-0.11418,-0.35541,-0.19293,-0.26008,-0.0092327,-0.251,-0.33382,-0.37366,-0.10672,-0.074224,-0.23335,-0.42468,-0.49383,-0.61402,-0.49187,-0.79293,-0.44483,-0.27237,-0.47351,-0.4074,-0.51124,-0.57909,-0.37724,-0.14499,-0.43933,-0.72055,-0.68822,-0.72203,-0.68959,-0.36413,-0.22066
-0.4554,-0.5321,-0.56592,-0.34973,-0.20888,-0.25901,-0.29002,-0.10226,-0.026095,0.12196,0.06358,0.20097,0.30036,0.32021,0.38076,0.36619,0.20576,0.31019,0.34966,0.34286,0.36669,0.035547,-0.021125,0.11985,-0.021919,-0.062449,-0.089471,-0.14138,-0.0090815,0.038629,-0.16994,-0.12614,-0.15537,-0.052355,-0.015837,0.16582,0.28238,-0.036059,-0.098851,-0.030219,0.085343,0.072907,0.19708,0.19777,0.13097,0.13682,0.034498,-0.015192,-0.17427,-0.034711,-0.10658,-0.070798,-0.065525,0.12792,0.17579,0.18112,0.22853,-0.38504,0.0010479,0.43641,0.45541,0.46357,0.33507,0.075929,0.021517,0.035316,-0.022082,-0.017031,0.0086347,-0.0028731,0.13937,0.1491,-0.022552,-0.27,-0.053181,-0.38104,0.023949,0.079028,-0.15613,-0.13925,-0.17898,-0.053465,-0.0050702,-0.024203,0.038893,-0.054217,-0.0040567,0.051825,-0.098548,-0.11665,-0.032794,0.0093792,0.083676,-0.030117,0.061035,0.0355,-0.25237,-0.20718,-0.10521,0.11613,0.15007,0.034768,-0.073345,-0.10285,-0.17614,-0.30028,-0.25297,-0.013954,-0.052696,0.059193,-0.26846,-0.25304,0.027004,-0.12528,0.057619,0.1342,0.37185,0.30645,-0.23224,-0.069249,0.31401,0.080508,0.11233,-0.0031643,0.04139,0.25651,-0.08187,-0.29922,-0.17941,-0.31535,-0.095445,-0.26689,-0.2522,-0.080569,-0.34298,-0.26755,-0.28767,-0.19968,0.14135,0.16881,-0.1751,-0.31181,0.56903,0.542,0.10515,0.10688,-0.035989,-0.025886,0.10149,-0.028872,-0.042574,-0.38896,-0.64049,-0.63828,-0.4249,-0.77011,-0.075382,-0.095183,-0.23926,-0.2189,-0.28777,-0.3184,-0.23843,-0.33236,-0.31882,-0.063077,-0.39052,-0.37459,-0.3237,-0.35487,-0.2077,-0.41965,-0.069398,-0.074474,0.0096151,0.082203,-0.18314,-0.13552,-0.060704,-0.24726,-0.18313,-0.25972,-0.1678,-0.036884,-0.17643,-0.1111,-0.19831,-0.33756,-0.53064,-0.50783,-0.45296,-0.60697,-0.362,-0.57889,-0.50841,-0.40511,-0.92236,-0.549,-0.75998,-0.89128,-0.25213,0.10384,-0.19472,-0.70997,-0.92817,-0.85514,-0.67633,-0.23594,0.01697
