-0.04821,-0.091256,-0.085939,-0.03386,0.047921,0.132,0.18919,0.19774,0.15034,0.05656,-0.059937,-0.1685,-0.24057,-0.25787,-0.21727,-0.13094,-0.022069,0.082236,0.15857,0.19298,0.18338,0.13831,0.072952,0.003942,-0.055107,-0.096241,-0.11747,-0.12119,-0.11176,-0.093342,-0.0687,-0.039253,-0.005871,0.030189,0.066861,0.10161,0.13228,0.15803,0.17955,0.19849,0.21609,0.23168,0.24182,0.24087,0.22281,0.18415,0.12656,0.05831,-0.0065867,-0.051538,-0.062128,-0.031032,0.038612,0.13271,0.22903,0.30281,0.33337,0.30997,0.23479,0.12241,-0.00438,-0.12091,-0.2072,-0.25283,-0.25876,-0.23588,-0.20093,-0.17154,-0.16176,-0.17959,-0.22667,-0.29981,-0.39323,-0.50041,-0.6148,-0.72943,-0.83591,-0.92395,-0.98207,-0.99978,-0.97073,-0.89562,-0.78356,-0.65103,-0.51821,-0.40371,-0.31927,-0.26639,-0.23616,-0.21259,-0.17858,-0.12239,-0.042611,0.050608,0.13834,0.19915,0.2167,0.18605,0.11644,0.029245
-0.058604,-0.06996,-0.032446,0.044968,0.13829,0.21558,0.247,0.21468,0.11902,-0.020535,-0.1707,-0.29389,-0.3591,-0.35068,-0.2724,-0.14566,-0.0026809,0.12309,0.20616,0.23506,0.21374,0.15821,0.09005,0.029239,-0.011499,-0.029041,-0.028673,-0.020256,-0.013465,-0.013934,-0.021565,-0.031348,-0.036028,-0.029367,-0.0086809,0.024253,0.064047,0.10375,0.13713,0.16022,0.17164,0.17183,0.16177,0.14194,0.11234,0.073352,0.027298,-0.020369,-0.060981,-0.084141,-0.080556,-0.045375,0.019199,0.10313,0.19015,0.26153,0.30096,0.29894,0.25547,0.17995,0.088413,-0.0010122,-0.073054,-0.11904,-0.13848,-0.13818,-0.12947,-0.12472,-0.13423,-0.16445,-0.21774,-0.29321,-0.38783,-0.49715,-0.61519,-0.73378,-0.84199,-0.92658,-0.97377,-0.97247,-0.91778,-0.81385,-0.67439,-0.52054,-0.37601,-0.26099,-0.18661,-0.15191,-0.14449,-0.14498,-0.13376,-0.09802,-0.036446,0.040076,0.11216,0.15892,0.16583,0.13074,0.06568,-0.0063241
-0.093982,-0.068717,0.0027678,0.10384,0.20505,0.27243,0.27797,0.209,0.073394,-0.10128,-0.27469,-0.40475,-0.4594,-0.42559,-0.31281,-0.14995,0.02326,0.16759,0.25502,0.27544,0.23769,0.16494,0.086134,0.026572,0.00055332,0.008303,0.037769,0.070292,0.087945,0.079952,0.046121,-0.0036467,-0.053265,-0.086239,-0.091207,-0.065426,-0.015222,0.046463,0.10434,0.14528,0.1616,0.15228,0.12192,0.078445,0.03029,-0.015605,-0.054617,-0.084013,-0.10187,-0.10609,-0.094211,-0.064108,-0.015415,0.049056,0.12264,0.19535,0.25573,0.29343,0.30184,0.27986,0.23219,0.16813,0.099097,0.035767,-0.014475,-0.049067,-0.070513,-0.085439,-0.10286,-0.13212,-0.18096,-0.25396,-0.35147,-0.46901,-0.59734,-0.72313,-0.83053,-0.90358,-0.92926,-0.90057,-0.81886,-0.69461,-0.54598,-0.39527,-0.2639,-0.16729,-0.11111,-0.090169,-0.090529,-0.094302,-0.085741,-0.056644,-0.0092063,0.044783,0.088294,0.10559,0.088734,0.041617,-0.019992,-0.072881
-0.14398,-0.089577,0.0059475,0.12076,0.22326,0.28047,0.26775,0.17705,0.020945,-0.16909,-0.35006,-0.47856,-0.52259,-0.47051,-0.3345,-0.14722,0.047164,0.20524,0.29607,0.30902,0.25534,0.16335,0.068711,0.0030808,-0.015307,0.013658,0.073309,0.13687,0.17704,0.17538,0.12824,0.047739,-0.042598,-0.11571,-0.14977,-0.13499,-0.076287,0.0087784,0.09586,0.16142,0.18952,0.17569,0.12692,0.058197,-0.013023,-0.07226,-0.11161,-0.13049,-0.1336,-0.12729,-0.11584,-0.099274,-0.073444,-0.032366,0.02825,0.1077,0.19859,0.28762,0.35862,0.39701,0.39415,0.35014,0.27411,0.1817,0.090709,0.015977,-0.034765,-0.062937,-0.07843,-0.096438,-0.13275,-0.19884,-0.29816,-0.42456,-0.56321,-0.69385,-0.7953,-0.85032,-0.8495,-0.79326,-0.69176,-0.56246,-0.42618,-0.3025,-0.20562,-0.1416,-0.10781,-0.094598,-0.088777,-0.078067,-0.055119,-0.019972,0.01993,0.052287,0.064424,0.048344,0.0046861,-0.055881,-0.11464,-0.14993
-0.19409,-0.12865,-0.028233,0.084606,0.18038,0.22986,0.21219,0.12169,-0.028806,-0.20937,-0.37941,-0.49763,-0.53297,-0.47345,-0.33022,-0.13522,0.06694,0.23104,0.32352,0.33153,0.26593,0.15722,0.045788,-0.030745,-0.048927,-0.0062389,0.078949,0.17408,0.24353,0.26053,0.21593,0.12106,0.003923,-0.10008,-0.15962,-0.15734,-0.095042,0.0073797,0.11876,0.20669,0.24747,0.23255,0.1698,0.079351,-0.014149,-0.089882,-0.13696,-0.15624,-0.15754,-0.15364,-0.15361,-0.15811,-0.15856,-0.14045,-0.089729,0.00044443,0.12495,0.26609,0.39749,0.49141,0.52706,0.49703,0.4098,0.28718,0.15771,0.047899,-0.025565,-0.060426,-0.06868,-0.071867,-0.093422,-0.15061,-0.24864,-0.37862,-0.52005,-0.64673,-0.73418,-0.76635,-0.73962,-0.66309,-0.55533,-0.4389,-0.33423,-0.25475,-0.2045,-0.17855,-0.16591,-0.15383,-0.13214,-0.096481,-0.049595,-0.00039233,0.038788,0.056028,0.043743,0.0016416,-0.06213,-0.1321,-0.18877,-0.21356
-0.23116,-0.17822,-0.095892,-0.0023153,0.079159,0.125,0.11751,0.05038,-0.067919,-0.21423,-0.35498,-0.45397,-0.48192,-0.42521,-0.29086,-0.10617,0.087755,0.24676,0.336,0.33994,0.26703,0.14715,0.022542,-0.065136,-0.087672,-0.038917,0.063633,0.18483,0.28357,0.3263,0.29803,0.2071,0.082314,-0.036675,-0.11237,-0.12149,-0.062199,0.04591,0.16873,0.26897,0.31799,0.30404,0.23446,0.13139,0.022846,-0.067302,-0.1268,-0.15741,-0.17153,-0.1848,-0.2076,-0.23912,-0.26623,-0.26795,-0.22374,-0.12272,0.029915,0.21177,0.3882,0.52193,0.58414,0.56326,0.46847,0.32676,0.17426,0.045042,-0.039145,-0.074688,-0.075782,-0.068235,-0.079688,-0.12966,-0.22271,-0.34695,-0.47805,-0.58732,-0.65091,-0.65703,-0.60908,-0.52377,-0.4252,-0.33718,-0.27615,-0.24718,-0.24379,-0.25153,-0.25359,-0.23673,-0.19549,-0.13361,-0.062559,0.0020984,0.045316,0.056691,0.033169,-0.020173,-0.091253,-0.16357,-0.21971,-0.24505
-0.24775,-0.22915,-0.18505,-0.12495,-0.063304,-0.017142,-0.002076,-0.027609,-0.093017,-0.18543,-0.28137,-0.35196,-0.37086,-0.32265,-0.20897,-0.050088,0.11929,0.25917,0.33587,0.33247,0.25471,0.12996,-0.00059514,-0.094425,-0.1209,-0.07093,0.040184,0.17774,0.29896,0.36685,0.3622,0.28957,0.17536,0.058817,-0.02112,-0.038521,0.011471,0.11178,0.22981,0.32859,0.37881,0.36746,0.30034,0.19799,0.086923,-0.010348,-0.082686,-0.13243,-0.17173,-0.21479,-0.26933,-0.33088,-0.38239,-0.3995,-0.35984,-0.25271,-0.085576,0.1154,0.31136,0.46151,0.53507,0.52045,0.4284,0.28818,0.13789,0.012467,-0.06679,-0.097652,-0.095709,-0.087176,-0.098487,-0.14638,-0.23192,-0.34037,-0.44663,-0.52428,-0.55469,-0.53322,-0.47041,-0.38795,-0.3111,-0.26033,-0.24503,-0.26125,-0.29401,-0.32311,-0.33011,-0.3043,-0.24571,-0.16446,-0.077242,-0.0021352,0.046251,0.060088,0.039374,-0.0090568,-0.073807,-0.14158,-0.19955,-0.23721
-0.24354,-0.27266,-0.27821,-0.25905,-0.21994,-0.17156,-0.12828,-0.10386,-0.10632,-0.13404,-0.17469,-0.20802,-0.21218,-0.17146,-0.083075,0.039872,0.17063,0.2761,0.32712,0.30836,0.22443,0.099801,-0.027776,-0.1186,-0.14337,-0.092592,0.020271,0.16298,0.29479,0.37949,0.39674,0.34815,0.25601,0.15528,0.081694,0.060102,0.096841,0.17866,0.27814,0.36349,0.40902,0.40264,0.348,0.26095,0.16198,0.068038,-0.013266,-0.084685,-0.15554,-0.23484,-0.32429,-0.41435,-0.48527,-0.51296,-0.47786,-0.37336,-0.21061,-0.017523,0.16795,0.30836,0.37745,0.36763,0.2914,0.17652,0.056543,-0.040008,-0.098083,-0.11942,-0.11982,-0.12166,-0.14451,-0.19734,-0.27507,-0.36051,-0.43091,-0.46647,-0.45769,-0.40896,-0.3371,-0.26554,-0.21637,-0.20294,-0.2258,-0.27297,-0.32439,-0.35882,-0.36055,-0.32389,-0.25417,-0.16517,-0.074438,0.0018064,0.052433,0.072899,0.064537,0.032494,-0.016477,-0.075449,-0.13766,-0.19615
-0.22371,-0.30106,-0.35577,-0.37682,-0.36028,-0.3113,-0.24298,-0.1723,-0.11435,-0.077042,-0.058272,-0.046927,-0.027542,0.012949,0.078881,0.16247,0.24493,0.30215,0.31304,0.26776,0.1728,0.050731,-0.065564,-0.14255,-0.15647,-0.10105,0.010237,0.14814,0.27669,0.36423,0.39299,0.36384,0.295,0.21524,0.15399,0.13196,0.15519,0.21432,0.28907,0.35574,0.39504,0.39742,0.36416,0.30449,0.2301,0.14975,0.066175,-0.02351,-0.12409,-0.2371,-0.35658,-0.46789,-0.55042,-0.5837,-0.55463,-0.46321,-0.32445,-0.16542,-0.018221,0.088998,0.13978,0.13341,0.083815,0.013841,-0.053017,-0.10048,-0.12421,-0.13177,-0.13819,-0.15881,-0.2023,-0.26645,-0.33833,-0.3988,-0.42949,-0.41985,-0.37142,-0.2979,-0.2209,-0.16283,-0.13963,-0.15568,-0.2027,-0.26279,-0.31448,-0.3395,-0.32801,-0.28065,-0.20711,-0.12213,-0.040592,0.026369,0.073029,0.09839,0.10391,0.091096,0.060179,0.010653,-0.056789,-0.13792
-0.19512,-0.30798,-0.39992,-0.45318,-0.45756,-0.41351,-0.33167,-0.22933,-0.12477,-0.031771,0.043807,0.10414,0.15629,0.2072,0.25886,0.30581,0.33613,0.33574,0.29453,0.2119,0.09948,-0.020262,-0.11959,-0.1734,-0.16693,-0.1007,0.0092372,0.13578,0.24873,0.3235,0.34794,0.32495,0.27044,0.20739,0.15822,0.13815,0.15149,0.19182,0.24562,0.29743,0.33479,0.35095,0.34486,0.31888,0.27562,0.21563,0.13703,0.037439,-0.082781,-0.21754,-0.35386,-0.47354,-0.55744,-0.59114,-0.56982,-0.50068,-0.40148,-0.29585,-0.20641,-0.1484,-0.12575,-0.13113,-0.14982,-0.16598,-0.16906,-0.15779,-0.14042,-0.13107,-0.14356,-0.1851,-0.25225,-0.33085,-0.40008,-0.43918,-0.43469,-0.38537,-0.30318,-0.20973,-0.1296,-0.082593,-0.077737,-0.11086,-0.16653,-0.22351,-0.26162,-0.26776,-0.23904,-0.18221,-0.11019,-0.036941,0.026886,0.076245,0.11118,0.13412,0.14654,0.14654,0.12875,0.086504,0.015716,-0.081531
-0.16233,-0.28847,-0.39821,-0.47151,-0.49478,-0.46412,-0.38567,-0.27301,-0.14278,-0.010299,0.11339,0.22214,0.31314,0.38417,0.43138,0.44863,0.42917,0.36888,0.27002,0.1435,0.0085203,-0.11083,-0.19131,-0.21689,-0.18355,-0.10086,0.010266,0.1232,0.21283,0.26214,0.26615,0.23214,0.17635,0.11841,0.075477,0.057939,0.067837,0.10007,0.14547,0.1943,0.23877,0.2738,0.29613,0.30268,0.28927,0.25078,0.1828,0.084363,-0.039537,-0.17707,-0.31101,-0.42257,-0.49642,-0.52534,-0.51261,-0.47114,-0.41944,-0.37556,-0.35125,-0.34827,-0.35832,-0.36679,-0.35889,-0.32604,-0.27014,-0.20392,-0.14712,-0.11973,-0.13456,-0.19187,-0.27813,-0.36941,-0.43855,-0.46367,-0.43517,-0.35888,-0.25419,-0.14792,-0.065882,-0.025041,-0.028786,-0.066764,-0.11911,-0.1634,-0.18189,-0.16656,-0.12043,-0.055095,0.014333,0.074737,0.11894,0.14671,0.16272,0.17261,0.17897,0.17898,0.16487,0.12699,0.058371,-0.041048
-0.12524,-0.23971,-0.3465,-0.42761,-0.46832,-0.46031,-0.40284,-0.30197,-0.16852,-0.015655,0.14285,0.29347,0.42305,0.51883,0.56916,0.56528,0.5039,0.3897,0.23667,0.067211,-0.091397,-0.21247,-0.27614,-0.27438,-0.21328,-0.1117,0.0035666,0.10466,0.16964,0.18753,0.16015,0.10025,0.026929,-0.040107,-0.085577,-0.10157,-0.087838,-0.049884,0.0040156,0.06552,0.12769,0.18496,0.23209,0.2631,0.27112,0.24968,0.195,0.10861,-0.0012858,-0.12042,-0.23144,-0.31849,-0.37196,-0.39161,-0.38677,-0.37326,-0.36782,-0.38196,-0.41737,-0.46475,-0.50662,-0.52345,-0.501,-0.43639,-0.34049,-0.2357,-0.14949,-0.10575,-0.11689,-0.17924,-0.27356,-0.37058,-0.43983,-0.45891,-0.42023,-0.33301,-0.2199,-0.10958,-0.027685,0.010918,0.0059429,-0.0293,-0.073206,-0.10345,-0.10419,-0.070556,-0.0091117,0.065497,0.13622,0.18942,0.21876,0.22592,0.21828,0.20461,0.19067,0.17652,0.15643,0.12146,0.06361,-0.020128
-0.079656,-0.16245,-0.25055,-0.3308,-0.3885,-0.41038,-0.38713,-0.31502,-0.19672,-0.04132,0.13623,0.31628,0.47634,0.59392,0.64997,0.63278,0.54128,0.38682,0.19247,-0.010451,-0.18826,-0.31196,-0.3638,-0.34134,-0.25807,-0.13994,-0.018931,0.074826,0.12017,0.10936,0.04879,-0.043894,-0.1453,-0.23256,-0.28851,-0.30465,-0.28131,-0.22558,-0.14819,-0.060565,0.027148,0.10661,0.17092,0.21412,0.23116,0.21882,0.17716,0.11089,0.029579,-0.053781,-0.12582,-0.17668,-0.20332,-0.21103,-0.2121,-0.2219,-0.25332,-0.31157,-0.39106,-0.47594,-0.54425,-0.57472,-0.55412,-0.48243,-0.37423,-0.25538,-0.15577,-0.10051,-0.10219,-0.15682,-0.24486,-0.33702,-0.40315,-0.42131,-0.38413,-0.30058,-0.19252,-0.087489,-0.0098633,0.026483,0.021879,-0.010162,-0.048102,-0.06981,-0.05973,-0.013489,0.061372,0.14851,0.22844,0.28467,0.30835,0.2999,0.26752,0.22335,0.17869,0.14026,0.10838,0.077779,0.040372,-0.011078
-0.020439,-0.062579,-0.12578,-0.20218,-0.2769,-0.33134,-0.34734,-0.31152,-0.21875,-0.074174,0.10659,0.29931,0.47481,0.60384,0.66262,0.63777,0.52978,0.35389,0.1381,-0.081839,-0.26935,-0.39461,-0.44093,-0.40838,-0.3136,-0.18583,-0.059879,0.031994,0.06744,0.038691,-0.046506,-0.16773,-0.29754,-0.40831,-0.47835,-0.49598,-0.46061,-0.38129,-0.27322,-0.15386,-0.039307,0.057901,0.12978,0.17273,0.18696,0.17574,0.14491,0.10232,0.056975,0.017635,-0.0091098,-0.020809,-0.020485,-0.016575,-0.021074,-0.046103,-0.099724,-0.18233,-0.28495,-0.39037,-0.4771,-0.52524,-0.52256,-0.46887,-0.37701,-0.27002,-0.17502,-0.11552,-0.10458,-0.1409,-0.20922,-0.28493,-0.34159,-0.35894,-0.32897,-0.25809,-0.16477,-0.073429,-0.0065688,0.022331,0.012884,-0.022386,-0.062339,-0.084183,-0.070821,-0.01627,0.072502,0.17777,0.27645,0.34692,0.37507,0.35787,0.30341,0.22774,0.14956,0.084597,0.041351,0.019335,0.010192,0.0011372
0.054129,0.048009,0.0051836,-0.069905,-0.16112,-0.2447,-0.29528,-0.29249,-0.22625,-0.099759,0.070541,0.25782,0.4299,0.55542,0.60992,0.58066,0.46939,0.29235,0.077678,-0.13971,-0.32464,-0.44853,-0.49516,-0.46406,-0.37061,-0.24276,-0.1149,-0.020154,0.017012,-0.013765,-0.10668,-0.2415,-0.38865,-0.51632,-0.59776,-0.61696,-0.57139,-0.47142,-0.33675,-0.19114,-0.0569,0.0495,0.11977,0.15391,0.1585,0.14394,0.12157,0.10127,0.089928,0.090723,0.10302,0.1227,0.14279,0.15446,0.14858,0.11763,0.057887,-0.028758,-0.13395,-0.24365,-0.34061,-0.40826,-0.43509,-0.41812,-0.36438,-0.28967,-0.2146,-0.15897,-0.1361,-0.14887,-0.18879,-0.23865,-0.27792,-0.28939,-0.26483,-0.20792,-0.13324,-0.061636,-0.013385,-0.0012597,-0.025878,-0.074885,-0.12638,-0.15561,-0.14283,-0.079868,0.026675,0.15677,0.28237,0.37533,0.41537,0.39571,0.32471,0.22301,0.11727,0.032321,-0.015777,-0.023847,-0.0016974,0.031614
0.13894,0.15238,0.11701,0.037248,-0.068168,-0.17147,-0.24352,-0.26157,-0.215,-0.10787,0.042181,0.20796,0.35856,0.46545,0.50776,0.47572,0.37208,0.21148,0.017928,-0.17915,-0.34973,-0.46844,-0.51926,-0.49891,-0.41798,-0.29933,-0.17368,-0.073104,-0.023829,-0.039985,-0.12,-0.24675,-0.39152,-0.52091,-0.60499,-0.62429,-0.57415,-0.46501,-0.31894,-0.16341,-0.024258,0.080175,0.14237,0.16567,0.16149,0.14489,0.12999,0.12654,0.13838,0.16374,0.19695,0.2305,0.25683,0.26944,0.26328,0.23495,0.183,0.10853,0.015972,-0.086543,-0.18765,-0.27448,-0.33541,-0.36317,-0.35724,-0.32459,-0.27809,-0.233,-0.20238,-0.19291,-0.20273,-0.22211,-0.23697,-0.23423,-0.20708,-0.15826,-0.10012,-0.050874,-0.028444,-0.043608,-0.09503,-0.16803,-0.23783,-0.2766,-0.26212,-0.1854,-0.05462,0.10605,0.26257,0.38047,0.43457,0.4162,0.3355,0.21823,0.097967,0.0062074,-0.036643,-0.026686,0.023176,0.087992
0.22151,0.2317,0.18749,0.096906,-0.017896,-0.12738,-0.20309,-0.22519,-0.1871,-0.096301,0.028384,0.1618,0.27813,0.35574,0.38045,0.34685,0.25825,0.12564,-0.033925,-0.19925,-0.3476,-0.4578,-0.51397,-0.50895,-0.44684,-0.34335,-0.22339,-0.11609,-0.048092,-0.036755,-0.085402,-0.18195,-0.30167,-0.41344,-0.48781,-0.5046,-0.45782,-0.35655,-0.22165,-0.079476,0.045454,0.13651,0.18816,0.20553,0.20109,0.18959,0.18335,0.18912,0.20743,0.23401,0.26243,0.28667,0.30262,0.30815,0.30207,0.28292,0.24826,0.19529,0.12248,0.031499,-0.071387,-0.17558,-0.26814,-0.33716,-0.37526,-0.38197,-0.36392,-0.33252,-0.30001,-0.2751,-0.26004,-0.2503,-0.23709,-0.21191,-0.17143,-0.12059,-0.072427,-0.044418,-0.052133,-0.10251,-0.18918,-0.29193,-0.38091,-0.42483,-0.40056,-0.30111,-0.13931,0.054489,0.24011,0.37857,0.44299,0.42617,0.3422,0.2219,0.10329,0.02019,-0.0074838,0.021123,0.088658,0.16592
0.28502,0.27022,0.20339,0.098828,-0.018187,-0.11927,-0.1811,-0.19131,-0.15067,-0.07138,0.027322,0.12449,0.20203,0.24735,0.25398,0.22075,0.15059,0.049676,-0.072677,-0.20384,-0.32811,-0.42825,-0.48829,-0.49747,-0.45379,-0.36604,-0.25302,-0.13975,-0.051435,-0.0068275,-0.01301,-0.063345,-0.13934,-0.21592,-0.26858,-0.28008,-0.24478,-0.16925,-0.069307,0.035416,0.12744,0.19591,0.23841,0.25968,0.2683,0.27272,0.27814,0.2855,0.29237,0.29539,0.29261,0.28483,0.27514,0.26696,0.26151,0.25592,0.2431,0.21375,0.15968,0.077583,-0.028695,-0.14806,-0.26476,-0.36274,-0.43024,-0.46304,-0.46497,-0.44568,-0.4164,-0.3855,-0.35564,-0.32373,-0.28375,-0.23143,-0.16864,-0.10553,-0.059053,-0.047936,-0.085567,-0.17332,-0.297,-0.42815,-0.53051,-0.56992,-0.52477,-0.39348,-0.19654,0.028125,0.23511,0.38397,0.45031,0.43213,0.34946,0.23742,0.13505,0.073536,0.06729,0.11081,0.18185,0.24958
0.31432,0.26064,0.16473,0.047879,-0.062964,-0.14353,-0.17899,-0.16704,-0.11686,-0.044938,0.03056,0.094538,0.13756,0.15585,0.1494,0.11955,0.06752,-0.0055487,-0.097005,-0.20064,-0.30546,-0.39639,-0.45711,-0.47435,-0.44226,-0.36512,-0.25714,-0.1393,-0.033872,0.041531,0.078493,0.079458,0.056046,0.024729,0.0014271,-0.0030816,0.01451,0.050537,0.097147,0.14605,0.19165,0.2323,0.26953,0.30555,0.34067,0.37171,0.39236,0.39557,0.37682,0.33697,0.28324,0.2276,0.18298,0.15847,0.15547,0.16628,0.17597,0.16697,0.12509,0.044539,-0.069551,-0.20235,-0.33375,-0.44443,-0.52144,-0.56124,-0.56922,-0.55602,-0.53232,-0.50421,-0.47118,-0.42765,-0.36741,-0.28912,-0.20044,-0.11862,-0.066708,-0.066195,-0.12857,-0.24875,-0.40325,-0.55431,-0.65928,-0.68261,-0.60676,-0.43833,-0.20732,0.040688,0.25695,0.40301,0.46081,0.43655,0.35715,0.26062,0.18364,0.15046,0.16632,0.21757,0.27772,0.31738
0.30251,0.20803,0.085945,-0.036775,-0.13375,-0.18709,-0.19186,-0.15583,-0.095334,-0.029037,0.027821,0.066781,0.086273,0.089035,0.07844,0.055589,0.018533,-0.036077,-0.10977,-0.19907,-0.29394,-0.37888,-0.43659,-0.45293,-0.42138,-0.34536,-0.23755,-0.1162,-2.9358e-05,0.096692,0.16712,0.21198,0.23723,0.25032,0.25686,0.25897,0.25589,0.24643,0.23175,0.21706,0.2111,0.22326,0.2593,0.31765,0.38777,0.45195,0.49014,0.48655,0.43549,0.34434,0.23224,0.12453,0.044744,0.0067859,0.010092,0.039549,0.07037,0.076307,0.038393,-0.048806,-0.17559,-0.32063,-0.45825,-0.56669,-0.63446,-0.66248,-0.66144,-0.64571,-0.62642,-0.60655,-0.5802,-0.53649,-0.4663,-0.3694,-0.25837,-0.15754,-0.096471,-0.099986,-0.17808,-0.31957,-0.49224,-0.65,-0.74535,-0.74331,-0.63222,-0.42803,-0.17018,0.089448,0.30129,0.43177,0.47162,0.4365,0.35984,0.28077,0.23105,0.22556,0.25903,0.30979,0.34883,0.3507
0.25562,0.1304,-0.0068556,-0.12633,-0.2045,-0.23079,-0.20934,-0.15566,-0.090059,-0.03048,0.012455,0.036715,0.046447,0.047413,0.042566,0.029803,0.0028815,-0.044998,-0.11658,-0.20706,-0.30341,-0.38703,-0.43894,-0.44549,-0.40256,-0.31662,-0.20229,-0.077411,0.042266,0.14698,0.23384,0.30483,0.36289,0.40838,0.43744,0.44333,0.42037,0.36862,0.29702,0.22333,0.16994,0.15678,0.19369,0.27524,0.38025,0.47692,0.53217,0.5223,0.44129,0.30358,0.14023,-0.010704,-0.11632,-0.15945,-0.14414,-0.09388,-0.043471,-0.027072,-0.066821,-0.16582,-0.30786,-0.46375,-0.60174,-0.69815,-0.74431,-0.74752,-0.72584,-0.6992,-0.68041,-0.66987,-0.65604,-0.62169,-0.55325,-0.44955,-0.32598,-0.21202,-0.14238,-0.14465,-0.22786,-0.37635,-0.55162,-0.70212,-0.77815,-0.74708,-0.60372,-0.37244,-0.10016,0.15758,0.35282,0.45852,0.47462,0.42543,0.34934,0.28483,0.25765,0.27329,0.31706,0.36125,0.37636,0.34231
0.19289,0.055131,-0.08223,-0.18986,-0.24863,-0.25458,-0.21823,-0.15895,-0.097176,-0.047366,-0.014632,0.0042693,0.016418,0.027044,0.035383,0.033994,0.011866,-0.040001,-0.12302,-0.22793,-0.33581,-0.42296,-0.46803,-0.45867,-0.39521,-0.28993,-0.16244,-0.0328,0.084567,0.18406,0.26794,0.34188,0.40931,0.46718,0.50534,0.51022,0.47141,0.38858,0.27533,0.158,0.06889,0.035913,0.072253,0.16991,0.30002,0.42047,0.48868,0.4754,0.37477,0.20692,0.012026,-0.16251,-0.2774,-0.3141,-0.2805,-0.20757,-0.13833,-0.11296,-0.15529,-0.26543,-0.42072,-0.58461,-0.71982,-0.80096,-0.82205,-0.7964,-0.74925,-0.70643,-0.68349,-0.67975,-0.67961,-0.66044,-0.60401,-0.50661,-0.38371,-0.26674,-0.19281,-0.19095,-0.26979,-0.41162,-0.57537,-0.70792,-0.76036,-0.70359,-0.53797,-0.29371,-0.021766,0.22178,0.39243,0.4697,0.46118,0.39735,0.31921,0.26345,0.25025,0.27781,0.32512,0.36134,0.35822,0.30084
0.14198,0.011746,-0.11195,-0.20289,-0.2465,-0.24328,-0.20637,-0.15489,-0.10604,-0.069212,-0.044283,-0.024608,-0.0028332,0.023174,0.047171,0.055743,0.033559,-0.029418,-0.13182,-0.25862,-0.38394,-0.47826,-0.51753,-0.49065,-0.4028,-0.27314,-0.12789,0.0084694,0.12057,0.20527,0.26954,0.32416,0.37625,0.42385,0.45525,0.45359,0.40506,0.30733,0.17439,0.035306,-0.073524,-0.12026,-0.089478,0.010534,0.14817,0.27717,0.35097,0.33803,0.23277,0.058128,-0.1415,-0.31462,-0.41959,-0.43827,-0.38161,-0.28539,-0.1975,-0.16142,-0.20159,-0.31578,-0.47693,-0.64349,-0.77429,-0.84242,-0.84326,-0.79383,-0.7243,-0.66513,-0.63492,-0.63381,-0.64477,-0.64224,-0.60441,-0.5243,-0.41489,-0.30608,-0.23424,-0.2281,-0.29639,-0.42196,-0.56503,-0.67479,-0.70562,-0.63225,-0.45861,-0.21718,0.040939,0.26194,0.40562,0.45669,0.42746,0.35125,0.26932,0.21614,0.20812,0.23962,0.28711,0.31954,0.31073,0.24917
0.1302,0.022852,-0.079397,-0.15451,-0.19122,-0.19136,-0.1669,-0.13347,-0.10332,-0.080772,-0.062074,-0.03938,-0.0070026,0.033132,0.069528,0.083906,0.057962,-0.018457,-0.14112,-0.28989,-0.433,-0.53596,-0.57208,-0.53082,-0.42105,-0.26777,-0.10375,0.040987,0.14791,0.21381,0.24857,0.26805,0.28519,0.30324,0.31386,0.30113,0.24982,0.15443,0.025109,-0.11262,-0.22467,-0.27984,-0.26169,-0.17622,-0.052133,0.067119,0.13714,0.12755,0.032891,-0.12475,-0.30244,-0.45049,-0.5291,-0.5218,-0.44095,-0.32336,-0.2176,-0.16741,-0.19701,-0.30354,-0.45888,-0.62017,-0.74489,-0.80508,-0.79568,-0.73411,-0.65186,-0.58146,-0.54398,-0.54183,-0.55943,-0.57127,-0.554,-0.49755,-0.4108,-0.31936,-0.25607,-0.24782,-0.30371,-0.40921,-0.52889,-0.61712,-0.63308,-0.55481,-0.38738,-0.16205,0.073244,0.26886,0.38867,0.42041,0.37776,0.29372,0.20803,0.15331,0.1446,0.17599,0.22493,0.26208,0.26297,0.21691
0.17456,0.096201,0.014789,-0.051127,-0.091183,-0.10532,-0.10143,-0.090042,-0.078639,-0.068261,-0.05398,-0.028943,0.009909,0.057248,0.098322,0.11251,0.080543,-0.0071932,-0.1446,-0.30876,-0.46475,-0.57519,-0.61143,-0.56249,-0.43863,-0.2682,-0.088713,0.064488,0.16826,0.21678,0.22034,0.19849,0.17071,0.14806,0.12948,0.10376,0.056377,-0.021766,-0.12764,-0.24438,-0.3457,-0.40507,-0.40621,-0.3507,-0.25945,-0.16702,-0.11028,-0.11549,-0.18836,-0.31095,-0.44698,-0.55369,-0.59659,-0.56158,-0.46036,-0.32686,-0.20614,-0.13927,-0.14972,-0.23593,-0.37243,-0.51913,-0.63516,-0.69239,-0.68381,-0.62399,-0.54189,-0.46902,-0.42751,-0.42262,-0.44235,-0.46404,-0.46505,-0.43329,-0.37311,-0.30436,-0.25463,-0.24783,-0.29337,-0.38039,-0.47946,-0.55151,-0.56088,-0.488,-0.33697,-0.13527,0.074311,0.24703,0.34995,0.37156,0.32414,0.2381,0.1508,0.09381,0.083021,0.115,0.17026,0.22184,0.24574,0.22928
0.27428,0.2206,0.15168,0.0846,0.031597,-0.0028067,-0.020961,-0.028466,-0.029831,-0.025636,-0.012631,0.013225,0.052275,0.097512,0.1339,0.14168,0.10286,0.0088579,-0.13387,-0.30263,-0.46289,-0.57722,-0.6162,-0.5676,-0.4406,-0.26361,-0.076036,0.083021,0.1856,0.22157,0.19919,0.13967,0.068045,0.0039405,-0.044518,-0.081479,-0.11898,-0.16946,-0.23854,-0.32096,-0.40168,-0.46159,-0.48558,-0.46966,-0.424,-0.37038,-0.3347,-0.33712,-0.38378,-0.46317,-0.54903,-0.60895,-0.61587,-0.55827,-0.4453,-0.30492,-0.17528,-0.092493,-0.078815,-0.13549,-0.2427,-0.36657,-0.47066,-0.52789,-0.52861,-0.48228,-0.4123,-0.34635,-0.3058,-0.29847,-0.31696,-0.34332,-0.35766,-0.3473,-0.31276,-0.26799,-0.23471,-0.23318,-0.27271,-0.34607,-0.42995,-0.49183,-0.50085,-0.43894,-0.30804,-0.13078,0.055822,0.21168,0.30595,0.32634,0.28211,0.20008,0.11512,0.058536,0.048396,0.084953,0.15231,0.22534,0.27899,0.29658
0.40868,0.36747,0.29839,0.21952,0.14715,0.091619,0.056102,0.038475,0.034643,0.041548,0.058283,0.084834,0.11921,0.15466,0.17875,0.17549,0.13022,0.035874,-0.10203,-0.26372,-0.4183,-0.53115,-0.5737,-0.53229,-0.41322,-0.24198,-0.056695,0.10229,0.20342,0.23197,0.19265,0.10618,0.0012105,-0.095428,-0.16675,-0.20934,-0.23183,-0.24918,-0.2753,-0.31696,-0.37128,-0.42764,-0.47294,-0.49782,-0.5012,-0.49104,-0.48108,-0.48464,-0.50811,-0.54699,-0.58611,-0.60455,-0.58333,-0.51334,-0.4002,-0.26416,-0.13468,-0.041488,-0.0050823,-0.03009,-0.10383,-0.20065,-0.29041,-0.3483,-0.3623,-0.33595,-0.28557,-0.23317,-0.19788,-0.18916,-0.20426,-0.23072,-0.25268,-0.25841,-0.24577,-0.22355,-0.20781,-0.21475,-0.25287,-0.31762,-0.39092,-0.446,-0.45623,-0.40473,-0.29127,-0.13391,0.035629,0.18128,0.27369,0.29926,0.26403,0.19128,0.11361,0.062312,0.057678,0.10329,0.18605,0.28159,0.36276,0.40831
0.54182,0.49806,0.41681,0.31892,0.2257,0.1531,0.10872,0.092018,0.097107,0.11639,0.14332,0.17326,0.20228,0.22514,0.23381,0.21793,0.1676,0.077826,-0.04728,-0.19234,-0.33223,-0.43742,-0.48193,-0.45144,-0.34879,-0.19477,-0.023536,0.12627,0.22194,0.24546,0.19792,0.098059,-0.024358,-0.13805,-0.21952,-0.25911,-0.26211,-0.24492,-0.22795,-0.22805,-0.25316,-0.30073,-0.36027,-0.41851,-0.46487,-0.49518,-0.51201,-0.52197,-0.53114,-0.54085,-0.54583,-0.53556,-0.49859,-0.42805,-0.32611,-0.20543,-0.086722,0.007037,0.057672,0.057755,0.013167,-0.058707,-0.13458,-0.19271,-0.21958,-0.21346,-0.18372,-0.14634,-0.11745,-0.10734,-0.11733,-0.14039,-0.16527,-0.18213,-0.18741,-0.18566,-0.18764,-0.20519,-0.24504,-0.30403,-0.36799,-0.41511,-0.42281,-0.37594,-0.27311,-0.12892,0.029257,0.16901,0.26272,0.29613,0.27292,0.21339,0.14792,0.10718,0.11244,0.1691,0.26552,0.37727,0.47521,0.53453
0.63281,0.57438,0.47421,0.35624,0.24599,0.16362,0.11944,0.11306,0.13585,0.17521,0.21889,0.25764,0.28572,0.29945,0.29531,0.26891,0.21566,0.13329,0.025093,-0.097821,-0.21664,-0.30816,-0.35067,-0.33081,-0.24887,-0.1207,0.025182,0.15455,0.23671,0.25308,0.20248,0.1012,-0.022117,-0.13517,-0.21156,-0.23811,-0.21777,-0.1673,-0.11098,-0.072411,-0.067342,-0.09978,-0.16228,-0.23989,-0.316,-0.37775,-0.41907,-0.44065,-0.44718,-0.44342,-0.43095,-0.40712,-0.3666,-0.30481,-0.22176,-0.12433,-0.026004,0.056308,0.10729,0.11824,0.090245,0.034194,-0.032462,-0.091145,-0.12785,-0.1371,-0.12286,-0.09613,-0.070347,-0.056365,-0.058952,-0.076052,-0.1009,-0.12597,-0.14685,-0.16446,-0.1844,-0.21368,-0.25625,-0.30911,-0.36107,-0.39493,-0.39272,-0.34227,-0.24266,-0.1064,0.042872,0.1767,0.2703,0.31038,0.29952,0.25562,0.20629,0.18003,0.19698,0.26243,0.36505,0.48047,0.57897,0.63459
0.64867,0.57067,0.45278,0.32057,0.20151,0.11759,0.080227,0.088745,0.13244,0.19509,0.26006,0.3142,0.34959,0.36294,0.35372,0.32223,0.26877,0.19449,0.10325,0.0034937,-0.091268,-0.16424,-0.19933,-0.18622,-0.1248,-0.027139,0.084214,0.18152,0.23933,0.24195,0.18839,0.093133,-0.017837,-0.11449,-0.17152,-0.17558,-0.12887,-0.047891,0.042003,0.11436,0.14924,0.13821,0.085505,0.005228,-0.083987,-0.16485,-0.22583,-0.26275,-0.27763,-0.27551,-0.261,-0.23604,-0.19975,-0.15024,-0.087449,-0.015503,0.056599,0.11658,0.15229,0.15579,0.12642,0.071662,0.0053826,-0.056198,-0.099299,-0.11654,-0.10874,-0.083909,-0.05409,-0.0311,-0.022928,-0.03194,-0.05541,-0.087877,-0.12414,-0.16146,-0.20005,-0.24149,-0.28609,-0.33018,-0.36518,-0.37886,-0.35898,-0.29796,-0.19697,-0.067447,0.070632,0.19382,0.28196,0.32454,0.32436,0.297,0.26611,0.25589,0.28301,0.35094,0.44823,0.55181,0.63388,0.67044
0.57547,0.48159,0.35488,0.21982,0.10252,0.024136,-0.0040225,0.017675,0.078599,0.16173,0.24852,0.32313,0.37497,0.39918,0.3955,0.36647,0.31606,0.24916,0.17197,0.092698,0.021649,-0.029893,-0.052124,-0.039861,0.0047615,0.071274,0.14236,0.19784,0.22018,0.19993,0.13923,0.052154,-0.038627,-0.10787,-0.13488,-0.10945,-0.034913,0.072756,0.1894,0.28928,0.35181,0.36645,0.33434,0.26663,0.1803,0.092984,0.01865,-0.034795,-0.065479,-0.075703,-0.069339,-0.049712,-0.018825,0.021947,0.070255,0.12126,0.16719,0.19842,0.206,0.18468,0.1353,0.065564,-0.011385,-0.080224,-0.12759,-0.14578,-0.13473,-0.1018,-0.059338,-0.021004,0.0019116,0.0030387,-0.018349,-0.05837,-0.11065,-0.16854,-0.22648,-0.28016,-0.32569,-0.35843,-0.37243,-0.36106,-0.31898,-0.24462,-0.14235,-0.02304,0.097511,0.2022,0.27732,0.31682,0.32448,0.31323,0.30127,0.30633,0.33964,0.40174,0.48155,0.55918,0.61173,0.62018
0.42388,0.32442,0.20256,0.078393,-0.026704,-0.094908,-0.11579,-0.088204,-0.019882,0.074891,0.17875,0.27484,0.34967,0.3948,0.40721,0.38875,0.34514,0.28475,0.21754,0.15391,0.10347,0.073609,0.067932,0.085088,0.11834,0.15643,0.18578,0.19377,0.17235,0.12084,0.047097,-0.033554,-0.10162,-0.13812,-0.12951,-0.071382,0.030042,0.15916,0.29455,0.41395,0.49914,0.53961,0.53399,0.48921,0.4179,0.33489,0.25396,0.18571,0.13664,0.10947,0.10409,0.11841,0.14884,0.19022,0.23559,0.27624,0.30248,0.30528,0.27847,0.22087,0.13754,0.039548,-0.057921,-0.13883,-0.19003,-0.20452,-0.18318,-0.1346,-0.07289,-0.014306,0.026526,0.039662,0.021494,-0.025235,-0.092802,-0.17063,-0.24751,-0.31326,-0.35973,-0.38118,-0.37432,-0.33841,-0.27546,-0.19049,-0.091512,0.011151,0.10639,0.18448,0.23935,0.27036,0.28267,0.286,0.2919,0.31008,0.3451,0.39425,0.44767,0.49063,0.50757,0.48672
0.22699,0.13449,0.031196,-0.069838,-0.15468,-0.21079,-0.22917,-0.20606,-0.14378,-0.05061,0.060385,0.17337,0.27241,0.34422,0.38058,0.37983,0.34715,0.29338,0.23265,0.17923,0.14428,0.13325,0.14456,0.17009,0.19715,0.21177,0.20237,0.16299,0.095194,0.0081955,-0.082855,-0.16002,-0.20643,-0.20982,-0.16515,-0.07546,0.048815,0.19205,0.3364,0.46488,0.56393,0.62503,0.64534,0.62731,0.57778,0.50667,0.42565,0.34681,0.2813,0.23809,0.22268,0.23608,0.2742,0.32796,0.38441,0.42872,0.44687,0.42857,0.36971,0.2737,0.15137,0.01921,-0.10369,-0.1994,-0.25474,-0.26401,-0.23006,-0.1637,-0.081387,-0.0019133,0.057312,0.083529,0.070824,0.020894,-0.057672,-0.15133,-0.2443,-0.32144,-0.37077,-0.38535,-0.36395,-0.31086,-0.23468,-0.14646,-0.057592,0.022203,0.086467,0.13282,0.16296,0.18174,0.19571,0.21128,0.23293,0.26197,0.29597,0.32912,0.35343,0.36047,0.34337,0.29856
0.030743,-0.045155,-0.12073,-0.19124,-0.2516,-0.29581,-0.31697,-0.30841,-0.26569,-0.18887,-0.084192,0.035792,0.15401,0.25241,0.31633,0.33846,0.32106,0.27558,0.2195,0.1714,0.14548,0.14724,0.17186,0.20553,0.22972,0.22684,0.18579,0.10557,-0.0038539,-0.12393,-0.23208,-0.30713,-0.33419,-0.30745,-0.2305,-0.11445,0.025387,0.17303,0.31447,0.43905,0.53946,0.61094,0.65053,0.65683,0.63057,0.57569,0.50025,0.41646,0.33938,0.28422,0.26285,0.28048,0.33353,0.40954,0.48931,0.55094,0.57476,0.54789,0.46733,0.34077,0.18504,0.022601,-0.12304,-0.23182,-0.29069,-0.29563,-0.25181,-0.17217,-0.074866,0.020052,0.09396,0.13267,0.12866,0.082232,0.0014358,-0.099415,-0.20235,-0.28917,-0.345,-0.36127,-0.3373,-0.2802,-0.20289,-0.12074,-0.047806,0.0065247,0.039364,0.05431,0.059572,0.064887,0.078207,0.10318,0.13811,0.17671,0.21014,0.22968,0.22911,0.20609,0.16216,0.10178
-0.11983,-0.17627,-0.2226,-0.26179,-0.29761,-0.33116,-0.3586,-0.37123,-0.35814,-0.31055,-0.22627,-0.11239,0.015039,0.13458,0.22532,0.27316,0.27529,0.24125,0.1899,0.14327,0.11913,0.12494,0.15509,0.19257,0.21457,0.20015,0.13757,0.028815,-0.11022,-0.25372,-0.37298,-0.44402,-0.45351,-0.40126,-0.29875,-0.16469,-0.019169,0.12136,0.24679,0.35321,0.44052,0.50912,0.55743,0.58135,0.576,0.53893,0.47347,0.39046,0.30739,0.24479,0.22068,0.24502,0.31577,0.41822,0.52788,0.61622,0.65777,0.63647,0.54957,0.40806,0.23384,0.054366,-0.10331,-0.21792,-0.27736,-0.27976,-0.23249,-0.1497,-0.049386,0.049598,0.13002,0.17834,0.18636,0.15235,0.081633,-0.013917,-0.1176,-0.21088,-0.27717,-0.30562,-0.29376,-0.24815,-0.18262,-0.11441,-0.059325,-0.027267,-0.019671,-0.029615,-0.044633,-0.051298,-0.04004,-0.0085586,0.037313,0.085552,0.12199,0.13495,0.11895,0.07603,0.014547,-0.054172
-0.19433,-0.23648,-0.25995,-0.27334,-0.28798,-0.31208,-0.34609,-0.38125,-0.40199,-0.39164,-0.33909,-0.24421,-0.11954,0.012525,0.12621,0.20048,0.22581,0.20718,0.16207,0.11409,0.084383,0.083796,0.10877,0.14236,0.16017,0.13926,0.066795,-0.054459,-0.20575,-0.35728,-0.47676,-0.53867,-0.53121,-0.45874,-0.33914,-0.19726,-0.057091,0.064741,0.16195,0.23735,0.29833,0.35128,0.39719,0.43053,0.44166,0.42193,0.36918,0.29144,0.20688,0.13976,0.11336,0.14242,0.22741,0.35298,0.49116,0.60839,0.67443,0.67027,0.59284,0.45519,0.2825,0.10529,-0.047978,-0.15668,-0.21107,-0.21215,-0.16915,-0.096028,-0.0081406,0.079969,0.15565,0.2085,0.23075,0.218,0.17051,0.094179,0.00066425,-0.094129,-0.17323,-0.22277,-0.23586,-0.21481,-0.17065,-0.11989,-0.079307,-0.060549,-0.066334,-0.089712,-0.11672,-0.13159,-0.12273,-0.087225,-0.032407,0.026396,0.07094,0.086286,0.06586,0.013525,-0.05808,-0.13227
-0.18607,-0.22516,-0.23767,-0.23489,-0.23366,-0.24884,-0.28641,-0.33997,-0.39212,-0.4203,-0.40521,-0.3385,-0.22691,-0.091139,0.040298,0.14017,0.19129,0.1918,0.15502,0.10388,0.06196,0.044506,0.052604,0.072831,0.082499,0.058629,-0.012621,-0.12954,-0.27385,-0.41557,-0.5221,-0.5683,-0.54414,-0.45732,-0.32996,-0.19091,-0.066405,0.027501,0.088224,0.12468,0.15121,0.18004,0.21528,0.25093,0.27367,0.26924,0.2299,0.15987,0.076376,0.0055923,-0.025299,0.0026758,0.093102,0.23162,0.38903,0.52914,0.61885,0.63723,0.58082,0.46357,0.31195,0.15695,0.025881,-0.063659,-0.10596,-0.10562,-0.073438,-0.021703,0.039188,0.10192,0.16131,0.2124,0.24896,0.2636,0.24972,0.20448,0.13142,0.041333,-0.049598,-0.124,-0.16855,-0.17835,-0.15868,-0.12322,-0.089241,-0.07133,-0.076027,-0.09938,-0.12846,-0.14641,-0.13917,-0.10142,-0.039393,0.03055,0.087285,0.1122,0.095769,0.040994,-0.037738,-0.11986
-0.11343,-0.1625,-0.17718,-0.16868,-0.15714,-0.16318,-0.19907,-0.26294,-0.33835,-0.39955,-0.42058,-0.38493,-0.2922,-0.15914,-0.014807,0.10875,0.18669,0.20896,0.18252,0.12742,0.068529,0.025732,0.0066499,0.0043391,0.00091349,-0.024395,-0.085855,-0.18416,-0.30444,-0.42024,-0.50201,-0.52714,-0.48775,-0.39346,-0.26812,-0.14173,-0.04056,0.02097,0.043682,0.041311,0.033511,0.037043,0.05864,0.092319,0.1222,0.12971,0.10229,0.040231,-0.041251,-0.11575,-0.15401,-0.13399,-0.049134,0.088312,0.2501,0.40006,0.50475,0.54303,0.51154,0.42434,0.30732,0.18953,0.094542,0.03484,0.010723,0.013496,0.031194,0.05424,0.07875,0.10637,0.14106,0.18464,0.23326,0.27668,0.30089,0.29321,0.24773,0.16883,0.071077,-0.024764,-0.09828,-0.13617,-0.13659,-0.1094,-0.072089,-0.042856,-0.033543,-0.045059,-0.067196,-0.082944,-0.075715,-0.036682,0.030655,0.11058,0.18008,0.21678,0.20707,0.15123,0.063525,-0.032706
-0.0133,-0.082082,-0.10878,-0.10258,-0.085065,-0.081363,-0.10988,-0.17438,-0.26152,-0.34487,-0.394,-0.38547,-0.31162,-0.18404,-0.030431,0.11408,0.21799,0.26297,0.24846,0.19008,0.11252,0.039834,-0.013087,-0.044873,-0.066248,-0.09372,-0.14104,-0.21192,-0.29701,-0.37632,-0.42631,-0.4288,-0.37832,-0.28492,-0.17139,-0.065684,0.008475,0.039416,0.030777,-0.00094086,-0.033559,-0.048315,-0.037354,-0.0066889,0.026527,0.041388,0.022435,-0.03293,-0.11178,-0.18893,-0.23517,-0.2274,-0.15719,-0.034439,0.11517,0.25803,0.36304,0.411,0.39963,0.34278,0.26439,0.18961,0.13642,0.11091,0.10743,0.11336,0.11611,0.10937,0.096056,0.086733,0.094286,0.12715,0.184,0.25235,0.31179,0.34087,0.32504,0.2626,0.1662,0.059167,-0.032117,-0.086959,-0.097081,-0.068734,-0.019477,0.02913,0.060079,0.067414,0.058124,0.048724,0.05782,0.097612,0.1677,0.25375,0.33169,0.37606,0.36928,0.30847,0.20702,0.090276
0.071275,-0.019785,-0.061781,-0.061331,-0.040111,-0.026169,-0.042808,-0.099149,-0.18588,-0.27786,-0.34262,-0.35195,-0.29215,-0.16955,-0.0092343,0.1526,0.27971,0.34665,0.34546,0.28638,0.19247,0.090636,0.0023991,-0.062147,-0.10532,-0.13783,-0.17173,-0.21358,-0.26047,-0.30072,-0.31878,-0.30226,-0.24808,-0.16521,-0.072595,0.0069873,0.054856,0.063054,0.037057,-0.0065798,-0.046783,-0.066244,-0.058206,-0.029089,0.0041517,0.020983,0.005939,-0.044397,-0.11884,-0.19458,-0.2448,-0.24806,-0.19614,-0.097306,0.026097,0.14504,0.23333,0.27586,0.27271,0.23763,0.19179,0.15526,0.13961,0.14433,0.15849,0.16655,0.15616,0.12438,0.079979,0.040558,0.025676,0.048555,0.10974,0.19532,0.28071,0.3387,0.34902,0.30574,0.21982,0.11571,0.023149,-0.032763,-0.039751,-0.0017046,0.063895,0.13339,0.18633,0.21314,0.21817,0.21706,0.22927,0.26904,0.33817,0.42366,0.50127,0.54389,0.53156,0.45929,0.33981,0.19985
0.10491,-0.0025087,-0.05575,-0.059462,-0.034627,-0.010354,-0.012717,-0.054674,-0.13071,-0.21818,-0.28499,-0.30082,-0.24804,-0.1285,0.036127,0.21059,0.35646,0.44335,0.45702,0.40201,0.29828,0.17353,0.054101,-0.042237,-0.10938,-0.15134,-0.17732,-0.19574,-0.20989,-0.21686,-0.20986,-0.18281,-0.13475,-0.072127,-0.0077584,0.04333,0.069439,0.066851,0.041566,0.0072496,-0.01997,-0.027868,-0.013144,0.016981,0.047365,0.060877,0.045439,-0.00055757,-0.066645,-0.13326,-0.17833,-0.18507,-0.14813,-0.075694,0.013283,0.095634,0.15201,0.17332,0.16318,0.13555,0.10854,0.096814,0.10566,0.129,0.15225,0.15882,0.13774,0.089292,0.026281,-0.029793,-0.056377,-0.038543,0.024646,0.1186,0.21734,0.29196,0.3205,0.29562,0.22728,0.13945,0.061899,0.020155,0.027165,0.079674,0.16052,0.24584,0.3144,0.35538,0.37177,0.37799,0.39288,0.43068,0.49379,0.57013,0.63631,0.66575,0.63856,0.54967,0.41185,0.25248
0.07062,-0.040609,-0.095586,-0.098143,-0.068076,-0.033682,-0.021321,-0.045653,-0.10402,-0.17693,-0.2346,-0.24724,-0.19556,-0.078051,0.087526,0.26879,0.4279,0.53215,0.56261,0.51826,0.41456,0.27758,0.13582,0.012637,-0.07849,-0.13477,-0.16148,-0.16753,-0.1611,-0.14712,-0.12711,-0.10089,-0.069039,-0.034498,-0.0025358,0.020998,0.032294,0.03174,0.024438,0.018597,0.022284,0.039802,0.069266,0.10255,0.12789,0.13427,0.11602,0.075713,0.024104,-0.023095,-0.05054,-0.048777,-0.01784,0.032504,0.086093,0.12611,0.14115,0.12922,0.098252,0.062749,0.037865,0.0332,0.04873,0.074574,0.094796,0.093923,0.063686,0.0073376,-0.060286,-0.11723,-0.14197,-0.12132,-0.055817,0.039606,0.14,0.21852,0.25544,0.24483,0.19657,0.13287,0.080625,0.062267,0.088408,0.15489,0.24517,0.33702,0.411,0.45736,0.47886,0.48853,0.5031,0.53499,0.58582,0.64418,0.68878,0.69583,0.64815,0.54247,0.39215,0.22408
-0.025965,-0.12619,-0.17176,-0.16659,-0.12883,-0.084353,-0.057704,-0.063402,-0.10071,-0.1536,-0.19597,-0.20047,-0.14787,-0.034103,0.12744,0.30893,0.4755,0.59451,0.64396,0.61752,0.52505,0.38869,0.2363,0.094193,-0.018531,-0.092867,-0.1296,-0.1366,-0.125,-0.1056,-0.086548,-0.072393,-0.064466,-0.061774,-0.061926,-0.061747,-0.057647,-0.046014,-0.023912,0.0099114,0.053986,0.1036,0.15127,0.18839,0.20776,0.20614,0.18595,0.15515,0.12524,0.10767,0.1099,0.13256,0.16868,0.20571,0.22955,0.22944,0.20184,0.15191,0.091944,0.037054,-0.00019709,-0.014428,-0.0094801,0.0029758,0.0079002,-0.0071404,-0.046669,-0.1047,-0.16598,-0.21078,-0.22169,-0.18998,-0.11929,-0.025086,0.069994,0.14339,0.18003,0.17729,0.14572,0.10536,0.078792,0.083537,0.12635,0.20145,0.29317,0.38196,0.45155,0.49438,0.51353,0.52035,0.52877,0.54854,0.58017,0.61344,0.63041,0.61191,0.54509,0.42938,0.2784,0.11698
-0.16006,-0.23751,-0.26525,-0.24727,-0.1994,-0.14412,-0.10308,-0.089931,-0.1056,-0.13778,-0.16473,-0.16228,-0.11182,-0.0067854,0.14438,0.31959,0.48849,0.62006,0.69033,0.68802,0.61669,0.493,0.34194,0.19035,0.060871,-0.032522,-0.086205,-0.10592,-0.10365,-0.093525,-0.087775,-0.093801,-0.11281,-0.14015,-0.16704,-0.18317,-0.17954,-0.15091,-0.097359,-0.024586,0.057195,0.13549,0.19855,0.2383,0.25264,0.24607,0.22867,0.21324,0.21151,0.23042,0.26966,0.32121,0.37139,0.40475,0.40875,0.37768,0.31465,0.23077,0.14175,0.063078,0.0052198,-0.029465,-0.046964,-0.058926,-0.077927,-0.11232,-0.16254,-0.22021,-0.2705,-0.29706,-0.28777,-0.23942,-0.1595,-0.064472,0.025072,0.090797,0.12237,0.12067,0.097289,0.070554,0.059389,0.077096,0.12721,0.20272,0.28894,0.36876,0.42849,0.4621,0.47241,0.46891,0.46298,0.46258,0.46834,0.47262,0.46204,0.4227,0.34603,0.23332,0.096967,-0.042074
-0.29722,-0.34748,-0.35504,-0.3227,-0.26311,-0.19512,-0.13798,-0.10521,-0.10018,-0.11471,-0.13133,-0.12854,-0.087544,0.0015372,0.13585,0.29955,0.46712,0.60951,0.70117,0.72622,0.68205,0.57945,0.43943,0.28774,0.14855,0.039082,-0.033584,-0.072747,-0.089626,-0.099013,-0.11434,-0.14355,-0.18679,-0.2366,-0.28023,-0.3036,-0.29554,-0.25135,-0.17446,-0.075885,0.028452,0.12186,0.19128,0.23076,0.24297,0.23832,0.23179,0.23843,0.26869,0.32497,0.40051,0.48092,0.54794,0.58456,0.5797,0.53133,0.44688,0.34096,0.23097,0.13211,0.053308,-0.0046769,-0.048307,-0.087912,-0.13305,-0.18823,-0.25046,-0.30959,-0.35139,-0.36231,-0.33447,-0.26906,-0.17686,-0.075764,0.014202,0.076642,0.1036,0.097767,0.07146,0.042556,0.028832,0.042471,0.086492,0.15421,0.23178,0.30289,0.35391,0.37781,0.37554,0.35457,0.32516,0.29596,0.27049,0.24579,0.2139,0.16544,0.094152,0.0005774,-0.10656,-0.21183
-0.40536,-0.43319,-0.4254,-0.38134,-0.30959,-0.22602,-0.14924,-0.094884,-0.070418,-0.072347,-0.086744,-0.093141,-0.070686,-0.0047673,0.1079,0.25728,0.42185,0.57364,0.68523,0.7366,0.71995,0.64119,0.51784,0.37395,0.23369,0.11546,0.028053,-0.030131,-0.068779,-0.10124,-0.13935,-0.1892,-0.24894,-0.30937,-0.35682,-0.37755,-0.36221,-0.30899,-0.22457,-0.12254,-0.019847,0.067807,0.13021,0.16531,0.17961,0.18603,0.19999,0.23465,0.2968,0.38444,0.48683,0.58701,0.66601,0.70779,0.70323,0.65235,0.56393,0.4528,0.33562,0.22639,0.13307,0.056374,-0.0090739,-0.071506,-0.1379,-0.21033,-0.28413,-0.34852,-0.3896,-0.3949,-0.35791,-0.28121,-0.1769,-0.06421,0.035362,0.10374,0.13129,0.11943,0.080116,0.032249,-0.0039779,-0.012986,0.011749,0.06606,0.1367,0.20561,0.25541,0.27435,0.25927,0.21559,0.15465,0.089308,0.029543,-0.020565,-0.063355,-0.10556,-0.15457,-0.21434,-0.28267,-0.35074
-0.46498,-0.48288,-0.47029,-0.42052,-0.33739,-0.2351,-0.13432,-0.05566,-0.012768,-0.0073077,-0.027745,-0.052423,-0.056101,-0.01794,0.071593,0.20711,0.3691,0.52898,0.65673,0.72881,0.73408,0.67586,0.56994,0.43927,0.30713,0.19102,0.099069,0.029682,-0.025634,-0.077609,-0.13436,-0.19801,-0.26374,-0.32151,-0.35955,-0.36845,-0.34451,-0.29107,-0.21772,-0.13758,-0.063546,-0.0047622,0.035769,0.061723,0.082105,0.10846,0.15145,0.2177,0.3077,0.41525,0.52856,0.63261,0.71237,0.75596,0.75711,0.71639,0.64079,0.5419,0.43298,0.32576,0.22784,0.14138,0.063533,-0.011386,-0.088756,-0.1704,-0.25244,-0.32509,-0.37476,-0.38797,-0.35602,-0.27892,-0.16714,-0.040302,0.077022,0.16152,0.19752,0.18153,0.12359,0.04462,-0.029474,-0.075288,-0.078783,-0.039369,0.030036,0.10705,0.16665,0.18872,0.16377,0.09532,-0.0019947,-0.10759,-0.20169,-0.27134,-0.31366,-0.33531,-0.34864,-0.36592,-0.39382,-0.43031
-0.4741,-0.49821,-0.49357,-0.44544,-0.35272,-0.22956,-0.10131,0.0037295,0.064104,0.072843,0.040422,-0.0081683,-0.041305,-0.030954,0.038163,0.16346,0.32507,0.49171,0.62998,0.71372,0.73075,0.68485,0.59278,0.47785,0.36219,0.26073,0.17838,0.11122,0.050587,-0.011639,-0.078734,-0.14737,-0.20886,-0.25267,-0.27073,-0.26082,-0.2277,-0.18162,-0.13487,-0.097687,-0.074913,-0.06463,-0.059073,-0.047373,-0.01909,0.032675,0.10949,0.20745,0.31853,0.43253,0.53912,0.62926,0.69598,0.73454,0.74253,0.71996,0.66951,0.59652,0.50855,0.41411,0.32086,0.23371,0.1536,0.077755,0.0014452,-0.079002,-0.16303,-0.24382,-0.30861,-0.34157,-0.32891,-0.26448,-0.1539,-0.015536,0.1227,0.23014,0.28195,0.26681,0.19107,0.077754,-0.039762,-0.1275,-0.16126,-0.13413,-0.058798,0.03635,0.11614,0.14961,0.11965,0.028045,-0.10565,-0.25085,-0.37605,-0.45873,-0.49173,-0.48407,-0.45613,-0.43101,-0.42537,-0.44312
-0.44666,-0.49132,-0.50526,-0.46503,-0.36517,-0.22121,-0.064984,0.066161,0.14235,0.15179,0.10513,0.032139,-0.028201,-0.040682,0.014536,0.13562,0.30003,0.47212,0.61456,0.69964,0.71647,0.67229,0.58769,0.48818,0.39516,0.3199,0.26201,0.21279,0.1614,0.10122,0.033685,-0.031864,-0.082079,-0.10555,-0.098192,-0.065883,-0.023037,0.01227,0.024899,0.0084051,-0.032213,-0.081817,-0.12002,-0.12784,-0.093741,-0.016994,0.092705,0.21889,0.34372,0.45305,0.53937,0.60186,0.64403,0.67016,0.68249,0.68007,0.65988,0.61934,0.55885,0.48302,0.39972,0.31741,0.24173,0.17328,0.1076,0.037931,-0.04029,-0.12504,-0.20553,-0.26372,-0.27966,-0.23902,-0.14023,0.0017197,0.15688,0.28751,0.35897,0.35081,0.26437,0.12368,-0.03091,-0.15487,-0.21351,-0.19329,-0.10648,0.01246,0.11798,0.16814,0.1382,0.028476,-0.1362,-0.31507,-0.46514,-0.55515,-0.57499,-0.53755,-0.4724,-0.41388,-0.38804,-0.40306
-0.40536,-0.47827,-0.51566,-0.48652,-0.38223,-0.22061,-0.040201,0.113,0.2017,0.21039,0.15085,0.057965,-0.022341,-0.04885,0.0011524,0.12475,0.29517,0.4715,0.61259,0.69009,0.69623,0.6439,0.55973,0.47309,0.40553,0.36441,0.34292,0.3257,0.29762,0.25162,0.19254,0.13531,0.098366,0.095085,0.12693,0.18119,0.23455,0.26118,0.24257,0.17507,0.072461,-0.037714,-0.12276,-0.15535,-0.12218,-0.027785,0.10768,0.25567,0.38869,0.48841,0.54976,0.57981,0.5924,0.60103,0.61291,0.62656,0.63356,0.62347,0.58938,0.53167,0.45823,0.38102,0.31071,0.25173,0.20041,0.14706,0.081593,0.00023528,-0.089749,-0.16978,-0.21502,-0.20343,-0.12557,0.0087943,0.17028,0.31684,0.40622,0.40989,0.32366,0.17072,-0.0044373,-0.14967,-0.22213,-0.2027,-0.10287,0.038559,0.16806,0.23507,0.20879,0.088351,-0.097239,-0.29922,-0.46572,-0.55905,-0.56758,-0.50816,-0.41842,-0.34192,-0.31168,-0.33806
-0.37196,-0.47157,-0.52985,-0.51098,-0.4049,-0.23181,-0.035565,0.13155,0.22725,0.23406,0.16531,0.060227,-0.030085,-0.060498,-0.0072799,0.12436,0.303,0.48266,0.61895,0.68367,0.67292,0.60609,0.51672,0.43912,0.39596,0.39148,0.41249,0.43622,0.44158,0.41885,0.37415,0.3266,0.29964,0.3101,0.35948,0.43134,0.49597,0.52092,0.48343,0.38004,0.22961,0.068474,-0.060805,-0.12301,-0.10141,-0.0026132,0.14653,0.30849,0.44758,0.54082,0.58338,0.5872,0.57365,0.56371,0.56945,0.59008,0.61387,0.62448,0.60892,0.56353,0.49545,0.41919,0.34976,0.29572,0.25534,0.21769,0.16856,0.098634,0.0104,-0.0797,-0.14536,-0.15979,-0.10711,0.0089171,0.16253,0.31188,0.41164,0.42845,0.35332,0.20655,0.032563,-0.11408,-0.18679,-0.16322,-0.053559,0.10204,0.24657,0.32523,0.304,0.1811,-0.012547,-0.22423,-0.39766,-0.49208,-0.49556,-0.42766,-0.33084,-0.25379,-0.23289,-0.27865
-0.35887,-0.47489,-0.54485,-0.53189,-0.42632,-0.25008,-0.049644,0.12017,0.21545,0.21872,0.1449,0.035794,-0.054919,-0.080753,-0.018575,0.12379,0.31102,0.49336,0.62417,0.67576,0.64772,0.56513,0.46786,0.39522,0.37194,0.40058,0.46296,0.52943,0.5722,0.57699,0.54867,0.5085,0.48431,0.49771,0.55345,0.6355,0.71149,0.74423,0.70591,0.58968,0.41419,0.21902,0.052663,-0.042844,-0.045168,0.041795,0.19026,0.35863,0.50554,0.60267,0.64198,0.6352,0.60637,0.58078,0.57475,0.59016,0.61541,0.63191,0.62303,0.58162,0.51295,0.43196,0.35629,0.2983,0.2596,0.23077,0.19642,0.1436,0.069696,-0.013719,-0.083334,-0.11244,-0.082107,0.0091412,0.14154,0.27825,0.37664,0.40314,0.34603,0.22132,0.068927,-0.059981,-0.12049,-0.090037,0.022718,0.17973,0.32585,0.40734,0.39036,0.27258,0.084002,-0.12359,-0.29469,-0.38916,-0.39564,-0.33419,-0.24768,-0.18482,-0.1814,-0.24649
-0.36519,-0.48197,-0.55072,-0.53735,-0.4341,-0.26351,-0.071381,0.089034,0.17576,0.17306,0.097057,-0.0099552,-0.094609,-0.11143,-0.038915,0.11307,0.30703,0.49138,0.61851,0.66116,0.62096,0.52653,0.42209,0.35108,0.34086,0.39414,0.49002,0.59375,0.67122,0.70244,0.68877,0.65128,0.62102,0.62518,0.67461,0.75783,0.84385,0.89307,0.87221,0.76767,0.59227,0.38286,0.18932,0.058993,0.021862,0.081729,0.21619,0.38511,0.54438,0.65971,0.71595,0.71887,0.68941,0.65336,0.63053,0.62771,0.63763,0.64397,0.62967,0.58497,0.51176,0.42259,0.335,0.26385,0.21511,0.18388,0.15755,0.12271,0.072775,0.012728,-0.041295,-0.067971,-0.050038,0.016881,0.11979,0.23051,0.31443,0.34276,0.304,0.20972,0.092274,-0.005532,-0.045342,-0.0074845,0.10077,0.24629,0.38043,0.45539,0.44066,0.33373,0.16118,-0.0306,-0.19156,-0.28538,-0.30168,-0.25864,-0.1951,-0.15502,-0.17014,-0.24729
-0.37834,-0.47995,-0.53503,-0.5152,-0.41554,-0.25795,-0.08461,0.056254,0.12738,0.11594,0.038646,-0.063767,-0.1406,-0.1491,-0.06963,0.087137,0.28379,0.4691,0.59573,0.63641,0.5928,0.49417,0.38629,0.31505,0.31051,0.37725,0.49431,0.62432,0.72831,0.7804,0.77693,0.7367,0.69245,0.67688,0.70869,0.78408,0.8769,0.94757,0.95758,0.88426,0.73035,0.52486,0.31495,0.15145,0.073198,0.095536,0.20664,0.37263,0.54934,0.69626,0.78792,0.81909,0.80255,0.7611,0.71727,0.68479,0.66479,0.64765,0.61911,0.56781,0.49083,0.3952,0.29496,0.20535,0.13673,0.091115,0.062506,0.040995,0.018484,-0.0065994,-0.027898,-0.033879,-0.013686,0.036414,0.10901,0.18608,0.24439,0.26409,0.23712,0.17198,0.09249,0.030472,0.014513,0.05897,0.1573,0.2826,0.39558,0.45743,0.44318,0.35055,0.20109,0.032926,-0.11246,-0.20454,-0.23403,-0.21532,-0.17997,-0.16383,-0.19246,-0.27037
-0.38057,-0.45578,-0.48902,-0.45897,-0.36374,-0.2235,-0.074983,0.040625,0.092126,0.069946,-0.009469,-0.10837,-0.18021,-0.1856,-0.10637,0.047629,0.24126,0.42569,0.55481,0.60082,0.56344,0.46961,0.36377,0.29222,0.28725,0.35648,0.4812,0.6241,0.7434,0.80819,0.80926,0.76172,0.69837,0.65648,0.66288,0.72296,0.8176,0.9093,0.95539,0.92359,0.80445,0.61617,0.40017,0.20887,0.089809,0.07148,0.15546,0.31712,0.51427,0.70046,0.83836,0.90885,0.91335,0.86932,0.80143,0.73171,0.67253,0.62432,0.57825,0.52228,0.44763,0.35316,0.24611,0.13938,0.046666,-0.022172,-0.063717,-0.080738,-0.079547,-0.066461,-0.04517,-0.01622,0.021264,0.066641,0.11531,0.15832,0.18464,0.18553,0.15915,0.11335,0.064834,0.034578,0.04059,0.090666,0.17796,0.28139,0.37129,0.41863,0.4047,0.32775,0.20402,0.062559,-0.064607,-0.15328,-0.19514,-0.19983,-0.19031,-0.19311,-0.22701,-0.29471
-0.35736,-0.40295,-0.41287,-0.37245,-0.2822,-0.15999,-0.036617,0.053901,0.086174,0.053219,-0.029606,-0.12833,-0.2009,-0.21108,-0.14113,0.0014745,0.18561,0.36628,0.49931,0.55596,0.53256,0.45148,0.35339,0.28311,0.27423,0.33776,0.45875,0.60213,0.7255,0.79443,0.79471,0.73714,0.65323,0.58325,0.561,0.60078,0.69122,0.79836,0.87706,0.88675,0.80622,0.64226,0.42909,0.21888,0.066164,0.011621,0.070142,0.22705,0.4433,0.66762,0.85139,0.96155,0.98755,0.9408,0.84762,0.73861,0.6383,0.55862,0.49757,0.44321,0.38059,0.2989,0.19625,0.080595,-0.033044,-0.12765,-0.18953,-0.212,-0.19645,-0.15092,-0.087134,-0.017344,0.047941,0.10091,0.13639,0.15147,0.14554,0.12083,0.083254,0.042664,0.011705,0.0030949,0.02576,0.081097,0.16089,0.24806,0.32063,0.35778,0.3463,0.2851,0.18593,0.069925,-0.039141,-0.12258,-0.17267,-0.19455,-0.20321,-0.21669,-0.24797,-0.29869
-0.30438,-0.32566,-0.31767,-0.27046,-0.18579,-0.079003,0.024213,0.095516,0.11364,0.072758,-0.013718,-0.11575,-0.19528,-0.21827,-0.16621,-0.042973,0.12541,0.29859,0.43467,0.50392,0.49857,0.43534,0.34966,0.28337,0.27026,0.32426,0.43464,0.56981,0.68856,0.75479,0.75049,0.6824,0.57984,0.48428,0.43442,0.45179,0.53213,0.64581,0.74721,0.79014,0.74418,0.60619,0.40316,0.18526,0.01118,-0.06949,-0.031186,0.12009,0.34883,0.6008,0.81886,0.95872,0.99978,0.94814,0.83136,0.68739,0.55171,0.4469,0.37775,0.33296,0.29207,0.23483,0.14952,0.037489,-0.087214,-0.20265,-0.28615,-0.32135,-0.30286,-0.23728,-0.14084,-0.034654,0.060558,0.12893,0.16199,0.15915,0.12657,0.075226,0.018548,-0.029707,-0.057529,-0.056569,-0.023864,0.037008,0.11583,0.19717,0.26343,0.29892,0.29406,0.24817,0.16996,0.075127,-0.018256,-0.095202,-0.14819,-0.17885,-0.1963,-0.21249,-0.2365,-0.26974
-0.23015,-0.23874,-0.2232,-0.17557,-0.097346,-0.0014457,0.09,0.1519,0.16461,0.12156,0.033348,-0.073725,-0.16467,-0.2064,-0.17852,-0.080554,0.066999,0.22861,0.36488,0.44524,0.45805,0.41435,0.34391,0.2848,0.26987,0.315,0.41314,0.53649,0.64614,0.70588,0.69547,0.6184,0.50142,0.38568,0.31236,0.30785,0.37357,0.48433,0.59595,0.65992,0.64015,0.52634,0.33913,0.12526,-0.055956,-0.15052,-0.12636,0.016675,0.24663,0.50884,0.74186,0.89486,0.94091,0.88247,0.74766,0.57931,0.42051,0.30166,0.23289,0.20383,0.19024,0.16451,0.10647,0.010754,-0.11145,-0.23634,-0.33554,-0.38513,-0.37305,-0.30231,-0.18979,-0.061115,0.05633,0.14012,0.17748,0.16702,0.11762,0.04521,-0.031266,-0.093849,-0.12869,-0.12808,-0.091378,-0.024829,0.05953,0.14597,0.21798,0.26154,0.26823,0.23724,0.17558,0.096242,0.01458,-0.055982,-0.10762,-0.1398,-0.15838,-0.17223,-0.18873,-0.2098
-0.15329,-0.16302,-0.15194,-0.11134,-0.040887,0.048776,0.13748,0.20089,0.2184,0.18081,0.09507,-0.016063,-0.11976,-0.1828,-0.1821,-0.11251,0.010954,0.15743,0.29002,0.3778,0.40598,0.38068,0.32647,0.27741,0.26465,0.30482,0.39352,0.50623,0.60667,0.65966,0.64403,0.56106,0.43504,0.30568,0.21463,0.19082,0.23966,0.34015,0.45103,0.52439,0.52208,0.42956,0.2623,0.062474,-0.11328,-0.21114,-0.19688,-0.066839,0.15055,0.40297,0.62953,0.77823,0.82008,0.75571,0.61279,0.43546,0.26976,0.14969,0.088336,0.076495,0.088566,0.093279,0.065381,-0.005602,-0.11216,-0.23179,-0.33471,-0.39357,-0.39192,-0.32886,-0.21891,-0.087475,0.036337,0.12717,0.16918,0.15876,0.10402,0.021762,-0.067038,-0.14183,-0.18635,-0.19118,-0.15489,-0.083803,0.0093607,0.10789,0.19418,0.25314,0.27528,0.25876,0.20965,0.14024,0.06567,-0.00032115,-0.049066,-0.078933,-0.094786,-0.10505,-0.1174,-0.13479
-0.095514,-0.1179,-0.12139,-0.094386,-0.033506,0.052992,0.14583,0.21966,0.25098,0.22647,0.14868,0.036861,-0.0778,-0.16133,-0.18755,-0.14663,-0.048411,0.080639,0.20615,0.29727,0.337,0.32757,0.28919,0.25223,0.2457,0.28607,0.37047,0.47686,0.57138,0.62029,0.60243,0.51768,0.38819,0.25166,0.14888,0.10964,0.14196,0.22854,0.33194,0.40691,0.41585,0.34223,0.19741,0.018184,-0.14398,-0.23892,-0.23364,-0.12291,0.068613,0.29364,0.49615,0.62773,0.66095,0.59595,0.45837,0.28978,0.13408,0.024248,-0.026291,-0.025438,0.0027287,0.027804,0.024066,-0.020981,-0.10307,-0.20334,-0.29511,-0.35262,-0.35899,-0.31097,-0.21935,-0.10543,0.0050928,0.088772,0.12979,0.12288,0.073499,-0.0043586,-0.091692,-0.16855,-0.21776,-0.22779,-0.19461,-0.12231,-0.022372,0.088318,0.19065,0.26718,0.30585,0.30278,0.26302,0.19905,0.1271,0.062475,0.015226,-0.012361,-0.025474,-0.033749,-0.046532,-0.068218
-0.073033,-0.11395,-0.13753,-0.12828,-0.078954,0.0048937,0.10468,0.19339,0.24383,0.23779,0.17293,0.064795,-0.057037,-0.15777,-0.20821,-0.19401,-0.12018,-0.0090475,0.10753,0.19919,0.24738,0.25139,0.22787,0.20395,0.20653,0.25146,0.33665,0.44187,0.53523,0.58444,0.56867,0.48685,0.35919,0.22127,0.11239,0.062273,0.080665,0.15358,0.24765,0.32121,0.33854,0.2824,0.16058,0.0041797,-0.14184,-0.23285,-0.23876,-0.15364,0.0022709,0.18871,0.3576,0.46723,0.49392,0.43767,0.32031,0.17724,0.045765,-0.046094,-0.086851,-0.082891,-0.054073,-0.02552,-0.018607,-0.044105,-0.099476,-0.17072,-0.23774,-0.28109,-0.28798,-0.25563,-0.19147,-0.11049,-0.030873,0.030526,0.061851,0.058239,0.022178,-0.037484,-0.10739,-0.17199,-0.21608,-0.22737,-0.19891,-0.13094,-0.031567,0.084115,0.19672,0.28673,0.3391,0.34709,0.31406,0.2523,0.17933,0.11246,0.063558,0.035736,0.023257,0.014728,-0.0014836,-0.031641
-0.089824,-0.14835,-0.19197,-0.2014,-0.16533,-0.08614,0.018815,0.12139,0.19105,0.20484,0.15549,0.054606,-0.07022,-0.1838,-0.25434,-0.26344,-0.21157,-0.11709,-0.0093514,0.081975,0.13722,0.15323,0.14361,0.1327,0.14549,0.19719,0.28635,0.39422,0.49064,0.5446,0.53552,0.46143,0.34067,0.20661,0.096836,0.040662,0.049162,0.11131,0.19763,0.27013,0.29525,0.25536,0.15499,0.01961,-0.11245,-0.20234,-0.22301,-0.16764,-0.051437,0.093515,0.2284,0.31937,0.34699,0.31058,0.22651,0.12144,0.023155,-0.047845,-0.083394,-0.088108,-0.075639,-0.062512,-0.061915,-0.079541,-0.11259,-0.15186,-0.18566,-0.20412,-0.20216,-0.18051,-0.14479,-0.10334,-0.064738,-0.036051,-0.021869,-0.024182,-0.042544,-0.074134,-0.11359,-0.1529,-0.1819,-0.18972,-0.16732,-0.11045,-0.022109,0.086624,0.19819,0.29244,0.35186,0.36661,0.33749,0.27573,0.1994,0.12759,0.074185,0.043608,0.03008,0.020751,0.0016559,-0.035717
-0.13552,-0.20521,-0.26407,-0.28999,-0.268,-0.19703,-0.092278,0.01823,0.10194,0.13221,0.097358,0.0050757,-0.11951,-0.24157,-0.32756,-0.35571,-0.32238,-0.2422,-0.14192,-0.050387,0.011837,0.039365,0.04297,0.044382,0.066881,0.12525,0.21886,0.33063,0.43221,0.49387,0.49523,0.43324,0.32422,0.19911,0.093591,0.036311,0.039379,0.094398,0.17543,0.24784,0.28006,0.2541,0.17151,0.052678,-0.069961,-0.16249,-0.20017,-0.1747,-0.095917,0.012248,0.11995,0.20063,0.23833,0.23077,0.18782,0.12633,0.063592,0.01183,-0.024471,-0.047947,-0.065181,-0.082617,-0.10334,-0.12594,-0.14564,-0.15698,-0.15665,-0.1452,-0.12697,-0.10823,-0.094635,-0.089046,-0.090712,-0.096172,-0.10133,-0.10367,-0.10351,-0.10352,-0.10682,-0.11432,-0.12276,-0.12455,-0.10981,-0.070167,-0.0028596,0.086567,0.18426,0.27119,0.32862,0.34401,0.3153,0.25183,0.17136,0.094036,0.035602,0.0021184,-0.011615,-0.019291,-0.036918,-0.075514
-0.18881,-0.26077,-0.3275,-0.36552,-0.35709,-0.29791,-0.20031,-0.090731,-0.0019458,0.037446,0.012603,-0.072249,-0.19474,-0.32133,-0.41787,-0.46035,-0.4418,-0.37344,-0.27936,-0.18726,-0.11823,-0.07964,-0.06347,-0.050654,-0.019687,0.04381,0.14024,0.25451,0.36056,0.43032,0.44391,0.39723,0.30432,0.19331,0.09741,0.044018,0.045711,0.096234,0.17284,0.24408,0.28042,0.2639,0.19375,0.086287,-0.030841,-0.1276,-0.18077,-0.18037,-0.13133,-0.050477,0.039844,0.11885,0.1728,0.19716,0.19533,0.17498,0.14382,0.1067,0.064936,0.017877,-0.034441,-0.089,-0.1392,-0.17638,-0.19295,-0.18572,-0.15796,-0.11913,-0.082108,-0.05892,-0.056514,-0.074321,-0.10455,-0.13519,-0.15461,-0.15588,-0.1392,-0.11131,-0.082333,-0.061065,-0.050908,-0.048053,-0.042848,-0.023906,0.016595,0.07859,0.15264,0.22211,0.26842,0.27751,0.24507,0.17851,0.094646,0.01397,-0.046586,-0.079601,-0.089535,-0.090496,-0.10013,-0.13193
-0.22533,-0.29183,-0.35925,-0.40407,-0.40722,-0.36192,-0.27757,-0.178,-0.094355,-0.055108,-0.076457,-0.1566,-0.27593,-0.40307,-0.50484,-0.55656,-0.54922,-0.49116,-0.40372,-0.31272,-0.23896,-0.19109,-0.16357,-0.14017,-0.10163,-0.034486,0.062425,0.17618,0.28356,0.35902,0.38393,0.35371,0.28016,0.18806,0.1072,0.062574,0.066118,0.11294,0.18317,0.24881,0.2831,0.26923,0.20547,0.10533,-0.0072519,-0.1055,-0.16779,-0.18317,-0.15307,-0.089068,-0.0080006,0.073504,0.14308,0.19414,0.22491,0.23596,0.22784,0.19995,0.15144,0.083257,0.00040443,-0.087103,-0.16549,-0.22056,-0.24216,-0.22793,-0.18492,-0.12801,-0.075546,-0.043488,-0.040231,-0.063909,-0.10328,-0.14189,-0.16407,-0.16048,-0.13122,-0.08531,-0.036829,0.00078011,0.020014,0.022093,0.016136,0.015026,0.029594,0.06347,0.11071,0.15726,0.18588,0.18264,0.14254,0.071961,-0.013102,-0.092521,-0.14925,-0.17554,-0.17571,-0.16431,-0.1602,-0.1788
-0.22696,-0.28437,-0.34774,-0.39462,-0.40612,-0.37441,-0.3067,-0.22379,-0.15383,-0.12308,-0.14701,-0.22483,-0.33935,-0.46227,-0.56312,-0.61864,-0.61947,-0.57188,-0.49419,-0.40927,-0.33602,-0.28304,-0.24651,-0.21316,-0.1668,-0.09606,-2.3324e-05,0.11014,0.21442,0.29082,0.32333,0.30802,0.25495,0.18526,0.1242,0.092709,0.1005,0.14289,0.20258,0.25563,0.27948,0.26032,0.19738,0.10279,-0.0024476,-0.095057,-0.15606,-0.17538,-0.15319,-0.098088,-0.023221,0.057904,0.13439,0.19894,0.24698,0.27505,0.27953,0.25674,0.20455,0.12468,0.024635,-0.082183,-0.17861,-0.24787,-0.27839,-0.26764,-0.22333,-0.16144,-0.10136,-0.059848,-0.04579,-0.057665,-0.084631,-0.11084,-0.12142,-0.10791,-0.071194,-0.020841,0.028819,0.064321,0.078224,0.071766,0.054004,0.037778,0.034087,0.047162,0.072215,0.096877,0.10586,0.08711,0.037003,-0.037441,-0.12042,-0.19266,-0.23838,-0.25108,-0.23616,-0.209,-0.18921,-0.19307
-0.18921,-0.23916,-0.29738,-0.34317,-0.35925,-0.33852,-0.28721,-0.22349,-0.17167,-0.15414,-0.18374,-0.25922,-0.36539,-0.47787,-0.57073,-0.62438,-0.63101,-0.59578,-0.53361,-0.4629,-0.39859,-0.34717,-0.30531,-0.26258,-0.20689,-0.13059,-0.034744,0.070118,0.16706,0.23854,0.27269,0.26785,0.23349,0.18722,0.14888,0.1338,0.14766,0.1846,0.22944,0.26292,0.2683,0.23689,0.17088,0.082487,-0.0099393,-0.087405,-0.13544,-0.14731,-0.12451,-0.074835,-0.0090439,0.062322,0.13093,0.19093,0.23796,0.26777,0.27546,0.25622,0.2071,0.12943,0.030436,-0.076853,-0.17586,-0.25039,-0.28903,-0.28848,-0.25457,-0.20036,-0.14196,-0.093496,-0.062825,-0.049686,-0.046792,-0.043432,-0.030192,-0.002936,0.035434,0.076138,0.10808,0.1224,0.11619,0.093761,0.065084,0.041711,0.031975,0.037277,0.051068,0.06105,0.053894,0.020728,-0.038744,-0.11518,-0.19217,-0.25171,-0.28056,-0.2752,-0.24342,-0.20187,-0.17022,-0.16408
-0.12379,-0.17226,-0.22766,-0.27126,-0.28859,-0.27477,-0.2365,-0.18998,-0.15549,-0.1506,-0.18422,-0.25364,-0.34544,-0.43991,-0.51728,-0.56364,-0.57439,-0.55439,-0.51477,-0.46789,-0.42249,-0.38072,-0.33821,-0.28695,-0.21977,-0.13449,-0.036142,0.063766,0.15066,0.21179,0.24074,0.23978,0.21926,0.19409,0.17853,0.18134,0.20271,0.23435,0.26247,0.2727,0.25513,0.20781,0.13744,0.057371,-0.016548,-0.070531,-0.096402,-0.093037,-0.065463,-0.022271,0.0275,0.07677,0.12133,0.1592,0.18899,0.20831,0.21316,0.19867,0.16104,0.099865,0.019716,-0.069777,-0.15567,-0.2248,-0.26722,-0.27872,-0.26161,-0.22341,-0.174,-0.12234,-0.073967,-0.030134,0.011102,0.052492,0.094978,0.13606,0.16994,0.1895,0.18927,0.16831,0.13151,0.088681,0.051575,0.029733,0.0268,0.038737,0.054809,0.061197,0.046053,0.0041964,-0.060316,-0.13485,-0.202,-0.24537,-0.25527,-0.23228,-0.18741,-0.13857,-0.10453,-0.098548
-0.055231,-0.11005,-0.16694,-0.20917,-0.22569,-0.21477,-0.18447,-0.14967,-0.12689,-0.12872,-0.15985,-0.2159,-0.28542,-0.35402,-0.40917,-0.44382,-0.45762,-0.45551,-0.44445,-0.4296,-0.41179,-0.38707,-0.34862,-0.29027,-0.21007,-0.11246,-0.0080832,0.088953,0.16529,0.21265,0.2305,0.22625,0.21257,0.20292,0.20684,0.22662,0.25655,0.28503,0.29885,0.2879,0.24897,0.18704,0.11386,0.04434,-0.0080409,-0.035034,-0.035563,-0.015194,0.016443,0.049213,0.075667,0.092763,0.10166,0.1059,0.10883,0.11151,0.11178,0.10505,0.086214,0.052057,0.0030328,-0.056225,-0.11787,-0.17289,-0.21336,-0.23423,-0.23387,-0.21352,-0.17596,-0.12427,-0.061163,0.0107,0.087685,0.16413,0.23202,0.28194,0.30524,0.29692,0.25804,0.19662,0.12638,0.06337,0.021443,0.0079316,0.021155,0.050721,0.080728,0.094964,0.082388,0.041049,-0.020991,-0.088132,-0.14236,-0.16932,-0.16322,-0.12891,-0.080348,-0.03594,-0.012387,-0.019114
-0.012695,-0.080331,-0.14293,-0.18581,-0.20127,-0.1907,-0.16355,-0.13358,-0.11395,-0.11296,-0.13186,-0.16538,-0.20466,-0.2411,-0.26962,-0.29008,-0.3063,-0.32316,-0.34317,-0.36399,-0.37803,-0.37459,-0.34372,-0.28043,-0.18762,-0.076417,0.036425,0.13322,0.20067,0.23387,0.23764,0.22456,0.21043,0.20872,0.22585,0.2591,0.29773,0.32694,0.33324,0.30945,0.25737,0.18744,0.11543,0.057457,0.024915,0.021228,0.041258,0.073545,0.10442,0.12248,0.12198,0.10394,0.074955,0.044241,0.020086,0.007071,0.0048745,0.0089272,0.012466,0.0090954,-0.0050824,-0.030434,-0.063989,-0.10054,-0.13405,-0.15873,-0.16964,-0.16278,-0.13513,-0.084966,-0.012793,0.077526,0.17787,0.27595,0.35686,0.40611,0.41343,0.37616,0.30118,0.20411,0.10596,0.02779,-0.015039,-0.017186,0.015189,0.066435,0.11637,0.14665,0.1465,0.11593,0.065273,0.011396,-0.028332,-0.042086,-0.02764,0.0069471,0.046233,0.072805,0.073316,0.043024
-0.0198,-0.10263,-0.17312,-0.21877,-0.23465,-0.22423,-0.19737,-0.16627,-0.14117,-0.12724,-0.12393,-0.12669,-0.13022,-0.13179,-0.13303,-0.13946,-0.15779,-0.19211,-0.24051,-0.29386,-0.33729,-0.3543,-0.33216,-0.26668,-0.16452,-0.042112,0.07867,0.17685,0.23847,0.26058,0.25159,0.22796,0.20832,0.20704,0.22948,0.27042,0.31631,0.35029,0.35836,0.33438,0.2823,0.21491,0.14952,0.10224,0.082779,0.091541,0.11986,0.1532,0.1761,0.17717,0.15238,0.10591,0.048222,-0.007571,-0.049832,-0.071635,-0.072184,-0.056235,-0.031996,-0.0083974,0.0073294,0.011131,0.0025118,-0.015934,-0.039376,-0.061581,-0.075589,-0.074351,-0.051623,-0.0032882,0.071004,0.16635,0.272,0.37221,0.44898,0.48611,0.47365,0.41145,0.31036,0.19046,0.076499,-0.0083738,-0.04867,-0.040652,0.0069681,0.075978,0.1444,0.19315,0.21157,0.19993,0.16832,0.13222,0.10653,0.10007,0.11246,0.13444,0.15144,0.14899,0.11816,0.058878
-0.086047,-0.18097,-0.25823,-0.30777,-0.32653,-0.31836,-0.29183,-0.25661,-0.22018,-0.186,-0.15375,-0.12147,-0.088441,-0.057447,-0.035191,-0.030514,-0.050852,-0.098309,-0.16694,-0.2426,-0.30576,-0.33672,-0.32156,-0.25684,-0.15141,-0.024427,0.099791,0.1987,0.2579,0.2749,0.25922,0.22856,0.20269,0.19682,0.21693,0.25828,0.30769,0.34855,0.36677,0.35568,0.31811,0.26513,0.21208,0.17314,0.15664,0.16242,0.18222,0.20273,0.21027,0.1953,0.15543,0.096022,0.02831,-0.034147,-0.079391,-0.10018,-0.095431,-0.069786,-0.031719,0.0090267,0.043858,0.066995,0.076189,0.072639,0.060425,0.045745,0.036065,0.039119,0.061612,0.10761,0.17688,0.26365,0.35647,0.43956,0.49585,0.51102,0.47763,0.39799,0.28474,0.15861,0.043751,-0.038169,-0.07341,-0.05952,-0.0055189,0.071145,0.14993,0.21312,0.25048,0.26112,0.25227,0.23536,0.22101,0.21472,0.21479,0.21314,0.19862,0.16163,0.098164,0.011976
-0.20287,-0.30175,-0.38112,-0.43381,-0.4577,-0.45527,-0.43187,-0.39343,-0.34467,-0.28843,-0.22642,-0.16091,-0.09639,-0.040329,-0.0023339,0.0083077,-0.014014,-0.068172,-0.14482,-0.2273,-0.29513,-0.32908,-0.31649,-0.25518,-0.15444,-0.032828,0.086698,0.18303,0.24248,0.26208,0.24967,0.22074,0.19324,0.18193,0.19418,0.2283,0.27496,0.32081,0.35319,0.36417,0.35271,0.32429,0.28847,0.25521,0.23138,0.21859,0.21314,0.20767,0.19421,0.16719,0.12556,0.073343,0.018533,-0.02922,-0.061294,-0.072322,-0.061371,-0.031842,0.009682,0.055199,0.09712,0.12974,0.15012,0.15842,0.15765,0.1531,0.15145,0.15951,0.18279,0.22396,0.28151,0.34915,0.41619,0.46923,0.49496,0.48349,0.43132,0.3431,0.2314,0.11447,0.012248,-0.058222,-0.08672,-0.07205,-0.021831,0.050019,0.12729,0.19574,0.24627,0.27617,0.28815,0.28775,0.28011,0.26742,0.24789,0.21661,0.1679,0.098205,0.0083923,-0.095426
-0.34567,-0.43733,-0.51149,-0.56435,-0.59421,-0.60086,-0.58503,-0.54789,-0.49114,-0.4176,-0.33199,-0.24158,-0.15601,-0.086265,-0.042639,-0.03219,-0.056452,-0.11012,-0.1813,-0.25353,-0.30916,-0.33334,-0.3175,-0.26148,-0.17357,-0.068454,0.036388,0.12486,0.18593,0.2159,0.21858,0.20367,0.1837,0.17058,0.1726,0.19269,0.22826,0.27247,0.31639,0.35145,0.3714,0.37344,0.35824,0.32919,0.29111,0.24885,0.20634,0.16605,0.12907,0.095585,0.065521,0.039135,0.017369,0.001858,-0.0053797,-0.0024916,0.01158,0.036555,0.070532,0.11006,0.15064,0.18758,0.21706,0.23711,0.24829,0.25376,0.25859,0.26844,0.28786,0.31864,0.35864,0.40167,0.43849,0.45872,0.45348,0.41779,0.35231,0.26368,0.16353,0.066093,-0.014679,-0.068044,-0.088477,-0.076396,-0.037471,0.019166,0.083229,0.14539,0.19869,0.23892,0.26414,0.27366,0.26703,0.24345,0.20184,0.14152,0.063124,-0.03065,-0.13478,-0.24237
-0.48107,-0.5542,-0.61482,-0.66296,-0.69734,-0.71478,-0.7109,-0.68166,-0.62547,-0.54498,-0.44778,-0.34573,-0.25284,-0.18223,-0.1431,-0.13848,-0.16452,-0.21139,-0.26565,-0.31325,-0.34241,-0.34578,-0.32122,-0.27146,-0.20286,-0.12374,-0.042771,0.032197,0.094978,0.14151,0.17017,0.18199,0.18072,0.1725,0.16499,0.16595,0.18131,0.21342,0.25977,0.31297,0.36209,0.39514,0.40219,0.37828,0.32502,0.25053,0.16759,0.090359,0.030869,-0.0039088,-0.013365,-0.0026499,0.019582,0.044292,0.064973,0.079421,0.089822,0.10125,0.11921,0.14711,0.18475,0.22816,0.271,0.30685,0.33154,0.34465,0.34953,0.35192,0.35755,0.36973,0.38764,0.40619,0.41733,0.41256,0.38568,0.33498,0.26406,0.1811,0.09691,0.022268,-0.034392,-0.068454,-0.079371,-0.069835,-0.04436,-0.0079022,0.035004,0.080368,0.1243,0.16242,0.18956,0.20009,0.18896,0.15295,0.091908,0.0091572,-0.088899,-0.19412,-0.29842,-0.39535
-0.57684,-0.62292,-0.66268,-0.70025,-0.73538,-0.76269,-0.77336,-0.75849,-0.71302,-0.63867,-0.54472,-0.44618,-0.35988,-0.29976,-0.27294,-0.27789,-0.30531,-0.34135,-0.37195,-0.38681,-0.38162,-0.35802,-0.3215,-0.27822,-0.23233,-0.18463,-0.13324,-0.075776,-0.011984,0.054519,0.11632,0.16432,0.1912,0.19485,0.18033,0.15921,0.1463,0.15464,0.1905,0.25016,0.31997,0.37983,0.40926,0.39403,0.3312,0.23081,0.11343,0.0044054,-0.073483,-0.10649,-0.093465,-0.045341,0.019098,0.079718,0.12154,0.13905,0.13708,0.12797,0.12646,0.14396,0.18444,0.2432,0.30886,0.36761,0.40807,0.42505,0.42073,0.40316,0.38261,0.36742,0.36075,0.35965,0.3564,0.34187,0.30923,0.25682,0.18905,0.11509,0.045915,-0.0090294,-0.044452,-0.060093,-0.059788,-0.04925,-0.033612,-0.015774,0.0037824,0.025754,0.050005,0.0738,0.091207,0.094113,0.07458,0.027686,-0.046285,-0.14126,-0.24673,-0.35068,-0.44304,-0.51838
-0.61105,-0.62653,-0.64095,-0.66263,-0.69325,-0.72679,-0.75165,-0.75516,-0.7289,-0.67272,-0.59573,-0.51397,-0.44522,-0.40313,-0.39257,-0.40814,-0.43627,-0.4603,-0.46643,-0.44841,-0.40926,-0.35924,-0.31107,-0.27428,-0.25094,-0.23467,-0.21326,-0.17406,-0.10991,-0.023355,0.073009,0.16014,0.21918,0.23866,0.21942,0.17531,0.12902,0.10435,0.11749,0.17057,0.24988,0.32969,0.38051,0.37918,0.31716,0.20418,0.06583,-0.064126,-0.15427,-0.18523,-0.15535,-0.080439,0.012226,0.093416,0.14174,0.1503,0.12805,0.095639,0.077294,0.091854,0.14604,0.23226,0.33153,0.42018,0.47799,0.49454,0.47194,0.42301,0.36584,0.31708,0.28626,0.27324,0.26953,0.26253,0.24115,0.20033,0.14297,0.07871,0.020088,-0.022109,-0.042556,-0.042772,-0.029789,-0.012863,0.00028342,0.0061137,0.0057575,0.0032474,0.002399,0.0038071,0.0033758,-0.0068552,-0.035818,-0.089599,-0.1683,-0.26494,-0.36709,-0.4606,-0.53425,-0.58336
-0.57754,-0.5646,-0.55342,-0.55604,-0.57696,-0.61129,-0.6467,-0.66841,-0.66524,-0.63444,-0.58326,-0.52656,-0.48127,-0.45986,-0.46538,-0.49001,-0.51791,-0.53129,-0.51734,-0.47345,-0.40839,-0.33898,-0.28334,-0.25341,-0.24952,-0.25955,-0.26301,-0.2389,-0.17435,-0.070739,0.055222,0.17625,0.26357,0.29711,0.27322,0.20672,0.12638,0.065226,0.04889,0.086211,0.16558,0.25844,0.32897,0.34658,0.29687,0.18715,0.044537,-0.092833,-0.18842,-0.21928,-0.18337,-0.099512,-0.00022696,0.080042,0.11707,0.10507,0.058264,0.005152,-0.022091,0.00053558,0.080067,0.20385,0.34369,0.46529,0.5395,0.55146,0.50458,0.41824,0.32033,0.23745,0.18647,0.17012,0.178,0.19208,0.19449,0.17438,0.1316,0.0759,0.022418,-0.01455,-0.027021,-0.01594,0.0098411,0.037543,0.055588,0.057721,0.044521,0.021852,-0.0028751,-0.024878,-0.04471,-0.068291,-0.1042,-0.15938,-0.23519,-0.3255,-0.41783,-0.49737,-0.55211,-0.57735
-0.48595,-0.45204,-0.41965,-0.40367,-0.41157,-0.44093,-0.48061,-0.51556,-0.533,-0.52766,-0.50396,-0.47403,-0.45252,-0.45008,-0.46843,-0.49889,-0.52541,-0.53084,-0.50414,-0.44551,-0.36728,-0.28983,-0.23386,-0.21199,-0.22293,-0.25074,-0.26986,-0.25442,-0.18841,-0.072998,0.072131,0.21413,0.31759,0.35676,0.3249,0.23742,0.12724,0.033919,-0.0098594,0.010388,0.0858,0.18719,0.27526,0.31443,0.28541,0.19204,0.059989,-0.072312,-0.16714,-0.20055,-0.17046,-0.096642,-0.012922,0.045696,0.05625,0.01656,-0.053687,-0.11991,-0.14517,-0.10383,0.0086669,0.17317,0.35244,0.50296,0.58875,0.5925,0.52032,0.39866,0.26482,0.15454,0.090965,0.078794,0.10505,0.14582,0.17612,0.17902,0.15102,0.10189,0.049571,0.012497,0.0023621,0.020075,0.056164,0.095118,0.12164,0.12624,0.10793,0.073265,0.032355,-0.0062336,-0.039399,-0.070585,-0.10761,-0.15828,-0.22572,-0.30563,-0.38669,-0.45416,-0.49534,-0.50459
-0.357,-0.31312,-0.26817,-0.23829,-0.23322,-0.25323,-0.28963,-0.32883,-0.35815,-0.37095,-0.36909,-0.36152,-0.35976,-0.37206,-0.39888,-0.43162,-0.45552,-0.45558,-0.42322,-0.36095,-0.28269,-0.2094,-0.16129,-0.14956,-0.17089,-0.20722,-0.23134,-0.21662,-0.14746,-0.026534,0.12411,0.26898,0.3704,0.40128,0.35492,0.24816,0.11655,0.002881,-0.056934,-0.045864,0.028661,0.13758,0.24048,0.29971,0.29332,0.22227,0.10937,-0.0095681,-0.098992,-0.13652,-0.12067,-0.070603,-0.018055,0.005569,-0.0179,-0.085351,-0.1723,-0.24098,-0.25374,-0.18718,-0.041653,0.15704,0.36474,0.53234,0.62096,0.61378,0.52064,0.37397,0.21776,0.093384,0.027284,0.024383,0.069081,0.13295,0.18594,0.20703,0.19049,0.14611,0.09376,0.054755,0.043559,0.062807,0.10326,0.14826,0.18059,0.18888,0.1711,0.13402,0.089101,0.046998,0.012857,-0.015439,-0.045531,-0.08619,-0.14228,-0.21133,-0.28332,-0.34381,-0.37938,-0.38296
-0.21482,-0.17326,-0.12725,-0.092089,-0.077987,-0.086957,-0.113,-0.1454,-0.17366,-0.19191,-0.20104,-0.20748,-0.21945,-0.24209,-0.27398,-0.30646,-0.32656,-0.32234,-0.2885,-0.22986,-0.16093,-0.10122,-0.067952,-0.068778,-0.097512,-0.13495,-0.15492,-0.13377,-0.059864,0.060353,0.20252,0.33099,0.41016,0.41655,0.3475,0.22321,0.081052,-0.036124,-0.093738,-0.076673,0.0060331,0.12461,0.23893,0.31211,0.32268,0.2709,0.17735,0.074204,-0.0071811,-0.047948,-0.048188,-0.025872,-0.0086866,-0.02189,-0.07685,-0.16469,-0.25765,-0.318,-0.31131,-0.21966,-0.049627,0.16762,0.38469,0.55192,0.63235,0.61282,0.50727,0.35166,0.19209,0.070427,0.012188,0.020498,0.077747,0.15378,0.21742,0.24703,0.23669,0.1962,0.14546,0.10586,0.092077,0.10721,0.14278,0.1832,0.21239,0.22005,0.20486,0.17387,0.13838,0.1085,0.088575,0.075578,0.060884,0.034699,-0.008877,-0.068336,-0.13436,-0.19277,-0.22968,-0.23681
-0.079495,-0.051368,-0.016567,0.012845,0.028783,0.0294,0.018635,0.0034226,-0.010071,-0.019477,-0.027141,-0.038507,-0.058729,-0.089077,-0.12491,-0.15635,-0.17169,-0.16225,-0.12674,-0.073065,-0.016475,0.025593,0.040279,0.025046,-0.010006,-0.044594,-0.055024,-0.023097,0.056039,0.17018,0.29223,0.38808,0.42758,0.39514,0.29608,0.15623,0.014645,-0.088287,-0.12356,-0.082669,0.019896,0.15172,0.27327,0.35071,0.36633,0.32301,0.24135,0.15081,0.078192,0.037775,0.026851,0.028125,0.018069,-0.022061,-0.096789,-0.19234,-0.27968,-0.32388,-0.29654,-0.18692,-0.0076179,0.2073,0.41153,0.55995,0.62202,0.59053,0.4831,0.33595,0.19223,0.088897,0.046448,0.064604,0.12495,0.19908,0.2591,0.28664,0.27765,0.24158,0.19593,0.15871,0.1416,0.14646,0.16607,0.18827,0.20172,0.20062,0.18665,0.16746,0.15264,0.1489,0.15671,0.1697,0.17715,0.16849,0.13793,0.087348,0.026144,-0.03181,-0.073022,-0.089095
0.037704,0.044564,0.057625,0.070324,0.079403,0.085472,0.091553,0.10044,0.11219,0.12316,0.12699,0.11753,0.09217,0.054286,0.013289,-0.017992,-0.027869,-0.010604,0.030549,0.083532,0.13123,0.15765,0.15432,0.12446,0.08291,0.051556,0.051488,0.094581,0.17763,0.2815,0.37599,0.42922,0.41844,0.33865,0.20574,0.052899,-0.078891,-0.15329,-0.14986,-0.07039,0.061842,0.20962,0.3336,0.40434,0.4106,0.3611,0.27952,0.1948,0.13025,0.095579,0.084635,0.079514,0.059321,0.010184,-0.067369,-0.15661,-0.22919,-0.25469,-0.21166,-0.096308,0.074457,0.26675,0.43923,0.5551,0.59288,0.55215,0.45282,0.32813,0.21407,0.13871,0.11494,0.13857,0.19202,0.25181,0.29688,0.31499,0.30509,0.27547,0.23886,0.20679,0.18536,0.17397,0.16717,0.15845,0.14416,0.12586,0.10992,0.10479,0.117,0.14763,0.19093,0.23559,0.26835,0.27852,0.26171,0.22136,0.16745,0.113,0.069725,0.044462
0.13487,0.11742,0.10242,0.090358,0.084809,0.09072,0.11139,0.14562,0.18656,0.22298,0.24285,0.23798,0.20784,0.16087,0.1124,0.079685,0.075655,0.10379,0.15615,0.21567,0.26205,0.27942,0.2627,0.2204,0.17224,0.14227,0.14968,0.20067,0.28438,0.37492,0.43903,0.44723,0.3845,0.25691,0.091542,-0.070636,-0.18674,-0.22505,-0.17491,-0.049998,0.11592,0.2795,0.401,0.45576,0.44035,0.37151,0.27856,0.19233,0.13447,0.11099,0.11199,0.11751,0.10691,0.068312,0.0043775,-0.067625,-0.12154,-0.13173,-0.082708,0.024486,0.17141,0.32727,0.4581,0.53687,0.55127,0.50652,0.42267,0.32748,0.24754,0.20068,0.19199,0.21439,0.25297,0.29124,0.31671,0.32402,0.31482,0.29497,0.27063,0.24515,0.21792,0.18573,0.14569,0.098353,0.049355,0.0087716,-0.01184,-0.0035786,0.036083,0.10154,0.18004,0.2552,0.31176,0.33996,0.33788,0.31115,0.27016,0.22608,0.18722,0.15711
0.21621,0.17692,0.13364,0.094161,0.069505,0.069732,0.099228,0.15354,0.21935,0.27802,0.31169,0.30982,0.27354,0.21611,0.15882,0.12373,0.12565,0.1665,0.23411,0.30638,0.35925,0.37575,0.35277,0.30273,0.24939,0.2189,0.2294,0.2829,0.3627,0.43772,0.47259,0.44018,0.33228,0.16457,-0.026349,-0.19298,-0.29117,-0.29373,-0.1991,-0.032032,0.16388,0.33939,0.45414,0.48785,0.44468,0.34963,0.23867,0.14607,0.093597,0.084859,0.10659,0.13581,0.14998,0.13621,0.096308,0.045907,0.0082545,0.0052028,0.048751,0.13623,0.25076,0.36671,0.45794,0.50599,0.50525,0.4637,0.39904,0.33223,0.28065,0.2534,0.25014,0.26326,0.28233,0.29848,0.30724,0.30873,0.30554,0.29957,0.2896,0.27078,0.23653,0.18205,0.10792,0.022116,-0.060699,-0.12274,-0.14832,-0.129,-0.06661,0.026835,0.13256,0.23047,0.30477,0.34776,0.36061,0.35106,0.32923,0.30331,0.27688,0.24893
0.2868,0.23342,0.16847,0.1057,0.062317,0.052843,0.083013,0.14634,0.22499,0.29504,0.33448,0.33116,0.28759,0.22065,0.1561,0.11957,0.12731,0.1801,0.26269,0.34919,0.41248,0.43434,0.41238,0.3611,0.30643,0.27558,0.28585,0.33665,0.40794,0.46607,0.47529,0.41107,0.27058,0.076238,-0.12913,-0.29434,-0.37534,-0.34908,-0.22107,-0.024178,0.19108,0.37152,0.4767,0.48989,0.42112,0.30194,0.17384,0.074527,0.026733,0.032986,0.07761,0.13467,0.17862,0.19367,0.17871,0.14644,0.11734,0.11121,0.13955,0.20136,0.28382,0.36716,0.43172,0.46435,0.46203,0.43163,0.38629,0.34012,0.30345,0.28039,0.2692,0.26498,0.26309,0.2617,0.26209,0.26689,0.27703,0.28912,0.29475,0.28241,0.24163,0.16777,0.065572,-0.050255,-0.15795,-0.23445,-0.26215,-0.23419,-0.15663,-0.04645,0.073744,0.18247,0.26518,0.31719,0.34277,0.35126,0.35175,0.3488,0.34089,0.3222
0.34773,0.29212,0.21822,0.14273,0.086102,0.065336,0.087261,0.14505,0.21957,0.28537,0.31952,0.3099,0.25999,0.18825,0.12185,0.087203,0.10036,0.16109,0.25272,0.34805,0.4192,0.44785,0.43192,0.38617,0.33626,0.30837,0.31821,0.36352,0.42324,0.46405,0.45212,0.36628,0.20767,0.0022945,-0.20482,-0.3624,-0.4285,-0.38383,-0.23837,-0.029002,0.19115,0.36822,0.46302,0.46147,0.37696,0.24428,0.10747,0.005883,-0.037142,-0.019354,0.042505,0.12072,0.18725,0.22328,0.22441,0.20032,0.1695,0.15151,0.15971,0.197,0.25577,0.32152,0.37846,0.41473,0.42554,0.41318,0.38469,0.34832,0.31057,0.27497,0.24269,0.21443,0.19221,0.17977,0.18128,0.19867,0.22883,0.26235,0.28466,0.27986,0.23608,0.1505,0.032112,-0.099233,-0.21748,-0.29741,-0.32186,-0.28658,-0.20118,-0.085654,0.036035,0.14323,0.22401,0.27704,0.30938,0.33139,0.35098,0.36955,0.38145,0.37696
0.39391,0.34995,0.28356,0.21031,0.14981,0.11881,0.12471,0.16234,0.21512,0.26073,0.27917,0.26032,0.20817,0.13996,0.080369,0.052759,0.070641,0.13255,0.22228,0.31461,0.38431,0.4153,0.4064,0.37135,0.33311,0.31426,0.32722,0.36796,0.4159,0.44041,0.41182,0.31331,0.14924,-0.053333,-0.25077,-0.39512,-0.44859,-0.39559,-0.24818,-0.043276,0.16788,0.3344,0.4201,0.413,0.32721,0.19691,0.064768,-0.031326,-0.068945,-0.046034,0.020958,0.10454,0.1763,0.21615,0.21778,0.18898,0.14734,0.11321,0.10273,0.12309,0.17134,0.23655,0.30407,0.3601,0.39497,0.40446,0.38921,0.35311,0.30173,0.24141,0.17921,0.1231,0.081689,0.062858,0.071429,0.10655,0.16,0.21659,0.25706,0.26316,0.22336,0.13737,0.017668,-0.11281,-0.22644,-0.2984,-0.31358,-0.27062,-0.18168,-0.068126,0.046458,0.14333,0.21342,0.25835,0.28739,0.31195,0.33966,0.37071,0.39762,0.40873
0.41547,0.39621,0.35399,0.29886,0.24543,0.20747,0.19254,0.19902,0.21659,0.23032,0.22665,0.19909,0.15141,0.096892,0.053812,0.038751,0.060262,0.11529,0.18988,0.26392,0.31845,0.3425,0.33713,0.3147,0.2937,0.29078,0.31309,0.35386,0.39323,0.40446,0.3635,0.25886,0.097923,-0.092517,-0.27241,-0.39941,-0.44145,-0.38672,-0.24789,-0.059056,0.1338,0.28573,0.36525,0.36234,0.28988,0.17816,0.064652,-0.017581,-0.049221,-0.028985,0.028018,0.096859,0.15179,0.17459,0.15972,0.11499,0.057917,0.0095611,-0.012156,0.0025926,0.053476,0.13101,0.2198,0.30274,0.36478,0.39546,0.39008,0.34965,0.28027,0.19218,0.098739,0.014841,-0.045158,-0.070206,-0.055466,-0.0045138,0.070133,0.14888,0.20926,0.23174,0.20533,0.13145,0.024432,-0.091698,-0.18949,-0.24554,-0.24692,-0.19441,-0.1017,0.0093608,0.11569,0.19982,0.25434,0.2826,0.29564,0.30666,0.32525,0.35347,0.38536,0.40978
0.40207,0.41669,0.41143,0.38725,0.35063,0.31044,0.2742,0.24526,0.22213,0.19999,0.17379,0.14145,0.10572,0.073856,0.054986,0.056371,0.079967,0.12088,0.16848,0.21006,0.23549,0.24134,0.23248,0.22042,0.21864,0.23663,0.27479,0.32232,0.35928,0.36257,0.31397,0.20762,0.054161,-0.12004,-0.27897,-0.38656,-0.41695,-0.36226,-0.23528,-0.066166,0.10583,0.24321,0.32021,0.32901,0.28034,0.19871,0.11386,0.051384,0.02544,0.03563,0.06876,0.10449,0.12283,0.1109,0.066981,0.00076879,-0.069954,-0.1248,-0.14669,-0.12632,-0.064309,0.029452,0.13848,0.24352,0.32634,0.37287,0.37519,0.3324,0.2507,0.14254,0.02505,-0.082326,-0.16106,-0.19715,-0.18451,-0.12713,-0.039112,0.057838,0.13927,0.18411,0.18046,0.12921,0.044347,-0.050497,-0.1284,-0.16656,-0.15265,-0.08801,0.013081,0.12804,0.23284,0.30894,0.34812,0.3538,0.33849,0.31866,0.30875,0.31641,0.34067,0.37317
0.34829,0.39949,0.43658,0.44979,0.43616,0.39903,0.3459,0.28561,0.22606,0.17297,0.12984,0.098649,0.080497,0.075838,0.083994,0.1024,0.12615,0.14848,0.16239,0.163,0.14981,0.12793,0.10718,0.099331,0.11375,0.15318,0.21106,0.27172,0.31386,0.3166,0.26633,0.16211,0.017869,-0.13989,-0.27823,-0.36638,-0.38405,-0.32707,-0.2086,-0.055394,0.099558,0.22595,0.30382,0.3277,0.30639,0.2584,0.20506,0.16343,0.14135,0.13602,0.13631,0.12773,0.09824,0.042967,-0.033693,-0.11902,-0.19549,-0.24564,-0.25662,-0.22336,-0.14949,-0.046236,0.070129,0.18146,0.27072,0.3243,0.33365,0.2963,0.21639,0.10456,-0.022834,-0.14571,-0.24337,-0.29849,-0.30119,-0.25201,-0.16279,-0.054624,0.046873,0.11797,0.14329,0.12027,0.06032,-0.014099,-0.075664,-0.099985,-0.072696,0.0063197,0.12286,0.25257,0.36794,0.44616,0.47531,0.45704,0.40527,0.3413,0.28713,0.25916,0.26403,0.29781
0.25777,0.34027,0.41587,0.46478,0.4755,0.44653,0.38541,0.30565,0.2229,0.15132,0.10097,0.076568,0.077378,0.097971,0.12953,0.16146,0.18329,0.18672,0.16761,0.1275,0.074042,0.019921,-0.01989,-0.032124,-0.0094789,0.046145,0.12268,0.19987,0.25406,0.26461,0.22023,0.12317,-0.010157,-0.15251,-0.27253,-0.34275,-0.34681,-0.28353,-0.16684,-0.021485,0.12396,0.2447,0.32553,0.36336,0.36574,0.3464,0.31942,0.29408,0.27218,0.24848,0.21388,0.16003,0.083532,-0.011598,-0.11423,-0.20877,-0.27931,-0.31375,-0.30659,-0.25981,-0.1817,-0.084463,0.018394,0.11414,0.19183,0.24261,0.25964,0.23849,0.17823,0.082934,-0.037102,-0.16536,-0.28103,-0.36293,-0.39461,-0.36927,-0.29263,-0.18266,-0.065562,0.03099,0.085677,0.089954,0.050995,-0.010001,-0.063846,-0.082071,-0.045689,0.048671,0.18722,0.34257,0.48139,0.57382,0.6018,0.56388,0.4752,0.36276,0.25759,0.18623,0.16402,0.19198
0.14413,0.24506,0.3465,0.42176,0.45357,0.43718,0.37991,0.2978,0.21065,0.13697,0.089995,0.075465,0.091248,0.12849,0.17388,0.21244,0.23063,0.21915,0.17523,0.10385,0.017355,-0.066667,-0.12919,-0.15451,-0.13488,-0.073551,0.014866,0.10721,0.17739,0.20333,0.17346,0.090622,-0.027904,-0.15443,-0.25799,-0.31244,-0.30327,-0.23099,-0.11027,0.034891,0.17817,0.29795,0.38209,0.42922,0.44642,0.44443,0.43241,0.41418,0.38727,0.34493,0.2802,0.19027,0.079432,-0.040695,-0.1537,-0.24282,-0.29563,-0.30732,-0.28141,-0.22788,-0.15946,-0.087742,-0.020501,0.038727,0.088979,0.12905,0.1551,0.15997,0.13503,0.073889,-0.023291,-0.14681,-0.27745,-0.39002,-0.45986,-0.47026,-0.41836,-0.31725,-0.19314,-0.0781,-0.0004986,0.024006,-0.0022173,-0.05898,-0.1142,-0.1339,-0.093098,0.015666,0.17912,0.36629,0.53703,0.65333,0.69011,0.64221,0.5255,0.37212,0.22131,0.1088,0.057676,0.073444
0.028028,0.12934,0.23804,0.32531,0.37188,0.37149,0.33048,0.26421,0.19196,0.13168,0.096084,0.090481,0.1125,0.15327,0.19956,0.23647,0.25027,0.23128,0.17623,0.089829,-0.015283,-0.12038,-0.20445,-0.24919,-0.24418,-0.19047,-0.1015,-0.0005138,0.085104,0.13122,0.1239,0.06387,-0.033146,-0.14038,-0.22727,-0.26785,-0.24768,-0.16732,-0.041316,0.10676,0.25144,0.37227,0.45824,0.50858,0.53,0.53176,0.52073,0.49838,0.46078,0.40154,0.31629,0.20672,0.082419,-0.040555,-0.14386,-0.21245,-0.23934,-0.2278,-0.18996,-0.14231,-0.099885,-0.071144,-0.055768,-0.046119,-0.031888,-0.0060463,0.030342,0.066596,0.085105,0.067559,0.0025416,-0.10837,-0.24855,-0.3895,-0.49868,-0.54949,-0.53015,-0.44826,-0.32914,-0.20825,-0.11988,-0.085898,-0.10812,-0.16721,-0.22852,-0.25318,-0.21098,-0.090815,0.094617,0.3115,0.51414,0.65788,0.7118,0.6672,0.53968,0.36416,0.18482,0.043047,-0.033013,-0.034476
-0.068671,0.013904,0.11013,0.19418,0.24841,0.26627,0.25166,0.21578,0.17279,0.13587,0.11439,0.11263,0.12969,0.16012,0.19505,0.22343,0.23378,0.21637,0.16573,0.08292,-0.023159,-0.13639,-0.23622,-0.30245,-0.32073,-0.2872,-0.21073,-0.11141,-0.0157,0.05091,0.071296,0.042022,-0.02529,-0.1071,-0.17468,-0.20244,-0.17513,-0.0918,0.034706,0.18224,0.32622,0.44639,0.53133,0.57942,0.59629,0.59034,0.56811,0.53163,0.47868,0.40562,0.31151,0.20133,0.086898,-0.015542,-0.090106,-0.12685,-0.12578,-0.097614,-0.060506,-0.033881,-0.031396,-0.055754,-0.097475,-0.13836,-0.15862,-0.14514,-0.097815,-0.031384,0.028324,0.052685,0.020433,-0.073926,-0.21658,-0.37734,-0.51834,-0.60586,-0.6212,-0.56694,-0.46621,-0.35511,-0.27059,-0.23777,-0.26119,-0.3227,-0.38716,-0.41389,-0.37038,-0.24362,-0.045478,0.18966,0.41429,0.58116,0.65653,0.62917,0.51276,0.34107,0.15794,0.0052112,-0.087692,-0.10975
-0.12961,-0.081073,-0.012845,0.056285,0.11265,0.14954,0.16664,0.16797,0.15948,0.14718,0.13616,0.13026,0.13192,0.14173,0.15775,0.17486,0.18487,0.17792,0.14511,0.081872,-0.0091864,-0.11708,-0.22387,-0.30869,-0.35341,-0.34824,-0.29537,-0.20912,-0.11238,-0.030114,0.018056,0.023854,-0.0070883,-0.056955,-0.10126,-0.11633,-0.0864,-0.0080198,0.10949,0.2474,0.3834,0.49784,0.57818,0.62057,0.62835,0.60854,0.56814,0.51176,0.44147,0.35863,0.26662,0.1727,0.087939,0.024563,-0.008242,-0.0085757,0.0159,0.048991,0.070477,0.06282,0.0178,-0.059478,-0.15102,-0.23114,-0.27496,-0.26749,-0.20996,-0.1211,-0.032313,0.021745,0.014371,-0.064021,-0.20198,-0.36989,-0.52884,-0.6427,-0.68947,-0.66791,-0.59737,-0.51072,-0.4427,-0.41775,-0.44129,-0.49746,-0.55423,-0.57403,-0.5265,-0.39915,-0.20247,0.032082,0.26066,0.43912,0.53505,0.53603,0.45186,0.3105,0.14943,0.005301,-0.094905,-0.13894
-0.14902,-0.14168,-0.10838,-0.059009,-0.0029002,0.052093,0.099724,0.13523,0.15551,0.15968,0.14978,0.13097,0.11062,0.096386,0.093522,0.10243,0.11751,0.12811,0.12147,0.087144,0.021198,-0.071107,-0.17549,-0.27183,-0.33965,-0.36411,-0.34066,-0.27666,-0.18937,-0.10078,-0.030973,0.0078609,0.014903,0.0005089,-0.017461,-0.01953,0.0092506,0.074856,0.1728,0.28987,0.40817,0.51001,0.58209,0.61759,0.61627,0.58269,0.52397,0.44792,0.36218,0.27446,0.19301,0.1266,0.083328,0.068385,0.081376,0.11457,0.15317,0.17823,0.17175,0.1226,0.031234,-0.088683,-0.21284,-0.31264,-0.36378,-0.35419,-0.28897,-0.19001,-0.09052,-0.025534,-0.021539,-0.088389,-0.2162,-0.37832,-0.53945,-0.66635,-0.73771,-0.74986,-0.7167,-0.66385,-0.61903,-0.60214,-0.61812,-0.65511,-0.68847,-0.68911,-0.6335,-0.51201,-0.33286,-0.12062,0.09022,0.26443,0.37504,0.40969,0.37245,0.28127,0.16214,0.042047,-0.057096,-0.12207
-0.1333,-0.1638,-0.16168,-0.12881,-0.071866,-0.0015986,0.068757,0.12592,0.15948,0.1645,0.14309,0.10407,0.060746,0.027087,0.013422,0.022972,0.050411,0.083082,0.10467,0.10027,0.061377,-0.010943,-0.10564,-0.20437,-0.28637,-0.33429,-0.33887,-0.30128,-0.23239,-0.14918,-0.069569,-0.0072789,0.031742,0.050324,0.058384,0.06923,0.095126,0.14349,0.21476,0.30236,0.39454,0.47736,0.53783,0.5665,0.55902,0.51658,0.44542,0.35583,0.26073,0.174,0.10847,0.073758,0.074005,0.10625,0.15989,0.21795,0.26017,0.26763,0.22785,0.1389,0.011166,-0.13406,-0.26931,-0.3678,-0.41071,-0.39278,-0.32434,-0.2291,-0.13814,-0.081638,-0.080872,-0.14265,-0.25794,-0.40493,-0.55564,-0.68379,-0.77179,-0.81455,-0.81925,-0.80131,-0.77814,-0.76272,-0.75916,-0.76151,-0.75616,-0.72674,-0.65994,-0.55037,-0.40288,-0.23194,-0.058309,0.095865,0.21189,0.2782,0.29198,0.25871,0.19015,0.10156,0.00893,-0.073203
-0.098468,-0.15338,-0.16907,-0.14269,-0.081291,-0.00039095,0.079834,0.13973,0.16536,0.15229,0.10665,0.043351,-0.018295,-0.060173,-0.070601,-0.047676,0.00024379,0.057019,0.10342,0.12262,0.10491,0.050321,-0.031531,-0.12413,-0.2085,-0.26796,-0.29206,-0.27845,-0.23267,-0.16589,-0.091554,-0.021817,0.035208,0.07684,0.10567,0.1281,0.15202,0.18434,0.22884,0.28495,0.34742,0.40718,0.45316,0.47471,0.46424,0.41954,0.34512,0.25222,0.15713,0.078052,0.031022,0.025768,0.062675,0.13174,0.21407,0.28586,0.32392,0.31152,0.24296,0.12553,-0.021789,-0.17268,-0.29983,-0.38163,-0.40745,-0.38011,-0.31488,-0.23539,-0.16769,-0.13391,-0.14739,-0.21029,-0.31414,-0.4429,-0.57743,-0.70001,-0.79787,-0.86475,-0.9006,-0.90987,-0.89895,-0.87387,-0.8387,-0.79494,-0.74185,-0.67738,-0.59936,-0.50655,-0.39947,-0.28097,-0.15642,-0.033661,0.077552,0.16662,0.22376,0.24207,0.21959,0.16077,0.07675,-0.015972
-0.064424,-0.12381,-0.13833,-0.10511,-0.034969,0.050637,0.12587,0.16815,0.16476,0.11649,0.037208,-0.050494,-0.12202,-0.15792,-0.14925,-0.099655,-0.023795,0.057242,0.12198,0.1542,0.14666,0.10207,0.03139,-0.049753,-0.12521,-0.18191,-0.21205,-0.21366,-0.18972,-0.1466,-0.092109,-0.033938,0.021527,0.069934,0.10934,0.14029,0.16544,0.18887,0.21471,0.24562,0.28127,0.31747,0.34653,0.35893,0.3462,0.30412,0.23537,0.15037,0.065872,0.0011912,-0.026931,-0.0094873,0.05129,0.14133,0.23749,0.31314,0.34504,0.31964,0.23685,0.11022,-0.036568,-0.17594,-0.28345,-0.34378,-0.35389,-0.3229,-0.26871,-0.21287,-0.17514,-0.16933,-0.20127,-0.26912,-0.36534,-0.47931,-0.59977,-0.71622,-0.81952,-0.90177,-0.95636,-0.97837,-0.96551,-0.91918,-0.84506,-0.75259,-0.65318,-0.55744,-0.47232,-0.39921,-0.33379,-0.268,-0.19361,-0.10625,-0.0083656,0.089991,0.1733,0.22502,0.23312,0.19485,0.11892,0.0243
