-0.10126,-0.13487,-0.16568,-0.16773,-0.1228,-0.028087,0.10138,0.23667,0.34418,0.3971,0.38485,0.31715,0.22097,0.13129,0.078874,0.079483,0.1283,0.20177,0.26618,0.28988,0.25466,0.16236,0.034005,-0.097829,-0.2008,-0.25416,-0.25561,-0.22101,-0.17729,-0.15114,-0.15807,-0.19584,-0.24505,-0.27661,-0.26343,-0.19184,-0.068336,0.08104,0.2187,0.3082,0.32693,0.2744,0.17278,0.059633,-0.024796,-0.051137,-0.010588,0.082648,0.19689,0.29433,0.344,0.3317,0.26346,0.16148,0.054539,-0.033529,-0.09267,-0.12954,-0.16352,-0.21745,-0.3068,-0.43155,-0.5739,-0.70302,-0.78509,-0.79509,-0.726,-0.59215,-0.42546,-0.2658,-0.14899,-0.09644,-0.10984,-0.17254,-0.25657,-0.3327,-0.37969,-0.38981,-0.36899,-0.3323,-0.29679,-0.27496,-0.27097,-0.28094,-0.2966,-0.31019,-0.31847,-0.32383,-0.33223,-0.34902,-0.37481,-0.40335,-0.42286,-0.42045,-0.38783,-0.32598,-0.24644,-0.16822,-0.11129,-0.088823
-0.30057,-0.36009,-0.39747,-0.38675,-0.31468,-0.18643,-0.025433,0.13323,0.25375,0.31133,0.30061,0.23763,0.15446,0.088153,0.067717,0.10381,0.1847,0.28011,0.35172,0.36662,0.30909,0.18639,0.026715,-0.13027,-0.24663,-0.29873,-0.28444,-0.2228,-0.14614,-0.087731,-0.06951,-0.094266,-0.14513,-0.19242,-0.20528,-0.1637,-0.066677,0.066742,0.2036,0.30833,0.35493,0.3358,0.264,0.16825,0.082754,0.035381,0.038599,0.086204,0.15678,0.22229,0.2585,0.25322,0.20949,0.14277,0.073461,0.017983,-0.018162,-0.042482,-0.072008,-0.12561,-0.21515,-0.33897,-0.48035,-0.61173,-0.70323,-0.73257,-0.69278,-0.59499,-0.46529,-0.33689,-0.24017,-0.19416,-0.20207,-0.25215,-0.32317,-0.39218,-0.44185,-0.46482,-0.46411,-0.4498,-0.43395,-0.42583,-0.42922,-0.44255,-0.46126,-0.48089,-0.4993,-0.51697,-0.5353,-0.55409,-0.56948,-0.57407,-0.55919,-0.51904,-0.4546,-0.37556,-0.29893,-0.24408,-0.22585,-0.24814
-0.49007,-0.5765,-0.61801,-0.5893,-0.48393,-0.31756,-0.1241,0.054244,0.18,0.2322,0.21306,0.14693,0.071856,0.026459,0.036444,0.10547,0.2135,0.3234,0.39348,0.39188,0.3078,0.15576,-0.028647,-0.19996,-0.31731,-0.35716,-0.32014,-0.22965,-0.1231,-0.038732,-0.0027447,-0.021093,-0.078499,-0.14484,-0.18635,-0.17772,-0.11072,0.0032879,0.13766,0.2597,0.34148,0.36836,0.34252,0.28058,0.20673,0.14392,0.1066,0.097232,0.10761,0.12385,0.13288,0.12762,0.109,0.084173,0.061958,0.047612,0.039284,0.027741,-0.00039264,-0.057074,-0.14716,-0.2649,-0.3941,-0.5121,-0.59638,-0.63137,-0.61324,-0.55109,-0.46406,-0.37559,-0.30671,-0.2707,-0.27062,-0.30015,-0.34719,-0.3985,-0.44379,-0.47785,-0.50057,-0.51522,-0.52608,-0.53669,-0.5492,-0.56477,-0.58445,-0.60963,-0.64142,-0.67917,-0.71879,-0.75204,-0.7676,-0.75423,-0.70519,-0.62231,-0.518,-0.4136,-0.3342,-0.30093,-0.32328,-0.39418
-0.64773,-0.75562,-0.79515,-0.74337,-0.60249,-0.39988,-0.18013,0.0083576,0.12819,0.16427,0.12786,0.052117,-0.019613,-0.048711,-0.014542,0.078431,0.20205,0.3139,0.37165,0.34745,0.23759,0.064346,-0.13071,-0.29954,-0.40234,-0.41943,-0.35636,-0.2411,-0.11419,-0.015541,0.027886,0.0096168,-0.055726,-0.13847,-0.20424,-0.22499,-0.18725,-0.095164,0.032073,0.16702,0.28242,0.35846,0.38679,0.37053,0.32112,0.25349,0.18153,0.11537,0.060773,0.020189,-0.0055082,-0.015896,-0.011009,0.00757,0.035316,0.064055,0.082734,0.079776,0.046425,-0.020094,-0.11483,-0.22557,-0.33562,-0.428,-0.4898,-0.51529,-0.50682,-0.47336,-0.42735,-0.38109,-0.3438,-0.3203,-0.3114,-0.31542,-0.33004,-0.3534,-0.38436,-0.4217,-0.46323,-0.50538,-0.54391,-0.57548,-0.59956,-0.61951,-0.64205,-0.67483,-0.72271,-0.78419,-0.84956,-0.90203,-0.92218,-0.89446,-0.81391,-0.6903,-0.54789,-0.42006,-0.33999,-0.33009,-0.39367,-0.51193
-0.75945,-0.87793,-0.90739,-0.82974,-0.65685,-0.42708,-0.19356,-0.0080053,0.094939,0.10757,0.050203,-0.036806,-0.10735,-0.12533,-0.076724,0.026087,0.14885,0.24732,0.2823,0.23296,0.1039,-0.076004,-0.26249,-0.4095,-0.48293,-0.47027,-0.38321,-0.25293,-0.1198,-0.02107,0.019612,-0.0021748,-0.072024,-0.16245,-0.2417,-0.28276,-0.26991,-0.2015,-0.08875,0.048412,0.18666,0.30427,0.3847,0.4184,0.40327,0.3441,0.25159,0.14097,0.030166,-0.062782,-0.12282,-0.14112,-0.11757,-0.061544,0.0096375,0.074555,0.11296,0.11106,0.065159,-0.017493,-0.12103,-0.22572,-0.31368,-0.37352,-0.40271,-0.40675,-0.39592,-0.38076,-0.36827,-0.36004,-0.35302,-0.3424,-0.32512,-0.30252,-0.28085,-0.26929,-0.27632,-0.30601,-0.35585,-0.41723,-0.47869,-0.53054,-0.56912,-0.59869,-0.62978,-0.67446,-0.74004,-0.82379,-0.91108,-0.97823,-0.99977,-0.95778,-0.85018,-0.69451,-0.52545,-0.38593,-0.31442,-0.3323,-0.43559,-0.59419
-0.81893,-0.93431,-0.94635,-0.84419,-0.64897,-0.4072,-0.17626,-0.0068508,0.071965,0.060382,-0.014184,-0.10779,-0.17558,-0.1869,-0.1351,-0.038795,0.065417,0.13607,0.1412,0.069204,-0.067331,-0.23571,-0.39352,-0.50163,-0.53567,-0.49231,-0.38897,-0.25739,-0.13369,-0.048098,-0.017505,-0.04252,-0.10928,-0.1947,-0.27313,-0.32238,-0.32777,-0.28382,-0.19392,-0.068924,0.074788,0.21737,0.33782,0.41684,0.44021,0.40221,0.30816,0.1749,0.028438,-0.10137,-0.18795,-0.21504,-0.18154,-0.10232,-0.004315,0.080916,0.12629,0.11689,0.053923,-0.046439,-0.15883,-0.25711,-0.32253,-0.34887,-0.34296,-0.32064,-0.29973,-0.29296,-0.30333,-0.32368,-0.34047,-0.34004,-0.31505,-0.26817,-0.21182,-0.16389,-0.14118,-0.15324,-0.19903,-0.26778,-0.34373,-0.41284,-0.46861,-0.51451,-0.56181,-0.62352,-0.7067,-0.80657,-0.90498,-0.97471,-0.98845,-0.9296,-0.80078,-0.62661,-0.44898,-0.31562,-0.26546,-0.31541,-0.45334,-0.63985
-0.82608,-0.92536,-0.91599,-0.79566,-0.59277,-0.35733,-0.14537,-0.0019694,0.051568,0.022363,-0.058691,-0.149,-0.20941,-0.2172,-0.1727,-0.097705,-0.026493,0.0069533,-0.018896,-0.10572,-0.23493,-0.37402,-0.48712,-0.54612,-0.53865,-0.47063,-0.36311,-0.24497,-0.14429,-0.081123,-0.063629,-0.088196,-0.1425,-0.20991,-0.27359,-0.31905,-0.33528,-0.31495,-0.25467,-0.15585,-0.026085,0.11994,0.26105,0.37259,0.43167,0.42362,0.34731,0.21756,0.062879,-0.081182,-0.18162,-0.21747,-0.18625,-0.10484,-0.0044981,0.078865,0.11577,0.092174,0.013332,-0.098749,-0.21325,-0.3011,-0.3444,-0.34153,-0.30626,-0.26144,-0.22977,-0.2251,-0.24755,-0.28405,-0.31403,-0.31795,-0.28522,-0.21879,-0.13436,-0.054965,-0.0028333,0.0080882,-0.023769,-0.088404,-0.16942,-0.25128,-0.32555,-0.39348,-0.46371,-0.54615,-0.64456,-0.7512,-0.8463,-0.90324,-0.89795,-0.81929,-0.67635,-0.49938,-0.33313,-0.22428,-0.2067,-0.28961,-0.45274,-0.65082
-0.78507,-0.85937,-0.82966,-0.70182,-0.50799,-0.29625,-0.11577,-0.0023181,0.031234,-0.0034664,-0.076588,-0.15187,-0.19954,-0.20588,-0.17653,-0.13262,-0.10164,-0.1066,-0.1573,-0.24679,-0.35387,-0.45047,-0.51101,-0.52046,-0.47828,-0.39753,-0.29966,-0.20742,-0.1384,-0.10127,-0.095629,-0.11456,-0.14851,-0.18854,-0.22766,-0.26022,-0.2803,-0.28048,-0.25242,-0.18932,-0.089892,0.038311,0.17777,0.30344,0.38871,0.41313,0.36948,0.26749,0.13234,-0.0019476,-0.10238,-0.14709,-0.1321,-0.072467,0.0028958,0.060875,0.075204,0.035054,-0.051751,-0.16194,-0.2652,-0.33475,-0.3563,-0.3323,-0.28002,-0.22439,-0.18844,-0.18464,-0.21062,-0.25046,-0.28112,-0.28136,-0.23989,-0.15973,-0.057295,0.043209,0.1179,0.15064,0.13714,0.084442,0.0063324,-0.083052,-0.17466,-0.26666,-0.36249,-0.46571,-0.57434,-0.67729,-0.75519,-0.78589,-0.75294,-0.65392,-0.50515,-0.34023,-0.20217,-0.13107,-0.15126,-0.26231,-0.43733,-0.62946
-0.70305,-0.74987,-0.70602,-0.58344,-0.41368,-0.2379,-0.094459,-0.0081607,0.015405,-0.010994,-0.062931,-0.11415,-0.14593,-0.1528,-0.14278,-0.13259,-0.13983,-0.17528,-0.23819,-0.31615,-0.38943,-0.43794,-0.44816,-0.41751,-0.35468,-0.27612,-0.20017,-0.14121,-0.10591,-0.09282,-0.094935,-0.10393,-0.11401,-0.12367,-0.13485,-0.14988,-0.16796,-0.18299,-0.18409,-0.15903,-0.099369,-0.0052777,0.11206,0.23188,0.32907,0.38165,0.37787,0.32049,0.22639,0.12147,0.032414,-0.021831,-0.035968,-0.019487,0.0073254,0.021104,0.0040713,-0.049459,-0.13105,-0.22125,-0.2967,-0.33852,-0.33895,-0.3039,-0.25037,-0.19999,-0.17086,-0.17096,-0.19525,-0.22774,-0.24738,-0.23587,-0.18428,-0.096343,0.012658,0.12084,0.20643,0.25385,0.257,0.21902,0.14902,0.057564,-0.046981,-0.15971,-0.27767,-0.39664,-0.50798,-0.59768,-0.6486,-0.64573,-0.58274,-0.46713,-0.32156,-0.18018,-0.080231,-0.051391,-0.10618,-0.23483,-0.40659,-0.5776
-0.58979,-0.61345,-0.56524,-0.45964,-0.32356,-0.18798,-0.079031,-0.011479,0.013569,0.0063913,-0.017017,-0.041715,-0.059166,-0.069374,-0.079278,-0.098347,-0.13329,-0.18407,-0.24285,-0.29616,-0.32958,-0.33293,-0.30409,-0.2499,-0.18383,-0.12141,-0.075033,-0.050165,-0.044338,-0.049112,-0.054176,-0.051867,-0.040267,-0.023658,-0.010173,-0.0076317,-0.019293,-0.041328,-0.063166,-0.070757,-0.051623,0.00014377,0.080873,0.17749,0.27098,0.34195,0.37639,0.36968,0.32736,0.26258,0.1912,0.12638,0.074626,0.034674,-0.00055986,-0.039838,-0.089015,-0.14784,-0.20942,-0.26256,-0.29603,-0.30311,-0.28457,-0.24885,-0.20936,-0.17973,-0.16889,-0.17764,-0.19812,-0.21632,-0.21678,-0.18785,-0.12568,-0.035605,0.069257,0.17174,0.2551,0.30681,0.32047,0.29567,0.23627,0.14828,0.038426,-0.08603,-0.21633,-0.34106,-0.4459,-0.51519,-0.5354,-0.49963,-0.41168,-0.28763,-0.1541,-0.042761,0.017556,0.0089433,-0.069865,-0.20216,-0.35703,-0.49738
-0.45778,-0.46788,-0.42583,-0.34482,-0.24434,-0.1444,-0.060435,-0.00037164,0.035434,0.051889,0.055601,0.051585,0.041478,0.023806,-0.0039982,-0.04287,-0.089947,-0.13802,-0.17698,-0.19679,-0.19099,-0.15925,-0.10804,-0.048975,0.0046018,0.041791,0.057481,0.053762,0.038879,0.024108,0.019642,0.030953,0.056896,0.090227,0.12031,0.13708,0.13481,0.11444,0.08366,0.054638,0.040337,0.050506,0.088685,0.1511,0.22767,0.30469,0.36818,0.40701,0.41477,0.39033,0.33699,0.26106,0.17026,0.072635,-0.024058,-0.11254,-0.18622,-0.23969,-0.26959,-0.27561,-0.26111,-0.23303,-0.20069,-0.17367,-0.15937,-0.1608,-0.17557,-0.19633,-0.21267,-0.21398,-0.19237,-0.14477,-0.073755,0.013212,0.10558,0.19199,0.26222,0.30838,0.32523,0.31,0.26209,0.18319,0.077958,-0.045162,-0.17352,-0.29092,-0.3798,-0.42474,-0.41653,-0.3556,-0.25354,-0.13176,-0.017411,0.062859,0.089463,0.055045,-0.033385,-0.15606,-0.28549,-0.3934
-0.3222,-0.3305,-0.30274,-0.24773,-0.17681,-0.10091,-0.028605,0.034511,0.085258,0.12178,0.14259,0.1464,0.13263,0.10249,0.060021,0.012294,-0.031389,-0.061373,-0.070085,-0.054251,-0.016132,0.036743,0.09336,0.14207,0.1737,0.18396,0.17448,0.15216,0.12703,0.10933,0.1066,0.12166,0.15193,0.19034,0.22732,0.25348,0.26214,0.25109,0.22331,0.18636,0.15075,0.1277,0.12648,0.15223,0.20438,0.27611,0.35513,0.42557,0.47097,0.47762,0.43772,0.35166,0.22855,0.084957,-0.058228,-0.18011,-0.26432,-0.3026,-0.29651,-0.25676,-0.20024,-0.14557,-0.10838,-0.097471,-0.11313,-0.14767,-0.18817,-0.22035,-0.23246,-0.21806,-0.17699,-0.11453,-0.039186,0.03983,0.11463,0.17954,0.23078,0.26542,0.28027,0.27157,0.23582,0.17154,0.081411,-0.026218,-0.13738,-0.2344,-0.29957,-0.31959,-0.28954,-0.21503,-0.11176,-0.0022893,0.089087,0.14216,0.1456,0.099423,0.014603,-0.090106,-0.19304,-0.27477
-0.19972,-0.21645,-0.20621,-0.17208,-0.11876,-0.05198,0.021588,0.094302,0.15782,0.20401,0.22645,0.22214,0.19293,0.14579,0.091853,0.044071,0.014247,0.010109,0.033383,0.079436,0.13858,0.19869,0.24826,0.27917,0.28829,0.27768,0.25352,0.22416,0.19804,0.18188,0.17966,0.19224,0.21756,0.25119,0.28703,0.31813,0.33776,0.34071,0.3247,0.29163,0.24816,0.20507,0.17531,0.17073,0.19844,0.25766,0.33831,0.42208,0.48612,0.50863,0.47484,0.38181,0.24025,0.072773,-0.091258,-0.22301,-0.30147,-0.31877,-0.28186,-0.21011,-0.12951,-0.065352,-0.035354,-0.045413,-0.088979,-0.15005,-0.20865,-0.24686,-0.25364,-0.22702,-0.17325,-0.10368,-0.030611,0.0363,0.091901,0.13527,0.16775,0.19041,0.20212,0.19923,0.17695,0.13209,0.065818,-0.014683,-0.096537,-0.1637,-0.20101,-0.19857,-0.15493,-0.078159,0.01581,0.10696,0.17609,0.20936,0.20121,0.15502,0.081495,-0.0045514,-0.087829,-0.15565
-0.10606,-0.13674,-0.1413,-0.11793,-0.067972,0.003337,0.086696,0.16953,0.23802,0.28001,0.28807,0.26186,0.20873,0.14233,0.079446,0.035789,0.022042,0.041303,0.088652,0.15292,0.22005,0.27691,0.3145,0.3295,0.32415,0.30451,0.27811,0.25184,0.23063,0.21731,0.2131,0.21846,0.2334,0.25728,0.28795,0.3211,0.35015,0.36745,0.36644,0.34433,0.30424,0.25574,0.21309,0.19146,0.202,0.24728,0.31891,0.3983,0.46088,0.4827,0.44766,0.35291,0.21081,0.046408,-0.10885,-0.22557,-0.28435,-0.28096,-0.22709,-0.14649,-0.067753,-0.016051,-0.0061956,-0.039221,-0.10322,-0.17793,-0.24142,-0.27661,-0.27559,-0.24074,-0.18247,-0.11487,-0.050907,0.001161,0.03903,0.065186,0.0841,0.099138,0.1105,0.11505,0.10794,0.085492,0.047853,0.00044113,-0.046587,-0.08079,-0.091019,-0.070921,-0.021167,0.050329,0.13027,0.20328,0.25561,0.27812,0.26784,0.22779,0.16554,0.091092,0.014913,-0.053457
-0.052684,-0.096386,-0.1078,-0.082979,-0.024048,0.060154,0.15492,0.24222,0.30459,0.32925,0.31157,0.25646,0.17746,0.093389,0.023617,-0.016785,-0.020599,0.010287,0.066176,0.13288,0.19593,0.24427,0.27254,0.28116,0.27483,0.25994,0.24224,0.22541,0.21096,0.19929,0.19102,0.1879,0.1927,0.20792,0.23405,0.26811,0.3034,0.33088,0.34196,0.33184,0.30202,0.26094,0.22215,0.20025,0.2059,0.24142,0.29878,0.36086,0.40582,0.41357,0.37216,0.28209,0.15708,0.020733,-0.099909,-0.18197,-0.21324,-0.19545,-0.1434,-0.08023,-0.030307,-0.012088,-0.033055,-0.088234,-0.16253,-0.23591,-0.28972,-0.31189,-0.29973,-0.25951,-0.20335,-0.14477,-0.094431,-0.057543,-0.033558,-0.017938,-0.005081,0.0088701,0.024409,0.038779,0.047631,0.04745,0.037718,0.021922,0.0069917,0.0013612,0.012347,0.043753,0.094495,0.15864,0.22674,0.28801,0.33255,0.35315,0.34623,0.31201,0.25418,0.17926,0.096056,0.015011
-0.043522,-0.093183,-0.10061,-0.063494,0.011523,0.10953,0.21013,0.2918,0.33683,0.33557,0.28866,0.20677,0.10775,0.012077,-0.062197,-0.1035,-0.10878,-0.083103,-0.037165,0.016373,0.066428,0.10591,0.13242,0.14732,0.15381,0.15498,0.15254,0.14681,0.1376,0.12556,0.11315,0.10465,0.10497,0.11773,0.14343,0.1784,0.21534,0.24531,0.26076,0.25835,0.24065,0.21576,0.19494,0.18876,0.20316,0.2367,0.28023,0.31916,0.33776,0.32423,0.27481,0.19546,0.10062,0.0091495,-0.061196,-0.09903,-0.1027,-0.08063,-0.048569,-0.02463,-0.02371,-0.053048,-0.11027,-0.18439,-0.25944,-0.31926,-0.35213,-0.35366,-0.32731,-0.28245,-0.23099,-0.1836,-0.14689,-0.12231,-0.10683,-0.095008,-0.081568,-0.06342,-0.040582,-0.015741,0.0072067,0.025009,0.036584,0.043691,0.050554,0.06264,0.08501,0.12078,0.17007,0.22972,0.29361,0.35357,0.40062,0.42631,0.42407,0.39062,0.32698,0.23918,0.13813,0.038486
-0.073157,-0.11782,-0.11069,-0.054666,0.036747,0.14237,0.23813,0.30264,0.32201,0.29263,0.22133,0.12296,0.016142,-0.081335,-0.15641,-0.20278,-0.22085,-0.21588,-0.19534,-0.16629,-0.13379,-0.10058,-0.067866,-0.036597,-0.0084777,0.013812,0.027353,0.030327,0.023327,0.0099573,-0.0037235,-0.01085,-0.0059893,0.012863,0.043321,0.079161,0.11232,0.13566,0.14561,0.14359,0.13568,0.13053,0.13617,0.15681,0.19084,0.23071,0.26506,0.28221,0.27412,0.23931,0.18372,0.11922,0.060071,0.018483,0.00075667,0.0051733,0.02242,0.038405,0.038588,0.012482,-0.043091,-0.12293,-0.21489,-0.30323,-0.37291,-0.4134,-0.42108,-0.39944,-0.35744,-0.30652,-0.25734,-0.21717,-0.18869,-0.17021,-0.15716,-0.14414,-0.12681,-0.10321,-0.073991,-0.041912,-0.010631,0.016607,0.038095,0.054301,0.067915,0.083316,0.10558,0.13918,0.18662,0.24726,0.31652,0.38597,0.44426,0.4791,0.4799,0.44068,0.36238,0.25392,0.13139,0.015397
-0.12732,-0.15563,-0.12671,-0.050943,0.051027,0.15356,0.23239,0.27027,0.26041,0.20677,0.12168,0.021439,-0.078316,-0.16617,-0.23644,-0.2886,-0.32503,-0.3485,-0.36026,-0.35959,-0.34478,-0.31505,-0.27235,-0.22207,-0.17236,-0.1319,-0.10717,-0.10009,-0.10711,-0.1202,-0.1295,-0.12673,-0.10811,-0.075799,-0.037032,-0.0014807,0.022462,0.031,0.026625,0.017478,0.01451,0.0274,0.060684,0.11151,0.16995,0.22183,0.25328,0.25537,0.2274,0.1774,0.11993,0.071502,0.04526,0.046655,0.071428,0.10666,0.13454,0.13765,0.10415,0.031373,-0.073369,-0.19471,-0.31332,-0.41079,-0.47397,-0.4975,-0.48414,-0.443,-0.38646,-0.32679,-0.2734,-0.23132,-0.20119,-0.18016,-0.16363,-0.14692,-0.12657,-0.10117,-0.071418,-0.039784,-0.009737,0.015265,0.032865,0.0428,0.047538,0.052284,0.06416,0.090508,0.1366,0.20332,0.28549,0.37169,0.44584,0.49058,0.49168,0.44231,0.346,0.21706,0.07821,-0.044402
-0.18599,-0.18983,-0.13737,-0.046575,0.056444,0.14466,0.19713,0.20369,0.16615,0.095852,0.0088114,-0.079782,-0.1598,-0.22784,-0.28605,-0.33895,-0.38968,-0.43735,-0.47662,-0.49953,-0.49894,-0.47208,-0.42264,-0.36049,-0.29895,-0.25059,-0.22297,-0.21616,-0.22279,-0.23091,-0.22847,-0.20798,-0.16943,-0.12044,-0.07347,-0.041056,-0.030861,-0.042331,-0.066308,-0.08787,-0.091456,-0.066525,-0.011714,0.064047,0.14397,0.20866,0.24241,0.23849,0.20148,0.14594,0.091747,0.057614,0.054916,0.083842,0.13307,0.18306,0.21183,0.20145,0.14324,0.040161,-0.094099,-0.23888,-0.37188,-0.47434,-0.53489,-0.55093,-0.52782,-0.47629,-0.40916,-0.33832,-0.27271,-0.21745,-0.17404,-0.14126,-0.11623,-0.095542,-0.076154,-0.056119,-0.035088,-0.014489,0.002757,0.01311,0.013803,0.0044526,-0.01166,-0.027263,-0.032171,-0.015806,0.029356,0.1044,0.20186,0.30589,0.39506,0.4475,0.44684,0.38748,0.27725,0.13657,-0.0060968,-0.12126
-0.22836,-0.20562,-0.13383,-0.036555,0.057722,0.12376,0.14624,0.12286,0.063266,-0.015675,-0.096264,-0.16579,-0.2198,-0.26185,-0.30024,-0.34307,-0.39385,-0.44923,-0.49988,-0.53393,-0.54181,-0.52036,-0.47453,-0.41614,-0.35988,-0.31809,-0.29645,-0.29198,-0.29442,-0.2904,-0.26888,-0.22581,-0.16625,-0.10303,-0.052248,-0.027367,-0.033872,-0.066596,-0.11077,-0.14656,-0.15559,-0.12729,-0.062668,0.025584,0.117,0.18982,0.22797,0.22613,0.19127,0.14017,0.093723,0.070035,0.078456,0.11654,0.17074,0.22054,0.24455,0.22672,0.16074,0.051476,-0.086602,-0.23337,-0.36797,-0.47319,-0.53839,-0.56036,-0.54247,-0.49267,-0.42127,-0.33885,-0.25493,-0.17717,-0.11091,-0.059036,-0.02199,0.0019143,0.015779,0.023017,0.026083,0.025479,0.019528,0.0052071,-0.020043,-0.056078,-0.098268,-0.13709,-0.15965,-0.15309,-0.10895,-0.027163,0.081852,0.19815,0.29639,0.35227,0.34954,0.28527,0.17176,0.033993,-0.096599,-0.19055
-0.23834,-0.19382,-0.11175,-0.017758,0.060799,0.10271,0.098519,0.052127,-0.021864,-0.10389,-0.17616,-0.22801,-0.25826,-0.27391,-0.28605,-0.30466,-0.33436,-0.37265,-0.41122,-0.43953,-0.44938,-0.43827,-0.41053,-0.37554,-0.34388,-0.32294,-0.31371,-0.31023,-0.30186,-0.27776,-0.23166,-0.16536,-0.08918,-0.019289,0.027522,0.039697,0.015375,-0.036204,-0.09699,-0.14544,-0.16318,-0.14074,-0.080532,0.0039684,0.092532,0.16453,0.20526,0.21013,0.18558,0.14634,0.11033,0.092679,0.10094,0.13287,0.17735,0.21784,0.23723,0.22258,0.16827,0.077047,-0.04108,-0.17147,-0.298,-0.40591,-0.48383,-0.52475,-0.52623,-0.49015,-0.42219,-0.33111,-0.22785,-0.12415,-0.030968,0.043278,0.093963,0.12073,0.1268,0.11734,0.09732,0.069726,0.034885,-0.0087742,-0.062657,-0.12543,-0.19108,-0.24862,-0.28405,-0.28422,-0.24147,-0.15765,-0.045569,0.072703,0.17085,0.22527,0.22196,0.16117,0.058072,-0.060949,-0.16542,-0.22931
-0.20879,-0.15303,-0.072173,0.010192,0.070682,0.092782,0.071104,0.012098,-0.068776,-0.15229,-0.22124,-0.26503,-0.28153,-0.27622,-0.259,-0.24014,-0.22698,-0.22227,-0.22459,-0.23034,-0.23612,-0.24056,-0.24459,-0.25026,-0.25868,-0.2681,-0.27322,-0.26622,-0.23944,-0.18863,-0.11571,-0.029711,0.054671,0.12073,0.15448,0.1491,0.10742,0.041626,-0.029792,-0.087118,-0.11484,-0.10581,-0.062894,0.0023507,0.073439,0.13393,0.17205,0.18356,0.17222,0.14783,0.12271,0.10772,0.10912,0.12709,0.15592,0.18587,0.20575,0.20556,0.17848,0.12211,0.03872,-0.065102,-0.17927,-0.29133,-0.38787,-0.45625,-0.48647,-0.47306,-0.41648,-0.32355,-0.20667,-0.081706,0.034977,0.12966,0.19369,0.22451,0.22495,0.20121,0.16019,0.10721,0.045063,-0.025422,-0.10344,-0.18587,-0.26559,-0.33156,-0.37088,-0.37247,-0.33124,-0.25123,-0.14624,-0.037538,0.051129,0.099915,0.098625,0.050034,-0.030467,-0.11896,-0.18974,-0.22263
-0.14319,-0.089658,-0.02092,0.04478,0.089571,0.10068,0.07362,0.012985,-0.06904,-0.15598,-0.23109,-0.28098,-0.29811,-0.28158,-0.23654,-0.17253,-0.1013,-0.034739,0.016807,0.045872,0.048726,0.025917,-0.017582,-0.072757,-0.12763,-0.16911,-0.18542,-0.16872,-0.11728,-0.03648,0.06168,0.16081,0.24353,0.29538,0.30816,0.28174,0.22405,0.14901,0.073077,0.011417,-0.025461,-0.033611,-0.015814,0.019903,0.062844,0.10251,0.13101,0.14452,0.14349,0.13195,0.11604,0.10235,0.09643,0.10159,0.11816,0.14319,0.1707,0.1924,0.19896,0.1818,0.13511,0.057822,-0.045176,-0.16285,-0.2793,-0.37648,-0.43768,-0.45122,-0.41316,-0.32849,-0.21016,-0.076388,0.053225,0.16162,0.23722,0.27523,0.27707,0.24834,0.19628,0.12763,0.047512,-0.040214,-0.1317,-0.22155,-0.30203,-0.36343,-0.39602,-0.39284,-0.35255,-0.28109,-0.19149,-0.10139,-0.028923,0.011947,0.015294,-0.015004,-0.066209,-0.12022,-0.15861,-0.16789
-0.054207,-0.015528,0.033396,0.081445,0.11615,0.12648,0.1054,0.051956,-0.02792,-0.12182,-0.21275,-0.28219,-0.31385,-0.29736,-0.23108,-0.12323,0.009019,0.14267,0.25358,0.3217,0.33579,0.29618,0.21499,0.11353,0.017431,-0.049242,-0.069543,-0.037379,0.041417,0.15091,0.26921,0.37374,0.44629,0.47658,0.46362,0.41466,0.34246,0.26173,0.1857,0.12382,0.080807,0.056983,0.049508,0.053859,0.065091,0.078644,0.090709,0.09839,0.099899,0.094889,0.084836,0.073197,0.065023,0.065871,0.080112,0.10904,0.14942,0.19311,0.22812,0.24112,0.22082,0.16141,0.064969,-0.057941,-0.18977,-0.30941,-0.39666,-0.43658,-0.4227,-0.35812,-0.25453,-0.12931,-0.0017054,0.11086,0.19557,0.24544,0.25909,0.23943,0.19195,0.12322,0.040116,-0.05043,-0.14115,-0.22429,-0.29187,-0.33659,-0.35316,-0.33979,-0.29914,-0.23839,-0.16815,-0.10051,-0.046426,-0.013353,-0.0036088,-0.013957,-0.036521,-0.060805,-0.076327,-0.07522
0.040314,0.055822,0.082153,0.11518,0.14641,0.16426,0.15677,0.11544,0.038941,-0.064435,-0.17677,-0.27346,-0.32864,-0.32203,-0.24506,-0.10462,0.077086,0.26692,0.42839,0.53066,0.55642,0.50639,0.39921,0.26659,0.14508,0.066764,0.051456,0.10238,0.20646,0.33876,0.46967,0.57256,0.62984,0.6359,0.59656,0.52563,0.43997,0.35483,0.2806,0.22175,0.17784,0.14555,0.12107,0.1016,0.08585,0.073498,0.06426,0.057184,0.050662,0.043212,0.034646,0.026986,0.024526,0.03275,0.056278,0.096508,0.14981,0.20706,0.25499,0.27901,0.26698,0.21269,0.11813,-0.0062679,-0.14345,-0.27324,-0.37644,-0.43865,-0.45273,-0.41954,-0.34699,-0.2479,-0.13728,-0.029843,0.061884,0.12867,0.165,0.16911,0.14275,0.090863,0.02112,-0.056875,-0.13269,-0.19649,-0.24052,-0.2603,-0.25528,-0.22864,-0.18632,-0.13569,-0.083938,-0.036975,0.0012569,0.028827,0.0455,0.052322,0.051347,0.045557,0.038821,0.035624
0.12267,0.11314,0.11932,0.14233,0.17558,0.20523,0.21372,0.18532,0.11242,0.00016396,-0.13243,-0.25557,-0.33583,-0.34528,-0.27017,-0.11623,0.091161,0.31243,0.50351,0.62723,0.66305,0.61236,0.49785,0.35708,0.23215,0.15855,0.15627,0.22557,0.34831,0.49412,0.62926,0.7255,0.76655,0.75046,0.68789,0.59724,0.49858,0.40824,0.33558,0.2824,0.24478,0.21601,0.18969,0.16167,0.13075,0.098038,0.065745,0.036103,0.010858,-0.0085528,-0.020453,-0.022519,-0.011954,0.013588,0.054585,0.10828,0.168,0.2236,0.26312,0.27535,0.25243,0.19198,0.09786,-0.020373,-0.14933,-0.27424,-0.38146,-0.46031,-0.50417,-0.51067,-0.48137,-0.42124,-0.33801,-0.24169,-0.14372,-0.055932,0.011009,0.049412,0.056189,0.033798,-0.0099762,-0.063531,-0.11401,-0.15022,-0.16516,-0.15721,-0.12992,-0.090232,-0.045965,-0.0034464,0.033959,0.065916,0.09393,0.11952,0.14264,0.16117,0.17166,0.17128,0.15985,0.14118
0.18003,0.15029,0.14296,0.16184,0.20028,0.24172,0.26399,0.24646,0.17766,0.060923,-0.084067,-0.22495,-0.32472,-0.35205,-0.29079,-0.1457,0.057576,0.27847,0.4719,0.60016,0.64278,0.60165,0.49995,0.37517,0.26861,0.21413,0.22964,0.31325,0.44513,0.59391,0.72568,0.8128,0.84014,0.80736,0.72709,0.62,0.50854,0.41129,0.33912,0.2942,0.27122,0.26032,0.25062,0.23313,0.20276,0.15893,0.10523,0.048236,-0.0039676,-0.04332,-0.063245,-0.059861,-0.032856,0.014146,0.07387,0.13639,0.19074,0.22684,0.23731,0.2186,0.17133,0.099564,0.0095042,-0.092012,-0.19863,-0.30486,-0.40572,-0.49595,-0.56937,-0.61891,-0.63768,-0.62081,-0.56758,-0.48293,-0.37766,-0.26689,-0.16698,-0.091673,-0.04868,-0.03776,-0.051005,-0.07532,-0.09636,-0.10265,-0.0886,-0.055409,-0.0097403,0.039325,0.08381,0.11954,0.14701,0.17023,0.19401,0.221,0.24969,0.27445,0.28761,0.2829,0.25888,0.22084
0.20723,0.16711,0.15508,0.17529,0.2199,0.27024,0.30191,0.29248,0.2294,0.11547,-0.030094,-0.17565,-0.28531,-0.32884,-0.29054,-0.17418,-0.0025836,0.18815,0.35822,0.47466,0.51984,0.49563,0.42208,0.33129,0.25823,0.23123,0.26474,0.35616,0.48732,0.62986,0.75292,0.83078,0.84878,0.80592,0.71408,0.59414,0.47049,0.36516,0.29304,0.25926,0.25893,0.2792,0.30307,0.31381,0.29924,0.2547,0.18414,0.099211,0.016254,-0.047772,-0.079682,-0.073539,-0.032331,0.032671,0.10472,0.16582,0.20123,0.20285,0.17062,0.11151,0.036465,-0.04361,-0.12141,-0.19518,-0.26828,-0.34664,-0.4349,-0.53286,-0.63348,-0.72345,-0.7863,-0.80722,-0.77786,-0.69968,-0.5844,-0.45139,-0.32266,-0.21704,-0.14533,-0.10798,-0.096074,-0.095017,-0.089749,-0.069629,-0.031362,0.02089,0.078053,0.13024,0.17075,0.19844,0.2176,0.23548,0.25847,0.28869,0.32226,0.35033,0.36238,0.35082,0.31485,0.26213
0.20678,0.16803,0.15993,0.18567,0.23625,0.29236,0.32984,0.32723,0.27293,0.16972,0.035059,-0.10302,-0.21331,-0.26991,-0.25932,-0.18403,-0.061728,0.079681,0.20967,0.30311,0.34657,0.34117,0.30149,0.25102,0.21549,0.21594,0.26328,0.35557,0.47861,0.60937,0.72155,0.79173,0.80478,0.75743,0.65907,0.52971,0.3955,0.28274,0.21174,0.19205,0.22007,0.28004,0.34805,0.39833,0.41018,0.37371,0.29272,0.1838,0.071756,-0.017375,-0.06384,-0.059902,-0.012092,0.06077,0.13319,0.18056,0.18627,0.14616,0.068938,-0.027579,-0.12299,-0.20142,-0.25684,-0.29463,-0.32898,-0.37702,-0.45162,-0.55553,-0.67884,-0.80088,-0.89591,-0.94082,-0.92234,-0.84128,-0.71251,-0.56061,-0.41271,-0.29093,-0.20669,-0.15883,-0.13577,-0.1208,-0.098473,-0.059848,-0.0048532,0.058855,0.11982,0.16786,0.19821,0.21324,0.22111,0.23193,0.25316,0.28598,0.32422,0.35642,0.37024,0.35761,0.3187,0.26298
0.18652,0.15932,0.16145,0.19532,0.25184,0.31268,0.35564,0.36147,0.31999,0.23354,0.11673,-0.0074157,-0.11361,-0.18097,-0.19819,-0.16594,-0.09588,-0.0069654,0.079949,0.14751,0.18597,0.19507,0.18351,0.16613,0.15996,0.17966,0.23364,0.32155,0.4336,0.55209,0.65479,0.71987,0.73109,0.68244,0.58065,0.44485,0.30301,0.18569,0.11843,0.11491,0.17269,0.2732,0.38611,0.4774,0.51869,0.49538,0.41093,0.28588,0.15177,0.041656,-0.019873,-0.024076,0.019551,0.086628,0.14594,0.16953,0.14158,0.063102,-0.049067,-0.16855,-0.26882,-0.33254,-0.35743,-0.35691,-0.355,-0.37747,-0.44206,-0.55141,-0.6909,-0.8324,-0.9426,-0.99322,-0.96965,-0.8753,-0.73024,-0.56478,-0.41022,-0.28984,-0.21315,-0.1749,-0.15903,-0.14571,-0.1189,-0.071739,-0.0080792,0.06016,0.11847,0.15586,0.16924,0.16446,0.15375,0.15067,0.16455,0.19669,0.23966,0.28012,0.30404,0.30231,0.27475,0.23078
0.1559,0.14602,0.16096,0.20385,0.26723,0.33499,0.38716,0.40601,0.38148,0.31419,0.21532,0.1034,-0.00061679,-0.078763,-0.12011,-0.12271,-0.093021,-0.043358,0.01181,0.059626,0.091824,0.10638,0.1076,0.10489,0.11026,0.1353,0.18785,0.26927,0.37279,0.48367,0.58156,0.6447,0.65557,0.6062,0.50199,0.3622,0.21672,0.099338,0.03903,0.051762,0.13519,0.26823,0.41601,0.53909,0.60438,0.59455,0.51289,0.38209,0.23704,0.11404,0.039511,0.022164,0.050894,0.099233,0.13478,0.13042,0.073609,-0.029561,-0.15677,-0.27754,-0.36419,-0.40178,-0.3936,-0.3602,-0.33231,-0.33989,-0.40127,-0.51594,-0.66364,-0.81005,-0.9173,-0.95569,-0.91283,-0.79722,-0.63526,-0.46265,-0.31349,-0.21036,-0.15891,-0.14815,-0.15628,-0.15943,-0.14041,-0.09426,-0.028907,0.038857,0.090476,0.11296,0.1038,0.071733,0.033286,0.0065657,0.0046199,0.030883,0.078302,0.13235,0.17674,0.19958,0.19788,0.17858
0.12251,0.12995,0.15615,0.20718,0.27903,0.3583,0.4262,0.46425,0.45989,0.41027,0.32312,0.2146,0.105,0.013547,-0.046063,-0.068409,-0.05676,-0.021334,0.023956,0.065348,0.092731,0.10207,0.096272,0.084393,0.079269,0.094056,0.13834,0.21469,0.31659,0.42851,0.52855,0.59335,0.60419,0.55297,0.44596,0.3041,0.1592,0.046505,-0.0044415,0.021764,0.12132,0.27127,0.43503,0.57202,0.64881,0.64821,0.5738,0.44813,0.30528,0.18007,0.097289,0.064548,0.070955,0.092033,0.099116,0.069974,-0.0030448,-0.11019,-0.22778,-0.32686,-0.38384,-0.38953,-0.35314,-0.29978,-0.26213,-0.26908,-0.3352,-0.45472,-0.60218,-0.73972,-0.82866,-0.84159,-0.77098,-0.63148,-0.45528,-0.28211,-0.14713,-0.070936,-0.054557,-0.081067,-0.12285,-0.15186,-0.14925,-0.11123,-0.049271,0.015043,0.058459,0.064733,0.030464,-0.033797,-0.10736,-0.16659,-0.19281,-0.17819,-0.12764,-0.056256,0.016565,0.074105,0.10795,0.12033
0.090072,0.10951,0.14183,0.19821,0.27942,0.37472,0.46476,0.52748,0.54491,0.50899,0.42434,0.3074,0.18214,0.073752,0.0021154,-0.023055,-0.0041778,0.045578,0.10649,0.15808,0.18487,0.18065,0.15006,0.10728,0.071937,0.063495,0.09544,0.17079,0.28023,0.40343,0.51356,0.58389,0.59495,0.54038,0.42973,0.28718,0.14626,0.041727,0.00055684,0.034647,0.13725,0.28434,0.44077,0.5695,0.64132,0.64237,0.57708,0.46574,0.3376,0.22154,0.13743,0.090877,0.072911,0.064711,0.045507,0.00092094,-0.071259,-0.15994,-0.24467,-0.30337,-0.32102,-0.29625,-0.24315,-0.18764,-0.15911,-0.18025,-0.25844,-0.38181,-0.52144,-0.63944,-0.70028,-0.68189,-0.58284,-0.42324,-0.23903,-0.071393,0.045333,0.093314,0.075527,0.013398,-0.061237,-0.11711,-0.13372,-0.10756,-0.052281,0.0068321,0.04218,0.033666,-0.024258,-0.1206,-0.23137,-0.3273,-0.38305,-0.38483,-0.33398,-0.24552,-0.14239,-0.047551,0.023398,0.066614
0.058521,0.08135,0.1124,0.16921,0.25805,0.37057,0.48558,0.57531,0.61437,0.58822,0.49864,0.36427,0.21591,0.08815,0.0096254,-0.0049802,0.041134,0.12819,0.22598,0.30293,0.33545,0.31485,0.24967,0.16305,0.085759,0.047023,0.065838,0.14515,0.27062,0.41419,0.54155,0.62135,0.63361,0.57513,0.46042,0.31793,0.18272,0.087413,0.054065,0.088831,0.18097,0.30619,0.43338,0.53275,0.5832,0.5768,0.51954,0.42808,0.32396,0.2269,0.14944,0.094364,0.055716,0.022635,-0.01526,-0.063025,-0.11782,-0.16961,-0.20496,-0.21265,-0.18904,-0.14117,-0.086193,-0.046969,-0.044985,-0.092792,-0.18852,-0.31452,-0.44091,-0.5334,-0.56302,-0.51506,-0.39415,-0.22382,-0.040552,0.11625,0.21516,0.24139,0.20035,0.11517,0.018879,-0.056267,-0.088919,-0.07504,-0.028595,0.023637,0.051389,0.031319,-0.044864,-0.16716,-0.30997,-0.4397,-0.52491,-0.54559,-0.49874,-0.39849,-0.27083,-0.14492,-0.043792,0.022398
0.025796,0.043023,0.06487,0.11514,0.2057,0.33075,0.46725,0.58165,0.64073,0.62307,0.52737,0.37452,0.20268,0.056594,-0.025569,-0.023687,0.058123,0.19267,0.33789,0.44963,0.49497,0.46214,0.36383,0.23313,0.11327,0.044552,0.052258,0.13936,0.28591,0.45517,0.60442,0.69707,0.71254,0.65111,0.53274,0.39046,0.26063,0.1731,0.14394,0.17264,0.24405,0.33404,0.41685,0.47194,0.48833,0.46575,0.41253,0.34156,0.26565,0.19402,0.13061,0.07479,0.023537,-0.025605,-0.072196,-0.11202,-0.13802,-0.14287,-0.12217,-0.077305,-0.016858,0.044219,0.087624,0.09634,0.059692,-0.022621,-0.13885,-0.26661,-0.37746,-0.44352,-0.44477,-0.37475,-0.24319,-0.074488,0.09784,0.23943,0.32382,0.33934,0.29193,0.20305,0.10311,0.022216,-0.018981,-0.015567,0.020237,0.063117,0.08301,0.055186,-0.031078,-0.16806,-0.33092,-0.48446,-0.59339,-0.63273,-0.5951,-0.49264,-0.35269,-0.20887,-0.090328,-0.012761
-0.0096365,-0.0045279,0.0013278,0.036646,0.11858,0.24483,0.39247,0.52434,0.60108,0.59489,0.50035,0.33842,0.15185,-0.0068848,-0.091402,-0.075967,0.035997,0.21238,0.40186,0.54955,0.61378,0.5789,0.45988,0.29746,0.14535,0.053685,0.053948,0.14994,0.31743,0.51232,0.68429,0.79168,0.81282,0.75067,0.62984,0.48742,0.36108,0.27822,0.24947,0.2681,0.3147,0.36514,0.39871,0.4038,0.37964,0.33405,0.27865,0.22366,0.17427,0.12981,0.08576,0.037393,-0.016492,-0.071429,-0.11765,-0.14289,-0.13671,-0.094724,-0.021353,0.070027,0.15959,0.22559,0.24972,0.22178,0.1425,0.023847,-0.11312,-0.24248,-0.33869,-0.38176,-0.36143,-0.27942,-0.14935,0.0057929,0.15824,0.28125,0.35499,0.37102,0.3342,0.26136,0.17667,0.10483,0.063816,0.059278,0.082492,0.11268,0.1234,0.091191,0.0039491,-0.13381,-0.30068,-0.46346,-0.58645,-0.64194,-0.61871,-0.52555,-0.38851,-0.24263,-0.12066,-0.042605
-0.046885,-0.056032,-0.070433,-0.058639,0.001423,0.11276,0.25613,0.39497,0.48706,0.49935,0.42072,0.2681,0.083384,-0.078276,-0.16541,-0.1468,-0.022216,0.17646,0.39446,0.5708,0.6573,0.6336,0.51349,0.34049,0.17401,0.070814,0.067604,0.17031,0.35322,0.568,0.7591,0.88066,0.9093,0.84903,0.72733,0.58432,0.45907,0.37773,0.34724,0.35609,0.38113,0.39748,0.38762,0.34666,0.28225,0.20971,0.14486,0.097387,0.067586,0.047291,0.024617,-0.0097106,-0.057072,-0.10894,-0.14904,-0.15898,-0.12534,-0.04559,0.06931,0.19666,0.30761,0.37492,0.38029,0.31925,0.20223,0.051688,-0.1035,-0.23476,-0.31966,-0.34584,-0.31215,-0.2276,-0.10861,0.024509,0.15109,0.25335,0.31894,0.34283,0.32802,0.28492,0.22903,0.17717,0.14288,0.13207,0.14062,0.1547,0.15448,0.12042,0.040344,-0.085003,-0.24001,-0.39704,-0.52359,-0.59177,-0.58713,-0.5137,-0.39323,-0.25868,-0.14363,-0.071309
-0.0823,-0.10303,-0.13865,-0.15726,-0.13208,-0.052518,0.070139,0.20486,0.31057,0.35045,0.30583,0.18478,0.021878,-0.13133,-0.2223,-0.21475,-0.10145,0.092211,0.31524,0.50671,0.61509,0.61476,0.51445,0.35449,0.19394,0.091798,0.088374,0.193,0.38187,0.60637,0.809,0.94119,0.97739,0.92086,0.79989,0.6563,0.53065,0.44932,0.41773,0.42148,0.4343,0.42943,0.3899,0.31421,0.21552,0.11533,0.034329,-0.015735,-0.035971,-0.038783,-0.041564,-0.05836,-0.092935,-0.13608,-0.16836,-0.16733,-0.11664,-0.013565,0.12787,0.27946,0.40628,0.47669,0.4715,0.3894,0.24717,0.074615,-0.093573,-0.22664,-0.30444,-0.32046,-0.2808,-0.20029,-0.09737,0.010423,0.10927,0.19001,0.24769,0.28076,0.29041,0.28042,0.25705,0.22836,0.20253,0.18531,0.17745,0.17322,0.16112,0.1272,0.060162,-0.043282,-0.17492,-0.31517,-0.43739,-0.51541,-0.53194,-0.48493,-0.3893,-0.273,-0.16833,-0.10122
-0.11095,-0.13688,-0.19127,-0.24349,-0.26209,-0.22687,-0.13757,-0.015462,0.10294,0.17839,0.18332,0.11293,-0.011098,-0.14631,-0.2428,-0.25997,-0.18089,-0.019112,0.18465,0.37528,0.50124,0.53174,0.46731,0.33988,0.20258,0.11222,0.11074,0.21159,0.39564,0.61776,0.82177,0.9583,0.99977,0.94743,0.82861,0.68553,0.56007,0.47989,0.45069,0.45681,0.46945,0.45895,0.4064,0.31041,0.18669,0.061227,-0.04019,-0.10165,-0.12242,-0.11594,-0.10302,-0.1023,-0.12162,-0.15402,-0.1799,-0.17466,-0.11897,-0.0077737,0.14545,0.31089,0.45054,0.52944,0.52629,0.43991,0.28941,0.10834,-0.065093,-0.19837,-0.27225,-0.2836,-0.24315,-0.1697,-0.083129,0.001077,0.074375,0.1345,0.18269,0.22054,0.24804,0.26358,0.2655,0.25412,0.23275,0.20689,0.18185,0.15961,0.13687,0.10526,0.054455,-0.022992,-0.12676,-0.24616,-0.36127,-0.4482,-0.48669,-0.46775,-0.39799,-0.29891,-0.20064,-0.13211
-0.12925,-0.15246,-0.22036,-0.30429,-0.3681,-0.38114,-0.3299,-0.22387,-0.093157,0.02154,0.083354,0.072886,-0.0039126,-0.11673,-0.22069,-0.27174,-0.24222,-0.1311,0.035039,0.21069,0.34701,0.40885,0.38726,0.30289,0.19919,0.12749,0.12929,0.22186,0.39212,0.60087,0.79587,0.92896,0.97144,0.92232,0.807,0.66697,0.5448,0.46951,0.44781,0.46371,0.48637,0.4829,0.43113,0.32767,0.1886,0.042762,-0.079358,-0.15681,-0.18509,-0.17637,-0.15308,-0.13771,-0.1428,-0.16533,-0.18754,-0.18415,-0.13307,-0.025586,0.12796,0.2993,0.44992,0.54272,0.55368,0.47932,0.33773,0.16275,-0.0062827,-0.13578,-0.20635,-0.21595,-0.17731,-0.11112,-0.038046,0.027606,0.080456,0.12257,0.15923,0.19429,0.22714,0.25279,0.26441,0.25727,0.23168,0.19352,0.15195,0.11508,0.085759,0.059539,0.026001,-0.026629,-0.10535,-0.20731,-0.31822,-0.41549,-0.47528,-0.48137,-0.43209,-0.34274,-0.24183,-0.1621
-0.13755,-0.15109,-0.22551,-0.3338,-0.43536,-0.48986,-0.47161,-0.37912,-0.23642,-0.085202,0.029358,0.074437,0.041203,-0.051881,-0.16539,-0.25277,-0.27667,-0.22209,-0.10139,0.050452,0.18878,0.27561,0.2935,0.25191,0.18373,0.13316,0.13945,0.22229,0.3742,0.56251,0.74039,0.86273,0.90129,0.85375,0.74349,0.61047,0.49669,0.43147,0.42189,0.45171,0.48865,0.49732,0.45268,0.34919,0.20244,0.042912,-0.095441,-0.18736,-0.22456,-0.21719,-0.18809,-0.16241,-0.15672,-0.17192,-0.19279,-0.19436,-0.1525,-0.054848,0.092287,0.26382,0.42265,0.5311,0.56288,0.51146,0.39192,0.23593,0.081668,-0.037568,-0.10221,-0.11,-0.073561,-0.01357,0.049594,0.10243,0.14096,0.16896,0.19325,0.21838,0.24333,0.2616,0.26442,0.24556,0.20517,0.15082,0.094877,0.049275,0.019909,0.003212,-0.013213,-0.045752,-0.10739,-0.20073,-0.31445,-0.42521,-0.50473,-0.52992,-0.49224,-0.40255,-0.28923,-0.18963
-0.14121,-0.14116,-0.2148,-0.33577,-0.45981,-0.53949,-0.54055,-0.45411,-0.30027,-0.12178,0.030189,0.11337,0.10855,0.025858,-0.099251,-0.21859,-0.28802,-0.28237,-0.20322,-0.076952,0.056036,0.15685,0.20257,0.19434,0.15629,0.12568,0.13821,0.21384,0.34857,0.51508,0.67212,0.77897,0.8098,0.76259,0.65943,0.53815,0.43852,0.38805,0.39258,0.43501,0.48241,0.49869,0.4582,0.35501,0.20488,0.039182,-0.10652,-0.20498,-0.2461,-0.23891,-0.20631,-0.1747,-0.1628,-0.17392,-0.19474,-0.20096,-0.16765,-0.080232,0.05813,0.22557,0.38752,0.50745,0.55862,0.53249,0.44112,0.31276,0.18252,0.081461,0.0281,0.024822,0.060065,0.11477,0.17023,0.21429,0.24363,0.26193,0.27523,0.28697,0.29511,0.29275,0.27177,0.22777,0.16373,0.090501,0.023371,-0.024042,-0.046087,-0.048711,-0.04845,-0.066618,-0.1206,-0.21555,-0.33999,-0.46752,-0.56471,-0.60267,-0.56817,-0.47009,-0.33839,-0.21523
-0.14955,-0.13591,-0.20258,-0.32271,-0.4498,-0.53317,-0.53533,-0.44513,-0.28206,-0.090139,0.07664,0.17222,0.17362,0.088069,-0.050175,-0.19206,-0.29057,-0.31613,-0.26524,-0.15965,-0.036534,0.066219,0.1242,0.13488,0.1173,0.10348,0.12487,0.19935,0.32341,0.47269,0.61052,0.70123,0.72311,0.67632,0.58269,0.47755,0.39669,0.36339,0.38012,0.4281,0.4747,0.48578,0.4385,0.3297,0.17703,0.012508,-0.12887,-0.22121,-0.25594,-0.24328,-0.20668,-0.17252,-0.15923,-0.16996,-0.19156,-0.20026,-0.17162,-0.091086,0.039053,0.19886,0.35648,0.47821,0.53939,0.53203,0.46679,0.36871,0.26856,0.19309,0.15757,0.1631,0.19893,0.24846,0.29613,0.33244,0.35526,0.36766,0.37352,0.37353,0.36353,0.33617,0.28512,0.20981,0.11821,0.025815,-0.049073,-0.0925,-0.10135,-0.086352,-0.069749,-0.07792,-0.13127,-0.23513,-0.37539,-0.52108,-0.63355,-0.67958,-0.6436,-0.53475,-0.38553,-0.24216
-0.17257,-0.14891,-0.20464,-0.31178,-0.42348,-0.49002,-0.47618,-0.3737,-0.20464,-0.014335,0.14366,0.22531,0.21056,0.10938,-0.042221,-0.19496,-0.30282,-0.33772,-0.29725,-0.20298,-0.090534,0.0046655,0.060574,0.075805,0.068563,0.067978,0.10141,0.1827,0.30591,0.4469,0.57194,0.65019,0.6651,0.62042,0.53865,0.45245,0.39233,0.37529,0.39865,0.44132,0.47201,0.4612,0.39248,0.26887,0.11206,-0.045152,-0.17033,-0.24239,-0.25805,-0.23165,-0.18839,-0.15386,-0.14393,-0.15875,-0.18312,-0.19293,-0.16513,-0.087413,0.036142,0.18544,0.33064,0.44191,0.49905,0.49765,0.44954,0.37791,0.30904,0.26374,0.25179,0.27078,0.30944,0.35353,0.39161,0.41837,0.4344,0.44301,0.44591,0.44024,0.41855,0.37199,0.29549,0.19238,0.076023,-0.032841,-0.11268,-0.1494,-0.14297,-0.10949,-0.077173,-0.077119,-0.13186,-0.2458,-0.4014,-0.56303,-0.68779,-0.73977,-0.70292,-0.58774,-0.42907,-0.27532
-0.21661,-0.18857,-0.23222,-0.31861,-0.40255,-0.43882,-0.39853,-0.27985,-0.10933,0.066756,0.19793,0.24653,0.2002,0.075708,-0.087241,-0.23961,-0.33927,-0.36405,-0.3172,-0.2237,-0.11923,-0.036045,0.0087818,0.018584,0.014166,0.024116,0.072368,0.16786,0.30029,0.44344,0.56476,0.63734,0.64974,0.60983,0.54133,0.47431,0.43348,0.42871,0.45132,0.47772,0.47881,0.43161,0.3287,0.18185,0.018553,-0.12735,-0.22724,-0.26736,-0.25284,-0.20479,-0.15168,-0.1183,-0.11651,-0.14121,-0.17291,-0.1858,-0.15817,-0.081227,0.037055,0.17424,0.30109,0.39148,0.43096,0.42092,0.377,0.32267,0.28068,0.26561,0.28022,0.31652,0.3608,0.39998,0.42667,0.44081,0.44746,0.45201,0.45542,0.45179,0.42979,0.37769,0.28972,0.17118,0.039345,-0.080596,-0.1638,-0.1952,-0.17654,-0.12769,-0.081412,-0.072499,-0.12524,-0.24349,-0.40744,-0.57853,-0.71151,-0.76945,-0.73668,-0.6248,-0.46945,-0.31865
-0.28065,-0.25392,-0.28707,-0.35121,-0.40451,-0.40813,-0.34107,-0.2088,-0.042301,0.11211,0.2086,0.21762,0.13619,-0.011091,-0.18045,-0.32366,-0.40374,-0.4062,-0.34184,-0.24067,-0.13934,-0.067042,-0.035161,-0.03423,-0.039139,-0.02025,0.04402,0.15804,0.30664,0.46048,0.58671,0.66101,0.67601,0.64324,0.58763,0.5371,0.51114,0.51299,0.52844,0.53172,0.49624,0.40602,0.26328,0.089316,-0.081949,-0.21524,-0.28601,-0.2887,-0.23823,-0.16413,-0.099482,-0.06897,-0.080237,-0.12185,-0.16837,-0.19064,-0.16712,-0.092298,0.021101,0.1467,0.25397,0.319,0.33257,0.30253,0.25,0.20096,0.17675,0.18699,0.22745,0.28342,0.33677,0.37355,0.38907,0.38837,0.38211,0.37998,0.3846,0.38888,0.37824,0.33695,0.25611,0.13969,0.0057443,-0.11822,-0.20451,-0.23578,-0.21276,-0.15584,-0.099294,-0.079879,-0.12354,-0.23518,-0.39543,-0.56595,-0.70171,-0.76622,-0.74408,-0.64653,-0.5076,-0.37227
-0.35481,-0.33326,-0.3595,-0.4062,-0.43591,-0.41608,-0.33236,-0.19551,-0.038894,0.092526,0.15778,0.13452,0.027306,-0.13344,-0.30143,-0.42987,-0.48663,-0.46389,-0.37892,-0.266,-0.16277,-0.096113,-0.072753,-0.078022,-0.082831,-0.056018,0.022794,0.15475,0.32088,0.48892,0.62508,0.70615,0.72724,0.70222,0.65692,0.61779,0.60066,0.60402,0.60961,0.59016,0.52122,0.39254,0.21438,0.01613,-0.16249,-0.2846,-0.32886,-0.29685,-0.21254,-0.1138,-0.039042,-0.013946,-0.042937,-0.10858,-0.17888,-0.21977,-0.20797,-0.13959,-0.031408,0.085618,0.17781,0.22098,0.20879,0.15427,0.084277,0.029078,0.011273,0.038175,0.10036,0.17661,0.24302,0.28238,0.29021,0.27505,0.25317,0.24018,0.2431,0.25651,0.26434,0.24692,0.19014,0.09314,-0.02918,-0.15003,-0.24003,-0.27839,-0.26177,-0.20693,-0.14593,-0.11517,-0.14214,-0.23478,-0.37756,-0.53592,-0.66785,-0.73834,-0.73158,-0.65639,-0.54271,-0.43046
-0.42204,-0.40669,-0.43036,-0.46888,-0.48931,-0.46353,-0.3805,-0.25221,-0.11097,0.0012031,0.047451,0.009597,-0.10457,-0.26309,-0.42013,-0.53116,-0.56746,-0.5249,-0.42381,-0.30022,-0.19185,-0.12416,-0.10154,-0.10674,-0.10869,-0.075337,0.013368,0.15726,0.33563,0.5147,0.65992,0.74815,0.77525,0.75595,0.71642,0.68252,0.6685,0.67069,0.66894,0.63519,0.54608,0.39441,0.19498,-0.01794,-0.20081,-0.31527,-0.3415,-0.28553,-0.1776,-0.062066,0.017716,0.034074,-0.015981,-0.11063,-0.21194,-0.28016,-0.28827,-0.2316,-0.12907,-0.015723,0.070353,0.10196,0.072332,-0.0030562,-0.092853,-0.16176,-0.18344,-0.14955,-0.071725,0.023899,0.1073,0.15596,0.16264,0.13667,0.098587,0.070389,0.0657,0.083743,0.10967,0.12105,0.097879,0.031912,-0.068564,-0.18068,-0.27509,-0.32726,-0.32739,-0.2851,-0.22668,-0.18584,-0.1912,-0.25525,-0.36907,-0.50496,-0.62608,-0.69963,-0.70856,-0.65753,-0.57062,-0.48188
-0.46287,-0.45185,-0.47667,-0.51747,-0.54508,-0.53317,-0.46976,-0.36345,-0.24189,-0.14265,-0.099741,-0.13089,-0.23022,-0.36924,-0.50604,-0.59925,-0.62182,-0.5697,-0.46202,-0.33316,-0.21942,-0.14563,-0.11634,-0.11505,-0.11153,-0.074213,0.016951,0.1623,0.34183,0.52232,0.66938,0.75966,0.78855,0.77037,0.73114,0.6969,0.68229,0.68405,0.68218,0.64849,0.55927,0.40707,0.20684,-0.0065106,-0.1884,-0.29953,-0.31976,-0.25598,-0.14061,-0.021141,0.055796,0.060198,-0.011351,-0.13508,-0.26902,-0.36825,-0.40097,-0.35954,-0.26264,-0.14794,-0.058011,-0.024911,-0.058852,-0.14513,-0.25013,-0.33405,-0.36538,-0.33195,-0.24441,-0.13138,-0.028148,0.036386,0.049748,0.01912,-0.0331,-0.079396,-0.098727,-0.084992,-0.049099,-0.013966,-0.0045764,-0.037178,-0.112,-0.21246,-0.31121,-0.38068,-0.40398,-0.38177,-0.33238,-0.285,-0.26853,-0.30036,-0.37946,-0.48648,-0.59086,-0.66232,-0.68214,-0.65003,-0.58384,-0.51217
-0.46163,-0.45125,-0.47918,-0.53017,-0.57776,-0.5949,-0.56522,-0.49044,-0.39088,-0.29868,-0.24613,-0.25349,-0.32082,-0.42716,-0.53729,-0.61386,-0.63027,-0.57956,-0.47618,-0.34979,-0.23374,-0.15245,-0.11258,-0.10118,-0.091542,-0.054316,0.030372,0.16454,0.33091,0.49894,0.6359,0.71876,0.74212,0.71916,0.67536,0.6373,0.62127,0.62615,0.6336,0.61572,0.54724,0.4176,0.23785,0.039478,-0.13495,-0.24618,-0.27244,-0.21811,-0.11339,-0.0047389,0.060758,0.05152,-0.037563,-0.1834,-0.34289,-0.46811,-0.52316,-0.49652,-0.4047,-0.2858,-0.18551,-0.14068,-0.16641,-0.25113,-0.3615,-0.45491,-0.49503,-0.46464,-0.37118,-0.24326,-0.11967,-0.035215,-0.0086791,-0.037264,-0.099309,-0.1639,-0.20346,-0.20439,-0.17174,-0.12636,-0.095762,-0.10261,-0.15528,-0.24427,-0.34579,-0.43101,-0.47729,-0.47695,-0.44018,-0.39084,-0.35707,-0.36011,-0.40602,-0.48333,-0.56757,-0.63095,-0.65331,-0.62996,-0.57343,-0.50839
-0.41228,-0.39861,-0.4292,-0.49285,-0.56478,-0.61595,-0.62429,-0.58345,-0.50563,-0.41735,-0.34968,-0.32652,-0.35546,-0.42466,-0.50693,-0.56949,-0.58577,-0.54481,-0.4546,-0.33842,-0.22546,-0.13952,-0.090065,-0.069189,-0.055479,-0.023267,0.046423,0.15758,0.29682,0.43794,0.55155,0.61611,0.62593,0.59303,0.54192,0.49946,0.48366,0.49607,0.52066,0.53021,0.4975,0.40735,0.26447,0.093955,-0.066286,-0.17855,-0.21917,-0.18786,-0.109,-0.023879,0.023465,0.0018026,-0.095866,-0.24933,-0.41785,-0.55415,-0.62097,-0.60394,-0.51648,-0.39481,-0.28484,-0.22586,-0.23676,-0.30976,-0.41374,-0.50586,-0.5472,-0.51658,-0.41781,-0.27777,-0.13641,-0.032445,0.0098984,-0.011624,-0.078124,-0.15803,-0.21972,-0.24341,-0.22793,-0.18991,-0.15619,-0.15237,-0.19232,-0.27255,-0.37355,-0.46749,-0.52908,-0.54526,-0.52,-0.47237,-0.42868,-0.41193,-0.43269,-0.48511,-0.5494,-0.60007,-0.61633,-0.59069,-0.53237,-0.46386
-0.32152,-0.30201,-0.33244,-0.40448,-0.49456,-0.57218,-0.61093,-0.59802,-0.53894,-0.45521,-0.37635,-0.3288,-0.32626,-0.36477,-0.42449,-0.47726,-0.49719,-0.46999,-0.3978,-0.29756,-0.19388,-0.10925,-0.055439,-0.029485,-0.015746,0.0068837,0.055555,0.13567,0.2379,0.34125,0.42108,0.45881,0.44954,0.40436,0.34632,0.3015,0.28857,0.31101,0.35514,0.39497,0.40215,0.35738,0.25874,0.12374,-0.016236,-0.12688,-0.1837,-0.18142,-0.13662,-0.082204,-0.05563,-0.085003,-0.17825,-0.31937,-0.47337,-0.59824,-0.65967,-0.64333,-0.56004,-0.44206,-0.33166,-0.26619,-0.26484,-0.32207,-0.40985,-0.48799,-0.51864,-0.4799,-0.37354,-0.22425,-0.070852,0.047164,0.10286,0.090107,0.024157,-0.065422,-0.14643,-0.19591,-0.20771,-0.19331,-0.17565,-0.17894,-0.21833,-0.29362,-0.38932,-0.48075,-0.5439,-0.56476,-0.54468,-0.49954,-0.45323,-0.42793,-0.43524,-0.47161,-0.51992,-0.55658,-0.56137,-0.52617,-0.45897,-0.38153
-0.2079,-0.18236,-0.20813,-0.27838,-0.37114,-0.4567,-0.50796,-0.50978,-0.46408,-0.38866,-0.31049,-0.25567,-0.24008,-0.26399,-0.31251,-0.36158,-0.3871,-0.37378,-0.32019,-0.23855,-0.14932,-0.072901,-0.021955,0.0029212,0.012344,0.022725,0.048547,0.09558,0.15784,0.21961,0.26178,0.26995,0.24099,0.18533,0.12377,0.080022,0.071496,0.10223,0.16053,0.22268,0.26125,0.25522,0.19793,0.099861,-0.014938,-0.11758,-0.18497,-0.20839,-0.19665,-0.17263,-0.16436,-0.19389,-0.26826,-0.37593,-0.49031,-0.57902,-0.61573,-0.59001,-0.51169,-0.40774,-0.31285,-0.25711,-0.25502,-0.30014,-0.36718,-0.42093,-0.42881,-0.37261,-0.25514,-0.099633,0.057961,0.18082,0.24303,0.23719,0.17531,0.08302,-0.010452,-0.082736,-0.12531,-0.14469,-0.15772,-0.18308,-0.2327,-0.30623,-0.39098,-0.46699,-0.51517,-0.52522,-0.49995,-0.45436,-0.40983,-0.38556,-0.39085,-0.42127,-0.46031,-0.48594,-0.47971,-0.43469,-0.35916,-0.27451
-0.096995,-0.067602,-0.083632,-0.1387,-0.21354,-0.28264,-0.32315,-0.32275,-0.28375,-0.22182,-0.16008,-0.12058,-0.11638,-0.14713,-0.19951,-0.25249,-0.285,-0.28342,-0.24599,-0.18267,-0.11074,-0.048008,-0.0063158,0.012181,0.01461,0.013237,0.019409,0.038149,0.065663,0.09082,0.10002,0.083459,0.04021,-0.020107,-0.079896,-0.11962,-0.12509,-0.093149,-0.033628,0.033481,0.08461,0.10064,0.073424,0.0083938,-0.07773,-0.16323,-0.22929,-0.26663,-0.27814,-0.27689,-0.28006,-0.30131,-0.34473,-0.4025,-0.45764,-0.49047,-0.48669,-0.44356,-0.37198,-0.29324,-0.23158,-0.20521,-0.21911,-0.26228,-0.31087,-0.33598,-0.31361,-0.2333,-0.10228,0.056213,0.20996,0.32757,0.38771,0.38466,0.32847,0.23998,0.14279,0.055254,-0.014568,-0.069468,-0.11925,-0.17443,-0.24012,-0.31277,-0.38097,-0.43003,-0.44829,-0.43261,-0.39062,-0.33863,-0.29593,-0.27756,-0.28844,-0.32113,-0.35842,-0.37971,-0.36903,-0.32158,-0.2463,-0.16328
-0.013995,0.015643,0.013853,-0.013016,-0.050014,-0.07934,-0.087087,-0.068499,-0.029804,0.014047,0.044879,0.048006,0.0177,-0.040555,-0.11181,-0.17668,-0.21787,-0.22572,-0.20094,-0.15363,-0.099183,-0.052589,-0.023514,-0.01375,-0.017911,-0.026872,-0.032389,-0.03099,-0.025517,-0.023757,-0.034734,-0.064236,-0.11146,-0.1682,-0.22109,-0.25607,-0.26349,-0.24184,-0.19877,-0.14879,-0.10862,-0.091741,-0.10423,-0.14323,-0.19861,-0.257,-0.30657,-0.34083,-0.35984,-0.36874,-0.37423,-0.38065,-0.38742,-0.38896,-0.37729,-0.34615,-0.29504,-0.23115,-0.16829,-0.12271,-0.10734,-0.12631,-0.17208,-0.22644,-0.26528,-0.26585,-0.21405,-0.10936,0.034384,0.19254,0.33651,0.44153,0.4929,0.48868,0.43836,0.35815,0.26495,0.1712,0.082443,-0.0018603,-0.084919,-0.16834,-0.24899,-0.31845,-0.36545,-0.38025,-0.3593,-0.30799,-0.24033,-0.17521,-0.13051,-0.11717,-0.13536,-0.17429,-0.21589,-0.24109,-0.23659,-0.19951,-0.13842,-0.0702
0.023893,0.050325,0.065824,0.076321,0.090825,0.11684,0.15626,0.2034,0.24602,0.26912,0.26011,0.21357,0.13376,0.034054,-0.066769,-0.14987,-0.20176,-0.21781,-0.2028,-0.16859,-0.12967,-0.098375,-0.08149,-0.079104,-0.086092,-0.095305,-0.10113,-0.10199,-0.10087,-0.10379,-0.1169,-0.14355,-0.18246,-0.22776,-0.27092,-0.30369,-0.32104,-0.32285,-0.31373,-0.30123,-0.29302,-0.29432,-0.30642,-0.32684,-0.35088,-0.37377,-0.39241,-0.40598,-0.41513,-0.42023,-0.41968,-0.40921,-0.38284,-0.33529,-0.26516,-0.17742,-0.084011,-0.0018877,0.051318,0.062745,0.029125,-0.040791,-0.12731,-0.20431,-0.24609,-0.23443,-0.16369,-0.042485,0.10878,0.26348,0.39577,0.48673,0.5279,0.52134,0.47665,0.4063,0.32122,0.22822,0.12994,0.027153,-0.078075,-0.17978,-0.26759,-0.32863,-0.35151,-0.33066,-0.26952,-0.18097,-0.084673,-0.0019378,0.050246,0.063992,0.042496,-0.0014775,-0.050077,-0.086237,-0.098919,-0.085945,-0.053569,-0.013122
0.012618,0.034206,0.068236,0.11919,0.18896,0.27381,0.36303,0.44024,0.48723,0.48904,0.43876,0.34034,0.20821,0.063887,-0.069531,-0.17322,-0.23702,-0.26109,-0.25442,-0.23093,-0.20467,-0.18564,-0.1776,-0.17834,-0.18202,-0.18242,-0.17586,-0.16267,-0.1469,-0.13451,-0.131,-0.13946,-0.15973,-0.18903,-0.22345,-0.25963,-0.29587,-0.3321,-0.36894,-0.40626,-0.44215,-0.47281,-0.49369,-0.50131,-0.49502,-0.47782,-0.45556,-0.43477,-0.41962,-0.40946,-0.39796,-0.37462,-0.32835,-0.25221,-0.14746,-0.025445,0.093873,0.18656,0.23141,0.2167,0.14464,0.032137,-0.092847,-0.19823,-0.25612,-0.25002,-0.17879,-0.056181,0.093501,0.24235,0.36595,0.4486,0.48517,0.47963,0.44111,0.37946,0.30187,0.21194,0.11105,0.0013436,-0.1114,-0.21647,-0.29937,-0.34521,-0.34341,-0.2917,-0.19815,-0.080064,0.040023,0.14,0.2038,0.22506,0.20785,0.16429,0.11009,0.059637,0.022375,0.001505,-0.0047454,-0.0001719
-0.037693,-0.019667,0.032524,0.12053,0.23876,0.37309,0.50216,0.60135,0.64848,0.6297,0.54349,0.40166,0.2267,0.04626,-0.11361,-0.23445,-0.30887,-0.3407,-0.34197,-0.32794,-0.31196,-0.30178,-0.29833,-0.297,-0.29075,-0.27354,-0.243,-0.20133,-0.15451,-0.1102,-0.075519,-0.055413,-0.052236,-0.066347,-0.097191,-0.14411,-0.20635,-0.28213,-0.36743,-0.45502,-0.53476,-0.59534,-0.62708,-0.6251,-0.59134,-0.53464,-0.46845,-0.4067,-0.35906,-0.32745,-0.30506,-0.27857,-0.23309,-0.15825,-0.05328,0.070639,0.19212,0.28493,0.32564,0.30105,0.2131,0.079527,-0.070101,-0.20178,-0.28581,-0.30415,-0.25437,-0.1492,-0.012052,0.12978,0.252,0.33832,0.38219,0.38556,0.35534,0.2996,0.22482,0.13521,0.034058,-0.073936,-0.1806,-0.27386,-0.33936,-0.36393,-0.33962,-0.26689,-0.1556,-0.023377,0.10834,0.2193,0.29497,0.32914,0.32406,0.28831,0.23331,0.17007,0.10711,0.050255,0.0038375,-0.027501
-0.1063,-0.087507,-0.018578,0.097983,0.24956,0.41404,0.56325,0.66853,0.70726,0.66839,0.55541,0.38567,0.18622,-0.012704,-0.18479,-0.31317,-0.39303,-0.43063,-0.43939,-0.43447,-0.42771,-0.42434,-0.4225,-0.41521,-0.39402,-0.35268,-0.28986,-0.20985,-0.12147,-0.035721,0.036769,0.087658,0.11164,0.10616,0.070693,0.0061854,-0.084792,-0.19722,-0.32262,-0.44871,-0.56027,-0.64158,-0.68001,-0.66955,-0.61316,-0.52287,-0.41709,-0.31579,-0.23493,-0.18183,-0.15325,-0.13678,-0.11548,-0.074212,-0.0057061,0.085795,0.1846,0.26757,0.31085,0.29739,0.22274,0.097441,-0.054987,-0.20369,-0.3182,-0.37591,-0.36719,-0.29689,-0.18204,-0.046811,0.083656,0.18858,0.25484,0.27774,0.25956,0.20699,0.12864,0.033432,-0.069866,-0.17223,-0.26386,-0.3343,-0.37351,-0.37383,-0.33208,-0.25111,-0.14007,-0.012991,0.11376,0.22464,0.30765,0.35592,0.36789,0.34628,0.2967,0.22627,0.14315,0.056691,-0.022152,-0.080825
-0.16882,-0.14284,-0.059019,0.075078,0.24096,0.41172,0.55692,0.64869,0.66782,0.60811,0.47773,0.29724,0.09468,-0.10101,-0.2664,-0.38809,-0.46424,-0.50281,-0.51727,-0.5213,-0.52408,-0.52768,-0.5271,-0.51282,-0.4748,-0.40657,-0.30798,-0.18599,-0.053328,0.07437,0.18184,0.25694,0.29209,0.28454,0.23552,0.14934,0.032641,-0.10564,-0.25394,-0.39805,-0.52178,-0.60901,-0.64667,-0.62817,-0.55592,-0.44212,-0.30688,-0.17407,-0.065607,0.0040063,0.031414,0.025002,0.0020522,-0.016835,-0.01445,0.01725,0.074123,0.14062,0.1942,0.21215,0.17877,0.090722,-0.04102,-0.19324,-0.33603,-0.44014,-0.48419,-0.4597,-0.37279,-0.24217,-0.094349,0.042558,0.14483,0.19743,0.19581,0.1453,0.058566,-0.047846,-0.15693,-0.25387,-0.32757,-0.37117,-0.38176,-0.35979,-0.30832,-0.23243,-0.13878,-0.035108,0.070089,0.16805,0.25026,0.30898,0.33797,0.33327,0.29412,0.22386,0.13063,0.027359,-0.069134,-0.14025
-0.20514,-0.16534,-0.06851,0.072388,0.23453,0.38938,0.50828,0.56829,0.55682,0.47418,0.33313,0.15579,-0.0315,-0.20411,-0.34417,-0.44364,-0.50462,-0.53684,-0.55329,-0.56531,-0.57852,-0.59095,-0.59379,-0.57452,-0.52138,-0.42777,-0.2953,-0.13443,0.037267,0.19881,0.33018,0.41616,0.44872,0.42738,0.35795,0.25034,0.11637,-0.031687,-0.18151,-0.32055,-0.43573,-0.51401,-0.54407,-0.51893,-0.43894,-0.3137,-0.16203,-0.0093392,0.11746,0.19624,0.21547,0.17767,0.099219,0.006251,-0.072536,-0.1141,-0.10795,-0.059579,0.010817,0.074068,0.10071,0.070077,-0.022898,-0.16521,-0.32852,-0.47631,-0.57352,-0.59592,-0.53653,-0.40743,-0.23648,-0.06012,0.085756,0.17427,0.19313,0.14615,0.050567,-0.068608,-0.1854,-0.2789,-0.33698,-0.35704,-0.34412,-0.30729,-0.25593,-0.19685,-0.13331,-0.065796,0.0059104,0.080369,0.1528,0.21483,0.25591,0.266,0.23886,0.1748,0.082205,-0.023041,-0.11999,-0.18672
-0.20577,-0.14739,-0.039528,0.099816,0.24508,0.36856,0.44613,0.4622,0.41256,0.30484,0.15635,-0.010052,-0.171,-0.30761,-0.40902,-0.47382,-0.50904,-0.52685,-0.54012,-0.55775,-0.58143,-0.60457,-0.61394,-0.59352,-0.52971,-0.41609,-0.25661,-0.065936,0.13307,0.31417,0.45349,0.53449,0.55087,0.50679,0.41449,0.29036,0.15096,0.0102,-0.12156,-0.23656,-0.32778,-0.38742,-0.40682,-0.37841,-0.29911,-0.17401,-0.018516,0.14228,0.27781,0.35902,0.3663,0.29599,0.16302,-0.001627,-0.15839,-0.26974,-0.31093,-0.27751,-0.18725,-0.075396,0.015371,0.047657,0.0008167,-0.12225,-0.29514,-0.47494,-0.61418,-0.67414,-0.63575,-0.50482,-0.31018,-0.095529,0.092556,0.21677,0.25796,0.21845,0.11916,-0.0079593,-0.12973,-0.22058,-0.26796,-0.27318,-0.24791,-0.2081,-0.16768,-0.13407,-0.10693,-0.08011,-0.045939,0.00017997,0.056454,0.11402,0.15913,0.17752,0.15943,0.10362,0.019087,-0.076209,-0.15933,-0.20789
-0.17421,-0.096216,0.020188,0.15282,0.27483,0.36076,0.39215,0.36122,0.27207,0.1393,-0.015684,-0.16947,-0.30167,-0.39896,-0.45736,-0.48216,-0.4857,-0.48322,-0.48812,-0.50752,-0.53955,-0.57314,-0.59062,-0.57254,-0.5036,-0.37788,-0.20199,0.0051296,0.2158,0.39967,0.53074,0.59319,0.58444,0.51458,0.40254,0.27041,0.13771,0.01769,-0.083524,-0.1648,-0.22621,-0.26545,-0.27623,-0.24968,-0.17852,-0.062521,0.087178,0.24689,0.38379,0.46352,0.45999,0.3644,0.19021,-0.028078,-0.24273,-0.40526,-0.48013,-0.45547,-0.34723,-0.19527,-0.052044,0.032713,0.026922,-0.073964,-0.24518,-0.43957,-0.60121,-0.68155,-0.65332,-0.51796,-0.3047,-0.061641,0.15805,0.3107,0.37298,0.34616,0.25305,0.12904,0.010615,-0.075061,-0.11627,-0.11726,-0.093589,-0.064535,-0.045356,-0.042208,-0.051141,-0.061168,-0.059911,-0.039525,-0.000648,0.047059,0.087934,0.10579,0.089867,0.039285,-0.035674,-0.11576,-0.17785,-0.20139
-0.12486,-0.030751,0.090568,0.21401,0.31257,0.36367,0.35412,0.28281,0.16049,0.0070463,-0.15308,-0.29622,-0.40429,-0.46825,-0.48943,-0.47845,-0.45206,-0.42837,-0.42169,-0.43819,-0.47356,-0.51345,-0.53693,-0.52212,-0.45275,-0.32372,-0.14401,0.064194,0.27002,0.44119,0.5518,0.58855,0.5534,0.46203,0.3386,0.20852,0.09179,-0.0010968,-0.069324,-0.11833,-0.15431,-0.17902,-0.18724,-0.16814,-0.11026,-0.0085076,0.1299,0.28303,0.41719,0.495,0.48646,0.37954,0.1865,-0.056626,-0.29808,-0.48393,-0.57335,-0.55088,-0.43164,-0.25762,-0.08576,0.028757,0.04887,-0.033207,-0.19359,-0.38379,-0.54504,-0.62558,-0.59546,-0.45465,-0.23217,0.023206,0.25731,0.42565,0.50451,0.49506,0.41984,0.31344,0.21064,0.13624,0.099385,0.093826,0.10325,0.10935,0.099396,0.070783,0.031115,-0.0057911,-0.026177,-0.02239,0.0036003,0.04047,0.071456,0.080446,0.058074,0.0056477,-0.064414,-0.13184,-0.17439,-0.17453
-0.077173,0.025419,0.14652,0.25958,0.33843,0.36335,0.3254,0.228,0.085927,-0.078282,-0.23917,-0.37367,-0.46559,-0.50857,-0.50682,-0.47363,-0.42777,-0.38854,-0.37063,-0.37982,-0.41094,-0.44867,-0.47133,-0.45685,-0.38946,-0.26516,-0.094268,0.099914,0.28628,0.43352,0.51812,0.53025,0.47578,0.37387,0.25075,0.13196,0.03547,-0.032035,-0.074503,-0.10201,-0.12424,-0.1446,-0.15748,-0.1499,-0.10725,-0.021071,0.10417,0.24825,0.37805,0.45581,0.45059,0.34925,0.16303,-0.072936,-0.30761,-0.48772,-0.57302,-0.54837,-0.42876,-0.25537,-0.083673,0.033036,0.059497,-0.011002,-0.15476,-0.32495,-0.46573,-0.52872,-0.48689,-0.34161,-0.12114,0.12864,0.35797,0.527,0.61546,0.62553,0.57783,0.50231,0.42761,0.37242,0.3415,0.3271,0.31473,0.29056,0.24777,0.18937,0.12685,0.075274,0.047035,0.046587,0.068241,0.097826,0.11759,0.1126,0.076374,0.013742,-0.059966,-0.12327,-0.15495,-0.14059
-0.048275,0.052664,0.16709,0.2684,0.33214,0.34145,0.29045,0.18505,0.041113,-0.11923,-0.27222,-0.39719,-0.48022,-0.51651,-0.51065,-0.47517,-0.4272,-0.38423,-0.35949,-0.35834,-0.37642,-0.40043,-0.41158,-0.39088,-0.32514,-0.21173,-0.060716,0.10662,0.26262,0.38027,0.44034,0.43638,0.3761,0.27858,0.16819,0.067268,-0.0099813,-0.060382,-0.090489,-0.11174,-0.13393,-0.15969,-0.1821,-0.18682,-0.158,-0.08599,0.026107,0.15981,0.28416,0.36371,0.36939,0.2887,0.13165,-0.069999,-0.27036,-0.42212,-0.49029,-0.46283,-0.35455,-0.2029,-0.056786,0.038299,0.054022,-0.012243,-0.13681,-0.27707,-0.38448,-0.41897,-0.36036,-0.21338,-0.0050946,0.22408,0.43253,0.58879,0.67873,0.70657,0.69021,0.65289,0.61442,0.58512,0.5641,0.54216,0.5077,0.45315,0.37926,0.29579,0.2183,0.16242,0.13782,0.14416,0.17062,0.19919,0.21069,0.19136,0.13785,0.058868,-0.026993,-0.096677,-0.12948,-0.11328
-0.046775,0.042305,0.14312,0.23034,0.28205,0.2844,0.234,0.1377,0.010164,-0.12974,-0.26292,-0.37354,-0.45135,-0.49284,-0.5011,-0.4845,-0.45453,-0.42294,-0.39886,-0.38643,-0.38344,-0.38173,-0.36935,-0.3341,-0.26766,-0.16904,-0.046153,0.085095,0.20434,0.29192,0.33408,0.32683,0.27676,0.19884,0.11169,0.031823,-0.030875,-0.075179,-0.10712,-0.1358,-0.16808,-0.20416,-0.23607,-0.24985,-0.23088,-0.17054,-0.071698,0.049318,0.16549,0.24616,0.26632,0.21517,0.10088,-0.050364,-0.2011,-0.31332,-0.35983,-0.33263,-0.24546,-0.12964,-0.024271,0.03605,0.032131,-0.033755,-0.13856,-0.24561,-0.31585,-0.31953,-0.24466,-0.099784,0.08965,0.28965,0.46791,0.60248,0.68618,0.72579,0.73676,0.73572,0.73374,0.73271,0.72592,0.70238,0.6529,0.5755,0.47793,0.37624,0.28994,0.23536,0.21978,0.23844,0.27554,0.30908,0.31787,0.28846,0.21967,0.12331,0.020787,-0.063123,-0.10754,-0.10146
-0.069935,-0.00043801,0.080834,0.15088,0.19105,0.19096,0.14971,0.074486,-0.022501,-0.12766,-0.22901,-0.31801,-0.3899,-0.44314,-0.47838,-0.49745,-0.5027,-0.49659,-0.48139,-0.45879,-0.4295,-0.39291,-0.34722,-0.29015,-0.22025,-0.13831,-0.048484,0.04161,0.12197,0.1824,0.21522,0.21738,0.19151,0.14504,0.087915,0.029514,-0.024087,-0.071378,-0.11472,-0.1579,-0.2029,-0.24722,-0.28316,-0.29948,-0.28527,-0.2347,-0.15087,-0.047079,0.055369,0.13252,0.16481,0.14343,0.073938,-0.024585,-0.1247,-0.19875,-0.22739,-0.20576,-0.14507,-0.069024,-0.0060619,0.020067,-0.0016355,-0.065437,-0.15028,-0.22617,-0.26335,-0.24143,-0.15531,-0.016211,0.15235,0.32222,0.46903,0.57872,0.64993,0.69185,0.7186,0.74243,0.76828,0.79189,0.8019,0.78514,0.733,0.64638,0.53717,0.42564,0.33439,0.28107,0.27235,0.30119,0.34874,0.38999,0.4016,0.36925,0.2922,0.18355,0.066282,-0.03361,-0.094697,-0.10606
-0.10521,-0.058577,-0.00013678,0.050081,0.077243,0.074879,0.044943,-0.0048117,-0.064827,-0.12746,-0.18908,-0.24999,-0.31243,-0.37785,-0.44458,-0.50699,-0.5566,-0.58444,-0.58404,-0.55366,-0.49694,-0.42193,-0.33871,-0.25659,-0.18198,-0.11745,-0.06235,-0.014447,0.028175,0.065698,0.096213,0.11642,0.123,0.11396,0.089447,0.051671,0.0041272,-0.049395,-0.1055,-0.16119,-0.21327,-0.25756,-0.2885,-0.29979,-0.28602,-0.245,-0.17983,-0.099707,-0.018847,0.046617,0.082974,0.083185,0.049527,-0.0065028,-0.067284,-0.11439,-0.13446,-0.12368,-0.089201,-0.046815,-0.015585,-0.01103,-0.039238,-0.093958,-0.15779,-0.20723,-0.21989,-0.18165,-0.091153,0.039723,0.18968,0.33467,0.45518,0.54159,0.59581,0.62881,0.65498,0.68561,0.72381,0.76303,0.78942,0.78753,0.74695,0.66755,0.56111,0.44874,0.35464,0.29834,0.28819,0.31819,0.36955,0.41638,0.43384,0.40588,0.3303,0.21926,0.095389,-0.015238,-0.090911,-0.12034
-0.13546,-0.10975,-0.07355,-0.043748,-0.031279,-0.038571,-0.060498,-0.088211,-0.1141,-0.13578,-0.1575,-0.18831,-0.2378,-0.31106,-0.40493,-0.50716,-0.59896,-0.66021,-0.67566,-0.63977,-0.55874,-0.4488,-0.33139,-0.22698,-0.14943,-0.1028,-0.081476,-0.073445,-0.065253,-0.046986,-0.015515,0.024915,0.064715,0.092659,0.099821,0.082381,0.042481,-0.012885,-0.074272,-0.13244,-0.18028,-0.21359,-0.23064,-0.23126,-0.21606,-0.18624,-0.14415,-0.094099,-0.042695,0.001734,0.030886,0.038921,0.024706,-0.0071354,-0.047036,-0.083188,-0.10535,-0.10846,-0.094657,-0.072747,-0.055117,-0.052984,-0.071645,-0.10751,-0.14819,-0.17579,-0.17257,-0.12695,-0.037826,0.0844,0.22064,0.34885,0.45085,0.51766,0.5517,0.56491,0.57354,0.59141,0.62431,0.66745,0.70707,0.72565,0.7089,0.65186,0.56189,0.4573,0.36185,0.29706,0.27494,0.29371,0.33806,0.38396,0.40643,0.38764,0.32259,0.22051,0.10166,-0.0093931,-0.091518,-0.13325
-0.14589,-0.13453,-0.11578,-0.10369,-0.10583,-0.12106,-0.14129,-0.15621,-0.15903,-0.15089,-0.14173,-0.14734,-0.18327,-0.25799,-0.36788,-0.49619,-0.61669,-0.70094,-0.72699,-0.68643,-0.58738,-0.45235,-0.31153,-0.1939,-0.11882,-0.091106,-0.10085,-0.12797,-0.14972,-0.14843,-0.11705,-0.060631,0.0063443,0.065583,0.10142,0.10576,0.080076,0.033922,-0.018965,-0.065442,-0.096798,-0.1104,-0.10895,-0.097978,-0.08292,-0.067096,-0.051253,-0.034706,-0.017247,-0.00070841,0.010732,0.011815,-0.0014694,-0.029533,-0.067997,-0.10841,-0.14082,-0.15734,-0.15522,-0.13819,-0.11522,-0.097021,-0.091475,-0.099799,-0.11501,-0.12356,-0.1098,-0.061793,0.023718,0.13898,0.26672,0.38513,0.47469,0.52442,0.53544,0.52027,0.49815,0.48798,0.50133,0.53813,0.58665,0.62776,0.64213,0.61757,0.55403,0.46418,0.36945,0.29276,0.25067,0.24756,0.27412,0.31063,0.33374,0.32461,0.27518,0.19071,0.087626,-0.012471,-0.090175,-0.13453
-0.13006,-0.12373,-0.11427,-0.11375,-0.12737,-0.15166,-0.17646,-0.19014,-0.18577,-0.16568,-0.14228,-0.13446,-0.16074,-0.23149,-0.34327,-0.47764,-0.60527,-0.69423,-0.71992,-0.67314,-0.56354,-0.41721,-0.26895,-0.15188,-0.08768,-0.080755,-0.118,-0.17416,-0.22069,-0.23515,-0.20785,-0.14386,-0.05996,0.022031,0.082935,0.11226,0.11059,0.087927,0.05893,0.037106,0.030226,0.038477,0.055742,0.073127,0.083059,0.082202,0.072092,0.057438,0.043067,0.031018,0.019215,0.0023574,-0.025313,-0.066606,-0.11893,-0.174,-0.22012,-0.24616,-0.24584,-0.22037,-0.1783,-0.13244,-0.094841,-0.071769,-0.060778,-0.051122,-0.027652,0.023109,0.10696,0.21843,0.34119,0.45257,0.53078,0.56237,0.54709,0.4984,0.43923,0.39434,0.38188,0.40725,0.46131,0.52372,0.57014,0.58091,0.54782,0.47692,0.38611,0.29872,0.23517,0.20604,0.20871,0.22896,0.24662,0.24318,0.20851,0.14421,0.062518,-0.018642,-0.082508,-0.11948
-0.0927,-0.081899,-0.07223,-0.074796,-0.093906,-0.12532,-0.15831,-0.1807,-0.18495,-0.17252,-0.15476,-0.14944,-0.17408,-0.2385,-0.33933,-0.459,-0.56973,-0.64173,-0.65275,-0.59576,-0.48207,-0.33867,-0.20033,-0.099293,-0.05571,-0.072022,-0.13304,-0.2115,-0.27713,-0.30599,-0.28718,-0.22479,-0.13489,-0.038959,0.043653,0.10155,0.13358,0.14718,0.15382,0.16366,0.1814,0.20505,0.22759,0.24059,0.23816,0.21942,0.18848,0.15213,0.11638,0.083475,0.050798,0.012289,-0.038168,-0.10285,-0.17755,-0.25149,-0.31009,-0.33982,-0.33304,-0.29123,-0.22483,-0.14979,-0.081829,-0.030613,0.0038815,0.03128,0.066819,0.1248,0.21193,0.32312,0.44158,0.54348,0.60567,0.61388,0.56838,0.48486,0.39014,0.31389,0.2792,0.29516,0.35414,0.43454,0.50817,0.54966,0.54454,0.49338,0.41067,0.31896,0.24069,0.19052,0.171,0.17292,0.17987,0.17521,0.14858,0.099596,0.037434,-0.023334,-0.068846,-0.091493
-0.0483,-0.026007,-0.0078178,-0.0049569,-0.022146,-0.055997,-0.096822,-0.13312,-0.1569,-0.16758,-0.17277,-0.18542,-0.21824,-0.27764,-0.35945,-0.44845,-0.52212,-0.55771,-0.53999,-0.46732,-0.35337,-0.22406,-0.11027,-0.038821,-0.024612,-0.066394,-0.14758,-0.2416,-0.31999,-0.36046,-0.35236,-0.29817,-0.2108,-0.10816,-0.0070711,0.081198,0.15267,0.20931,0.25576,0.29577,0.32982,0.35498,0.36667,0.36142,0.33913,0.30377,0.26189,0.21988,0.18089,0.14312,0.10038,0.044872,-0.028702,-0.11944,-0.21855,-0.31067,-0.37796,-0.40576,-0.38761,-0.32778,-0.24013,-0.14359,-0.055688,0.01342,0.064193,0.10687,0.15674,0.22712,0.32275,0.43611,0.54829,0.63445,0.6721,0.64927,0.56981,0.45351,0.33103,0.23489,0.18967,0.20462,0.27111,0.36575,0.45811,0.52034,0.53546,0.50165,0.43129,0.34545,0.26598,0.20816,0.17635,0.1641,0.15824,0.14502,0.11608,0.071649,0.020097,-0.025897,-0.054841,-0.061317
-0.016021,0.020437,0.051821,0.066088,0.057295,0.026944,-0.017568,-0.066637,-0.11266,-0.15303,-0.19055,-0.23129,-0.28058,-0.33901,-0.40015,-0.45122,-0.47669,-0.46367,-0.40725,-0.31368,-0.2001,-0.090642,-0.0099997,0.023436,0.0028076,-0.065355,-0.16311,-0.26618,-0.35041,-0.39752,-0.39865,-0.35477,-0.27445,-0.17016,-0.054584,0.061848,0.17163,0.26944,0.35087,0.41164,0.44782,0.45721,0.44091,0.40437,0.35676,0.30873,0.26901,0.24109,0.22142,0.20015,0.16441,0.10332,0.012916,-0.10087,-0.22242,-0.33016,-0.4027,-0.42536,-0.39479,-0.32,-0.21926,-0.11392,-0.021278,0.05096,0.1065,0.15793,0.22058,0.3051,0.41159,0.52738,0.6299,0.69351,0.69834,0.63782,0.52242,0.3779,0.23854,0.13742,0.096866,0.12224,0.20093,0.30686,0.40884,0.48006,0.50538,0.48446,0.42976,0.36075,0.29638,0.2487,0.21981,0.20281,0.18611,0.15924,0.11766,0.064932,0.011327,-0.030286,-0.049639,-0.043256
-0.012746,0.035544,0.079687,0.10679,0.10974,0.088056,0.046383,-0.0084555,-0.070465,-0.13619,-0.20451,-0.27475,-0.34422,-0.40643,-0.45123,-0.46701,-0.44459,-0.38121,-0.28313,-0.16575,-0.050721,0.039147,0.085608,0.079674,0.023765,-0.069234,-0.17957,-0.28559,-0.36848,-0.41547,-0.42086,-0.38504,-0.31257,-0.21022,-0.08593,0.051199,0.19037,0.31887,0.42302,0.49048,0.51353,0.49208,0.43503,0.35907,0.28463,0.23014,0.20612,0.21145,0.23313,0.25017,0.24037,0.18817,0.090548,-0.040748,-0.18195,-0.30402,-0.38132,-0.39928,-0.3585,-0.27378,-0.16852,-0.066437,0.01644,0.076573,0.12287,0.17179,0.23937,0.33326,0.44768,0.56348,0.65338,0.69083,0.65941,0.55954,0.40995,0.24333,0.097346,0.0040158,-0.019199,0.026262,0.12155,0.23706,0.34182,0.41255,0.43938,0.42671,0.38933,0.34552,0.30993,0.2886,0.27793,0.26746,0.24527,0.20366,0.1429,0.071771,0.0046599,-0.043457,-0.062288,-0.049783
-0.04691,0.0066338,0.058006,0.094241,0.108,0.097699,0.065704,0.015736,-0.049034,-0.12633,-0.21348,-0.30531,-0.39252,-0.46185,-0.49836,-0.48966,-0.4304,-0.3256,-0.19115,-0.051059,0.068007,0.1433,0.16163,0.12226,0.036382,-0.076632,-0.19464,-0.29801,-0.37305,-0.4129,-0.41603,-0.38375,-0.31804,-0.22099,-0.096095,0.049474,0.2029,0.34574,0.45672,0.51689,0.51569,0.45569,0.35384,0.23818,0.14049,0.086918,0.089602,0.14223,0.22135,0.29337,0.32513,0.29477,0.19916,0.055391,-0.10427,-0.24238,-0.32784,-0.34517,-0.29832,-0.20795,-0.10317,-0.010938,0.053245,0.08978,0.11323,0.14502,0.20343,0.29463,0.40825,0.51924,0.59559,0.60923,0.54635,0.41339,0.23656,0.054888,-0.090983,-0.17046,-0.17139,-0.10249,0.010744,0.13499,0.23974,0.30601,0.33038,0.32337,0.30326,0.28787,0.28743,0.30111,0.31813,0.32285,0.30154,0.24836,0.16816,0.075349,-0.010759,-0.072176,-0.097836,-0.086608
-0.11537,-0.065449,-0.01586,0.021788,0.041543,0.042274,0.02516,-0.0089047,-0.060465,-0.13055,-0.21803,-0.31667,-0.41356,-0.49035,-0.52731,-0.50925,-0.4313,-0.30229,-0.14418,0.012671,0.13705,0.20507,0.20619,0.14525,0.040037,-0.08465,-0.20419,-0.30003,-0.36254,-0.39019,-0.38602,-0.35357,-0.29407,-0.20659,-0.090872,0.048426,0.19846,0.33795,0.44101,0.48435,0.45557,0.35942,0.21924,0.07231,-0.040186,-0.085469,-0.049912,0.055657,0.19825,0.33224,0.41334,0.41242,0.32474,0.17136,-0.0076403,-0.16605,-0.26596,-0.28902,-0.24075,-0.14676,-0.042245,0.041003,0.085639,0.093781,0.084407,0.084295,0.11601,0.1875,0.28734,0.38737,0.452,0.45084,0.37012,0.21882,0.027184,-0.16184,-0.30545,-0.37363,-0.35752,-0.27065,-0.14319,-0.011172,0.095127,0.15985,0.18445,0.18427,0.18051,0.19083,0.22218,0.26823,0.31229,0.33414,0.31809,0.25931,0.16596,0.05673,-0.045237,-0.11961,-0.15473,-0.15017
-0.20451,-0.1668,-0.12871,-0.098748,-0.079771,-0.070866,-0.070769,-0.080767,-0.10543,-0.15061,-0.21939,-0.3079,-0.40319,-0.48451,-0.52836,-0.51573,-0.43921,-0.30711,-0.1429,0.020242,0.14832,0.2158,0.21243,0.14522,0.035187,-0.089824,-0.20357,-0.28808,-0.33639,-0.35093,-0.33874,-0.30602,-0.25459,-0.18197,-0.085065,0.034471,0.16572,0.28766,0.37312,0.397,0.34586,0.22542,0.062482,-0.10026,-0.21563,-0.24634,-0.17747,-0.022833,0.17761,0.3688,0.49687,0.52557,0.44732,0.28522,0.085463,-0.097593,-0.21838,-0.25368,-0.20821,-0.11073,-0.0023417,0.07873,0.11027,0.092652,0.046677,0.0038497,-0.0071652,0.027281,0.099546,0.18264,0.23969,0.23741,0.15876,0.010079,-0.17974,-0.36783,-0.51066,-0.57732,-0.55836,-0.46734,-0.33479,-0.19713,-0.084625,-0.012563,0.021475,0.033735,0.045738,0.074525,0.12543,0.18992,0.24911,0.28127,0.27032,0.21214,0.11631,0.0030288,-0.1036,-0.18317,-0.22469,-0.22855
-0.29508,-0.27544,-0.25614,-0.2411,-0.22891,-0.21564,-0.1991,-0.18203,-0.17268,-0.18201,-0.21859,-0.28325,-0.36592,-0.4464,-0.49948,-0.50276,-0.44466,-0.32958,-0.17815,-0.022118,0.10456,0.17548,0.17916,0.12153,0.022893,-0.089354,-0.18944,-0.26027,-0.2964,-0.30233,-0.28726,-0.25912,-0.2204,-0.16794,-0.096594,-0.005153,0.098497,0.19578,0.26099,0.26937,0.20721,0.079896,-0.085536,-0.24529,-0.35045,-0.36202,-0.26442,-0.07265,0.16987,0.4027,0.56574,0.61722,0.54626,0.37606,0.15635,-0.052313,-0.19723,-0.24921,-0.20995,-0.10914,0.0075363,0.094856,0.12342,0.088434,0.0093354,-0.07937,-0.14227,-0.157,-0.12281,-0.060917,-0.0064793,0.0045665,-0.050971,-0.17455,-0.34456,-0.52304,-0.6678,-0.74573,-0.74256,-0.66596,-0.5413,-0.40192,-0.27776,-0.18643,-0.1296,-0.095644,-0.06689,-0.028465,0.024885,0.086458,0.1404,0.16827,0.15664,0.10264,0.015504,-0.086533,-0.18233,-0.2547,-0.29524,-0.30563
-0.3691,-0.36903,-0.37088,-0.37336,-0.3706,-0.35588,-0.32603,-0.28476,-0.24297,-0.21565,-0.21622,-0.25056,-0.31306,-0.38657,-0.44686,-0.47002,-0.44066,-0.35767,-0.23555,-0.10062,0.016828,0.091513,0.1105,0.076203,0.0043632,-0.082159,-0.1612,-0.21784,-0.24743,-0.25424,-0.24677,-0.2322,-0.21234,-0.18328,-0.13875,-0.075672,0.00062609,0.074574,0.12328,0.12399,0.063551,-0.053552,-0.20238,-0.34175,-0.42509,-0.41492,-0.29619,-0.083813,0.17889,0.43087,0.6104,0.67323,0.60595,0.43024,0.19624,-0.032685,-0.19916,-0.26861,-0.23846,-0.13682,-0.011505,0.086768,0.12109,0.079551,-0.022747,-0.15094,-0.26411,-0.33039,-0.33801,-0.29883,-0.24317,-0.20827,-0.22457,-0.3048,-0.43939,-0.59969,-0.74749,-0.84721,-0.8766,-0.83237,-0.72932,-0.59379,-0.45428,-0.33276,-0.23953,-0.17313,-0.12448,-0.083307,-0.04376,-0.0072711,0.018458,0.023485,0.00075869,-0.049953,-0.12102,-0.19917,-0.27002,-0.3229,-0.35403,-0.3668
-0.4161,-0.43236,-0.45184,-0.46839,-0.47296,-0.45736,-0.41838,-0.36052,-0.29592,-0.24128,-0.21248,-0.2188,-0.25898,-0.32046,-0.3827,-0.42331,-0.42515,-0.38199,-0.30059,-0.19865,-0.099224,-0.023617,0.014758,0.013552,-0.019242,-0.069329,-0.12171,-0.16558,-0.19677,-0.21693,-0.23028,-0.23963,-0.24369,-0.23715,-0.21362,-0.17032,-0.1122,-0.053196,-0.013466,-0.012858,-0.062616,-0.15849,-0.27828,-0.38558,-0.43932,-0.40667,-0.27499,-0.058763,0.20148,0.44862,0.62438,0.68617,0.61993,0.44489,0.20832,-0.028245,-0.20699,-0.29059,-0.2723,-0.17641,-0.049127,0.057036,0.10012,0.061379,-0.050205,-0.20259,-0.35269,-0.46131,-0.50608,-0.48807,-0.43022,-0.36858,-0.33952,-0.36744,-0.45691,-0.59162,-0.73998,-0.86521,-0.93629,-0.93628,-0.86569,-0.74043,-0.58561,-0.42788,-0.28868,-0.18061,-0.10719,-0.065432,-0.049533,-0.053936,-0.074783,-0.10954,-0.15557,-0.20875,-0.26321,-0.31238,-0.35105,-0.3773,-0.39327,-0.40423
-0.43647,-0.46214,-0.49059,-0.51245,-0.51769,-0.49898,-0.45462,-0.39004,-0.31712,-0.25133,-0.2075,-0.19538,-0.21646,-0.26323,-0.32103,-0.37221,-0.40101,-0.39794,-0.36207,-0.30071,-0.22675,-0.1547,-0.096733,-0.060142,-0.046694,-0.053842,-0.076896,-0.11108,-0.15258,-0.19824,-0.24438,-0.28564,-0.31485,-0.32448,-0.30946,-0.27028,-0.21501,-0.15881,-0.12041,-0.11623,-0.15385,-0.22719,-0.31553,-0.38741,-0.40907,-0.35487,-0.21689,-0.01001,0.22939,0.45157,0.60636,0.65719,0.59201,0.42746,0.20493,-0.020895,-0.19729,-0.28832,-0.2846,-0.20491,-0.089564,0.012684,0.059746,0.0288,-0.077537,-0.23314,-0.39757,-0.52935,-0.59907,-0.59816,-0.54084,-0.45875,-0.39045,-0.36906,-0.41207,-0.51623,-0.65881,-0.80448,-0.91547,-0.96182,-0.92882,-0.81985,-0.65432,-0.46179,-0.27448,-0.12002,-0.016567,0.029253,0.021486,-0.027988,-0.10318,-0.18762,-0.26717,-0.33185,-0.3767,-0.4017,-0.41111,-0.41204,-0.41258,-0.41955
-0.44062,-0.46716,-0.49329,-0.50879,-0.50539,-0.47915,-0.4316,-0.36937,-0.30275,-0.24331,-0.20138,-0.18383,-0.1927,-0.22491,-0.27294,-0.32638,-0.37389,-0.40528,-0.41321,-0.39438,-0.35004,-0.28583,-0.21101,-0.13715,-0.076434,-0.039673,-0.034347,-0.062898,-0.12171,-0.20113,-0.28678,-0.36216,-0.4121,-0.42652,-0.40327,-0.34942,-0.2801,-0.21502,-0.17329,-0.16764,-0.19997,-0.2594,-0.32394,-0.36567,-0.35826,-0.28501,-0.14488,0.045162,0.25281,0.43754,0.5606,0.5952,0.53401,0.39165,0.20138,0.0065809,-0.15066,-0.24063,-0.25371,-0.20238,-0.11701,-0.03652,0.0031452,-0.020395,-0.1096,-0.2466,-0.39889,-0.52931,-0.60729,-0.61811,-0.56729,-0.4789,-0.38842,-0.33208,-0.33604,-0.40845,-0.53659,-0.69004,-0.82866,-0.91331,-0.91618,-0.82799,-0.66025,-0.44219,-0.21342,-0.014421,0.12266,0.18045,0.15887,0.073289,-0.050674,-0.18417,-0.30197,-0.38751,-0.43519,-0.4496,-0.44242,-0.42801,-0.41897,-0.42284
-0.4442,-0.46394,-0.47718,-0.47528,-0.45416,-0.41527,-0.36455,-0.31017,-0.26004,-0.22011,-0.19384,-0.18272,-0.18723,-0.2075,-0.24308,-0.29192,-0.34908,-0.40592,-0.45067,-0.47062,-0.45566,-0.40198,-0.31488,-0.20909,-0.10641,-0.030649,-0.0014336,-0.028389,-0.10776,-0.22255,-0.34648,-0.45068,-0.51139,-0.51634,-0.468,-0.38267,-0.2857,-0.20413,-0.15891,-0.15898,-0.1987,-0.25946,-0.31486,-0.33805,-0.30916,-0.22083,-0.080542,0.090852,0.26393,0.40747,0.49562,0.51366,0.46107,0.35137,0.2087,0.062153,-0.06102,-0.14152,-0.17223,-0.15945,-0.12082,-0.08041,-0.062096,-0.082873,-0.14791,-0.2487,-0.36505,-0.47052,-0.53996,-0.55721,-0.5205,-0.44403,-0.35482,-0.28549,-0.2648,-0.30866,-0.41425,-0.55925,-0.70666,-0.8141,-0.84526,-0.78004,-0.62075,-0.39235,-0.13662,0.098108,0.26877,0.34777,0.32869,0.22629,0.070983,-0.10021,-0.25351,-0.36616,-0.43025,-0.45189,-0.44649,-0.43224,-0.42378,-0.42822
-0.46119,-0.46955,-0.46322,-0.43695,-0.39214,-0.33643,-0.28059,-0.23443,-0.20348,-0.18785,-0.18361,-0.18593,-0.19239,-0.20483,-0.22858,-0.26934,-0.32881,-0.40125,-0.47253,-0.52293,-0.53294,-0.49044,-0.39661,-0.2681,-0.13422,-0.029465,0.016476,-0.011865,-0.1101,-0.2542,-0.40678,-0.52773,-0.58583,-0.5678,-0.4819,-0.35499,-0.22391,-0.12416,-0.079273,-0.094298,-0.15507,-0.23338,-0.29602,-0.31484,-0.27462,-0.17665,-0.0373,0.1174,0.25931,0.36521,0.4216,0.42617,0.38621,0.31511,0.22827,0.13969,0.059999,-0.0043851,-0.051059,-0.081183,-0.098949,-0.11096,-0.12518,-0.14934,-0.18862,-0.24353,-0.30847,-0.37219,-0.42038,-0.44001,-0.42441,-0.37704,-0.31254,-0.25395,-0.22644,-0.24913,-0.3276,-0.4497,-0.5865,-0.6988,-0.74749,-0.70507,-0.56466,-0.34351,-0.079912,0.17611,0.37545,0.48234,0.4828,0.3869,0.22418,0.034265,-0.1445,-0.28467,-0.37486,-0.41944,-0.43342,-0.43486,-0.43775,-0.44762
-0.49742,-0.49408,-0.46746,-0.41612,-0.34671,-0.27239,-0.20815,-0.1655,-0.1484,-0.15251,-0.16793,-0.18433,-0.19611,-0.20533,-0.22083,-0.25378,-0.31122,-0.39044,-0.47684,-0.5467,-0.57445,-0.54215,-0.44766,-0.30823,-0.15765,-0.037156,0.017154,-0.013696,-0.12429,-0.28507,-0.45044,-0.57226,-0.61457,-0.56467,-0.43688,-0.26786,-0.10486,0.0090616,0.048114,0.010981,-0.08,-0.18703,-0.26942,-0.29627,-0.25511,-0.15409,-0.017462,0.12346,0.24046,0.31622,0.3474,0.34256,0.31641,0.283,0.25053,0.21963,0.18523,0.14084,0.082978,0.013913,-0.058639,-0.12444,-0.17496,-0.20687,-0.22322,-0.23182,-0.24129,-0.2569,-0.27788,-0.29767,-0.3073,-0.30038,-0.27773,-0.24928,-0.2319,-0.24364,-0.29597,-0.38713,-0.49938,-0.60161,-0.65735,-0.63573,-0.52199,-0.32393,-0.07187,0.18822,0.40643,0.54201,0.57365,0.50395,0.35687,0.16935,-0.020005,-0.1812,-0.29915,-0.37422,-0.41774,-0.44456,-0.46589,-0.48507
-0.54696,-0.53579,-0.4943,-0.42376,-0.33426,-0.24245,-0.16633,-0.11906,-0.10456,-0.1167,-0.14255,-0.16842,-0.18607,-0.19645,-0.20915,-0.23754,-0.2915,-0.37068,-0.46146,-0.5394,-0.57683,-0.55321,-0.46433,-0.32681,-0.17534,-0.053126,0.0017158,-0.030635,-0.14371,-0.30503,-0.46511,-0.57249,-0.58999,-0.50685,-0.34249,-0.14059,0.044562,0.16508,0.19411,0.13346,0.011749,-0.12583,-0.23254,-0.27468,-0.24101,-0.14406,-0.013608,0.11491,0.21268,0.26603,0.27861,0.26692,0.2515,0.24751,0.25839,0.27499,0.28011,0.25655,0.19511,0.099451,-0.01428,-0.12275,-0.20363,-0.24343,-0.24194,-0.21167,-0.17261,-0.14443,-0.13942,-0.15868,-0.19325,-0.22926,-0.25509,-0.2672,-0.27216,-0.28385,-0.31671,-0.37775,-0.46073,-0.54505,-0.60053,-0.59663,-0.51317,-0.34877,-0.12372,0.12383,0.34752,0.50514,0.56973,0.53594,0.41967,0.25174,0.06772,-0.10215,-0.23984,-0.34121,-0.41259,-0.46437,-0.50434,-0.53368
-0.5929,-0.58055,-0.53411,-0.45515,-0.35419,-0.24874,-0.15815,-0.097405,-0.072309,-0.078162,-0.10254,-0.13105,-0.15373,-0.16928,-0.1852,-0.21365,-0.26458,-0.33897,-0.42537,-0.50164,-0.5418,-0.52583,-0.44874,-0.32518,-0.18727,-0.075584,-0.026065,-0.057155,-0.16189,-0.30813,-0.44741,-0.52989,-0.52056,-0.41124,-0.22418,-0.0058251,0.18739,0.30652,0.32516,0.24706,0.10391,-0.055651,-0.18205,-0.24012,-0.21887,-0.13258,-0.013386,0.10146,0.18287,0.21902,0.2172,0.19827,0.18634,0.19778,0.23402,0.28078,0.31389,0.30932,0.25338,0.14919,0.016756,-0.11328,-0.21003,-0.25293,-0.23855,-0.18135,-0.10809,-0.048157,-0.023567,-0.042175,-0.096566,-0.16868,-0.23807,-0.29042,-0.32279,-0.34362,-0.36758,-0.40737,-0.46603,-0.5329,-0.58534,-0.59575,-0.54148,-0.41417,-0.22482,-0.0027129,0.21178,0.37808,0.46638,0.46513,0.38272,0.24308,0.077284,-0.08593,-0.2272,-0.33918,-0.42433,-0.48961,-0.54043,-0.57678
-0.6124,-0.60604,-0.56611,-0.49134,-0.38937,-0.27584,-0.17009,-0.089213,-0.042827,-0.030641,-0.043832,-0.069613,-0.097032,-0.12151,-0.14615,-0.17908,-0.22808,-0.29468,-0.37058,-0.43835,-0.47666,-0.46836,-0.40844,-0.3084,-0.19485,-0.10213,-0.060998,-0.087284,-0.17466,-0.2946,-0.40407,-0.4589,-0.4285,-0.30685,-0.11599,0.099778,0.28694,0.39926,0.41194,0.32901,0.18134,0.016218,-0.11797,-0.18671,-0.17888,-0.10809,-0.0055543,0.092366,0.15732,0.17816,0.16293,0.13354,0.11528,0.12561,0.1665,0.22325,0.27012,0.28066,0.23856,0.14491,0.019062,-0.10736,-0.20112,-0.23874,-0.21461,-0.14269,-0.051558,0.025497,0.061586,0.044506,-0.02058,-0.11475,-0.21356,-0.29646,-0.35393,-0.38941,-0.41576,-0.44773,-0.49368,-0.55,-0.6006,-0.62195,-0.59173,-0.49805,-0.34557,-0.15624,0.035839,0.19371,0.28788,0.30414,0.24633,0.13352,-0.007187,-0.14932,-0.27412,-0.37373,-0.44981,-0.50887,-0.55642,-0.59283
-0.58442,-0.58936,-0.56557,-0.50601,-0.41266,-0.2972,-0.17806,-0.07482,-0.0023781,0.033132,0.034985,0.013113,-0.020762,-0.057967,-0.095624,-0.13619,-0.18411,-0.24124,-0.30327,-0.35903,-0.39356,-0.39376,-0.35475,-0.28385,-0.20031,-0.13022,-0.097814,-0.11625,-0.18131,-0.27069,-0.34975,-0.38225,-0.34266,-0.22574,-0.050006,0.14659,0.31756,0.42197,0.43705,0.36514,0.23258,0.080974,-0.046208,-0.11706,-0.12031,-0.067045,0.015119,0.093058,0.14024,0.14555,0.1158,0.071374,0.036921,0.030829,0.057554,0.1057,0.1525,0.17294,0.14996,0.081763,-0.016474,-0.11736,-0.19067,-0.21405,-0.18101,-0.10338,-0.0074511,0.074872,0.11655,0.10378,0.039454,-0.05942,-0.16892,-0.26724,-0.34196,-0.39302,-0.43036,-0.46751,-0.51385,-0.56886,-0.62064,-0.64958,-0.6358,-0.56745,-0.44686,-0.29183,-0.13163,0.0011732,0.080137,0.092399,0.041638,-0.05432,-0.17015,-0.2814,-0.37153,-0.43529,-0.47743,-0.50788,-0.53544,-0.56273
-0.49748,-0.51542,-0.51294,-0.47539,-0.39742,-0.28571,-0.1574,-0.034836,0.061198,0.11746,0.13124,0.10954,0.065185,0.011519,-0.042016,-0.0918,-0.13894,-0.18596,-0.23313,-0.27621,-0.307,-0.31654,-0.29968,-0.25895,-0.20568,-0.15743,-0.13219,-0.1414,-0.18431,-0.24626,-0.30203,-0.32348,-0.28917,-0.19263,-0.046212,0.12122,0.27224,0.3721,0.39949,0.35316,0.25219,0.12968,0.021987,-0.04271,-0.052816,-0.015792,0.045883,0.10364,0.1333,0.12336,0.078162,0.015136,-0.042763,-0.076263,-0.077197,-0.051335,-0.015667,0.0087272,0.0053911,-0.03058,-0.090079,-0.15295,-0.1953,-0.19841,-0.15593,-0.076769,0.017556,0.099846,0.14608,0.14287,0.090988,0.0037811,-0.098585,-0.19672,-0.27851,-0.34198,-0.39382,-0.44415,-0.50007,-0.56066,-0.61567,-0.64859,-0.64307,-0.5901,-0.49322,-0.36948,-0.24546,-0.14969,-0.10388,-0.11627,-0.1793,-0.27253,-0.36965,-0.4472,-0.49168,-0.50277,-0.49165,-0.47511,-0.46804,-0.47702
-0.35491,-0.38339,-0.40181,-0.38763,-0.32801,-0.2246,-0.093193,0.041208,0.15232,0.22046,0.23775,0.2091,0.14905,0.075766,0.0049843,-0.054262,-0.10051,-0.13762,-0.17069,-0.20217,-0.23007,-0.24881,-0.25248,-0.23879,-0.21173,-0.18148,-0.16128,-0.16219,-0.18776,-0.23107,-0.27542,-0.29913,-0.28283,-0.21689,-0.106,0.030702,0.16467,0.26638,0.31454,0.30286,0.24199,0.15581,0.073457,0.019675,0.0069274,0.031893,0.077508,0.11967,0.13613,0.11433,0.055462,-0.026566,-0.1107,-0.1766,-0.2118,-0.21559,-0.19825,-0.17606,-0.1643,-0.17082,-0.19279,-0.21779,-0.22885,-0.2114,-0.15944,-0.078654,0.014794,0.09927,0.15459,0.16825,0.13881,0.075181,-0.0075406,-0.094001,-0.17381,-0.24406,-0.30825,-0.37229,-0.43948,-0.50671,-0.56382,-0.5966,-0.5924,-0.54631,-0.46511,-0.36727,-0.27852,-0.22419,-0.22097,-0.27097,-0.36045,-0.4638,-0.55158,-0.59992,-0.59811,-0.55158,-0.47933,-0.40682,-0.35662,-0.3404
-0.17566,-0.20891,-0.24292,-0.24862,-0.20682,-0.11477,0.012999,0.14956,0.26437,0.33291,0.34369,0.3007,0.2206,0.12609,0.038237,-0.02973,-0.074849,-0.10282,-0.12338,-0.14489,-0.1704,-0.19677,-0.217,-0.22453,-0.21739,-0.20034,-0.18371,-0.17935,-0.19522,-0.23092,-0.27616,-0.31313,-0.3223,-0.28949,-0.21174,-0.099662,0.024965,0.13555,0.20905,0.23334,0.21099,0.15806,0.098299,0.054763,0.041855,0.060546,0.098438,0.13457,0.14716,0.12145,0.054847,-0.042269,-0.15042,-0.24778,-0.31746,-0.35247,-0.35684,-0.34263,-0.32417,-0.31193,-0.30838,-0.30732,-0.29702,-0.26556,-0.20642,-0.12205,-0.023994,0.070376,0.14325,0.18183,0.18176,0.14745,0.089327,0.019332,-0.053329,-0.12452,-0.19466,-0.26584,-0.33801,-0.40619,-0.46039,-0.48844,-0.48106,-0.43702,-0.36621,-0.28879,-0.23023,-0.21354,-0.25124,-0.33999,-0.46013,-0.58059,-0.66804,-0.69717,-0.65879,-0.56289,-0.43541,-0.30984,-0.21634,-0.172
0.0095424,-0.021423,-0.062997,-0.082095,-0.055115,0.024124,0.14252,0.27233,0.3806,0.43987,0.43671,0.37501,0.27354,0.15876,0.055757,-0.019304,-0.06282,-0.082484,-0.092096,-0.1048,-0.12755,-0.1589,-0.19078,-0.21328,-0.22014,-0.21254,-0.19936,-0.19384,-0.20767,-0.24515,-0.29988,-0.35549,-0.39055,-0.386,-0.33242,-0.23431,-0.1097,0.015039,0.11348,0.16759,0.17342,0.14191,0.094485,0.055159,0.041771,0.059649,0.099842,0.14253,0.16426,0.14645,0.081962,-0.022356,-0.1481,-0.27155,-0.37136,-0.43498,-0.46142,-0.45982,-0.44438,-0.42798,-0.41695,-0.40886,-0.3942,-0.36099,-0.30051,-0.21174,-0.10292,0.010395,0.10995,0.18023,0.21273,0.20751,0.17175,0.11616,0.050883,-0.017332,-0.085638,-0.15331,-0.21884,-0.27749,-0.32101,-0.33988,-0.32758,-0.28502,-0.22319,-0.16221,-0.12646,-0.13701,-0.20385,-0.32064,-0.46441,-0.60079,-0.69357,-0.71558,-0.65739,-0.53082,-0.36566,-0.20072,-0.071912,-0.0012395
0.16565,0.14274,0.10147,0.076099,0.092511,0.15935,0.26526,0.38302,0.47901,0.52462,0.50554,0.42593,0.30612,0.1752,0.061037,-0.018284,-0.058955,-0.070439,-0.069824,-0.074048,-0.093112,-0.1269,-0.16658,-0.19982,-0.21727,-0.21767,-0.20913,-0.20601,-0.22268,-0.26645,-0.3329,-0.40558,-0.46059,-0.47463,-0.43361,-0.33853,-0.20645,-0.065682,0.052965,0.1261,0.14523,0.11905,0.069899,0.025375,0.008309,0.028557,0.079538,0.14068,0.18482,0.18784,0.13711,0.035699,-0.098804,-0.24048,-0.36367,-0.45097,-0.49765,-0.51129,-0.50694,-0.49995,-0.4993,-0.50401,-0.50386,-0.48392,-0.43123,-0.34075,-0.21847,-0.080447,0.05168,0.15708,0.22156,0.24089,0.22057,0.17261,0.11077,0.046331,-0.014055,-0.06793,-0.11462,-0.15249,-0.17743,-0.18375,-0.1672,-0.12883,-0.077825,-0.031321,-0.010698,-0.034916,-0.11312,-0.23925,-0.39109,-0.53469,-0.63335,-0.6585,-0.59885,-0.4647,-0.28551,-0.10141,0.048863,0.13963
0.26197,0.24929,0.21351,0.1877,0.19821,0.25532,0.3496,0.45531,0.53947,0.57341,0.54249,0.45094,0.31993,0.18005,0.060973,-0.017997,-0.053007,-0.054966,-0.043644,-0.039123,-0.054023,-0.089457,-0.13608,-0.17953,-0.20776,-0.21716,-0.21475,-0.21536,-0.23506,-0.28322,-0.35677,-0.43908,-0.50442,-0.5265,-0.48826,-0.38905,-0.24645,-0.091652,0.040136,0.12102,0.13956,0.10434,0.040648,-0.018565,-0.044407,-0.022218,0.043324,0.12992,0.20549,0.23931,0.21242,0.12371,-0.010265,-0.16153,-0.30045,-0.40537,-0.4687,-0.49745,-0.50824,-0.51908,-0.54105,-0.57326,-0.60283,-0.60992,-0.57571,-0.49038,-0.3579,-0.19611,-0.031792,0.10711,0.19956,0.23686,0.22379,0.1754,0.11109,0.048276,-0.0020207,-0.036243,-0.056323,-0.065986,-0.06741,-0.059912,-0.041301,-0.011134,0.025881,0.058395,0.070164,0.044995,-0.026634,-0.14185,-0.28309,-0.42077,-0.52073,-0.55418,-0.50713,-0.38566,-0.21509,-0.032879,0.12261,0.22378
0.27949,0.27439,0.24526,0.22268,0.23224,0.28494,0.37291,0.47201,0.55034,0.57953,0.54486,0.4504,0.31766,0.17806,0.062307,-0.0095659,-0.033948,-0.023222,0.00030323,0.013604,0.0016417,-0.037737,-0.094409,-0.15158,-0.1939,-0.21464,-0.21884,-0.22109,-0.23883,-0.28368,-0.35467,-0.43625,-0.50226,-0.52483,-0.48492,-0.38066,-0.22999,-0.066306,0.07168,0.15253,0.16264,0.11094,0.025947,-0.05397,-0.093786,-0.07387,0.0033045,0.11409,0.22187,0.28949,0.29161,0.22257,0.097292,-0.05499,-0.20145,-0.31692,-0.39155,-0.43216,-0.45719,-0.48735,-0.53573,-0.6013,-0.66818,-0.71109,-0.70481,-0.63414,-0.50065,-0.32363,-0.13499,0.030124,0.14364,0.19225,0.18005,0.12537,0.05363,-0.011258,-0.053658,-0.069045,-0.062432,-0.043673,-0.022001,-0.0022544,0.015722,0.034572,0.055328,0.073993,0.080817,0.063078,0.010548,-0.078517,-0.19356,-0.31215,-0.40513,-0.44524,-0.41617,-0.31883,-0.17232,-0.0087182,0.13667,0.2364
0.21486,0.21014,0.18502,0.16759,0.18184,0.23818,0.329,0.43076,0.51211,0.54503,0.51496,0.42627,0.30096,0.17115,0.068138,0.011914,0.0050471,0.032967,0.070381,0.091237,0.078395,0.029365,-0.043927,-0.12103,-0.18199,-0.21578,-0.22473,-0.22298,-0.22983,-0.26038,-0.31752,-0.38868,-0.44898,-0.46991,-0.43053,-0.32677,-0.17523,-0.0095568,0.12976,0.20864,0.21114,0.14538,0.041316,-0.059132,-0.1161,-0.10527,-0.026066,0.098283,0.22878,0.32383,0.35296,0.30615,0.19587,0.051163,-0.093593,-0.21103,-0.28969,-0.33623,-0.3705,-0.41548,-0.48616,-0.58182,-0.68452,-0.76466,-0.79148,-0.74464,-0.62261,-0.44468,-0.24596,-0.066975,0.058434,0.1127,0.098538,0.036213,-0.044462,-0.1144,-0.15401,-0.15758,-0.13233,-0.092996,-0.054738,-0.027242,-0.01231,-0.0055112,-0.00070721,0.0049669,0.008164,-1.0399e-05,-0.029846,-0.087133,-0.16819,-0.2583,-0.33467,-0.3733,-0.35742,-0.28412,-0.16668,-0.031093,0.092041,0.17769
0.080127,0.065859,0.040037,0.029163,0.054844,0.125,0.22987,0.34449,0.43695,0.47958,0.45896,0.38102,0.26937,0.15725,0.07606,0.044543,0.062654,0.11221,0.16409,0.18918,0.16907,0.10237,0.0045485,-0.09859,-0.18117,-0.22715,-0.23601,-0.22212,-0.20784,-0.21344,-0.24755,-0.30236,-0.35551,-0.37828,-0.34707,-0.25385,-0.11137,0.049227,0.18778,0.26845,0.27229,0.20432,0.092545,-0.021047,-0.09448,-0.099866,-0.032693,0.086921,0.22135,0.32836,0.37512,0.34843,0.25762,0.12951,-0.0025893,-0.11141,-0.18513,-0.23026,-0.26707,-0.31957,-0.40391,-0.51997,-0.64928,-0.76024,-0.81886,-0.80109,-0.70215,-0.53951,-0.34833,-0.171,-0.044335,0.011032,-0.0043035,-0.070581,-0.15688,-0.23197,-0.27403,-0.27613,-0.24583,-0.19986,-0.15635,-0.12785,-0.11774,-0.12109,-0.12901,-0.13432,-0.13566,-0.13828,-0.15118,-0.18171,-0.23047,-0.28866,-0.33968,-0.36443,-0.34864,-0.28901,-0.19582,-0.090314,0.0022577,0.061629
