,0
0,0.03141817
1,0.09219941
2,0.03307924
3,0.03602608
4,0.09554626
5,0.1047958
6,-0.1001226
7,-0.1471408
8,-0.1142319
9,-0.01203997
10,-0.03006108
11,-0.0532905
12,0.008775902
13,-0.1972287
14,-0.009599469
15,-0.0383069
16,0.07362191
17,-0.02622414
18,-0.201727
19,0.04284366
20,0.001228022
21,-0.1197024
22,0.0811112
23,0.03369352
24,-0.188859
25,-0.0493862
26,0.1587211
27,0.03597646
28,0.01100852
29,0.07386461
30,-0.04510325
31,-0.1654517
32,0.01628429
33,-0.01356707
34,-0.09848408
35,0.05240206
36,-0.05553489
37,-0.00452317
38,0.1172516
39,0.03865957
40,0.3033719
41,0.1111455
42,-0.0430026
43,0.03149909
44,0.1155948
45,0.09863828
46,0.08753918
47,0.1056943
48,-0.09046661
49,0.01303974
50,-0.07580743
51,0.03469125
52,0.09482332
53,-0.1128324
54,-0.09450307
55,0.04401296
56,-0.001327239
57,0.01079769
58,0.03286958
59,0.01297301
60,-0.1001636
61,-0.04609048
62,0.06142482
63,-0.00818512
64,-0.2059649
65,0.09472801
66,-0.0229661
67,0.1266778
68,0.0558213
69,-0.0403496
70,-0.02146183
71,-0.1073589
72,-0.08219467
73,-0.01719576
74,0.04965559
75,0.027213
76,0.0900196
77,-0.09140701
78,-0.002223811
79,-0.09648095
80,-0.01334881
81,0.0163697
82,0.1455245
83,-0.171092
84,0.05015776
85,0.01663665
86,0.087544
87,0.2666084
88,0.1949341
89,-0.1599002
90,-0.07916624
91,0.07277595
92,-0.1149261
93,-0.09755626
94,-0.05126996
95,0.1214591
96,-0.1416259
97,-0.05409018
98,-0.0327474
99,-0.003802817
100,0.04880144
101,-0.06541105
102,0.03182491
103,-0.09396313
104,-0.07021054
105,-0.1021378
106,-0.1526084
107,-0.1306122
108,-0.04332871
109,-0.07809967
110,-0.0530727
111,-0.02160491
112,-0.007939887
113,-0.0642325
114,0.05161703
115,-0.1111175
116,-0.09793571
117,0.1601921
118,-0.1508183
119,-0.06146452
120,-0.220316
121,-0.1836597
122,0.2049713
123,0.1742598
124,-0.002794984
125,0.1506841
126,-0.03518169
127,-0.08471101
128,-0.09827068
129,-0.002590741
130,-0.08133699
131,-0.08262938
132,-0.1553764
133,0.04510713
134,0.2373668
135,-0.1301522
136,-0.03586623
137,-0.1217332
138,-0.1173164
139,0.06464209
140,0.1578835
141,-0.01616784
142,-0.03397396
143,0.1723196
144,0.06951917
145,-0.00565052
146,0.01938421
147,0.146581
148,-0.04455201
149,-0.09201677
150,-0.0001219153
151,-0.06352036
152,0.06216942
153,0.243032
154,-0.09655706
155,-0.01936165
156,-0.05466487
157,0.04975513
158,0.06528013
159,0.07893909
160,-0.04723173
161,-0.05440925
162,0.167241
163,-0.233322
164,-0.01236518
165,-0.01961153
166,0.1321337
167,0.1713767
168,0.008038828
169,-0.1155972
170,0.02138539
171,-0.1306538
172,0.1679587
173,-0.004260058
174,0.05346631
175,-0.04751229
176,-0.00652067
177,-0.1158491
178,0.03069221
179,0.08827803
180,-0.1242848
181,0.09337459
182,0.01311205
183,-0.1030528
184,0.09062352
185,-0.1860132
186,0.03141763
187,0.1315869
188,0.1150465
189,0.1329632
190,-0.0008366715
191,-0.05120335
192,-0.1305268
193,0.05195251
194,0.03025717
195,0.009919246
196,-0.02514607
197,0.02322666
198,-0.1248674
199,-0.01668229
200,-0.02780441
201,0.01540744
202,-0.04885559
203,0.1124802
204,0.1196623
205,-0.04961018
206,0.03954303
207,-0.08402556
208,0.2271666
209,0.04152785
210,-0.02392256
211,-0.03455679
212,0.1341497
213,0.1342072
214,-0.06493128
215,0.1940346
216,0.04575329
217,0.09451869
218,0.05756775
219,0.06372016
220,0.02329986
221,0.09139073
222,-0.1068759
223,0.07059705
224,0.2412015
225,0.1296448
226,-0.06212425
227,-0.1344397
228,-0.003039847
229,-0.165119
230,-0.121092
231,-0.1945228
232,0.02743778
233,0.07667428
234,0.03829165
235,-0.1135466
236,-0.1161362
237,0.256526
238,0.03822037
239,0.2323745
240,0.1430119
241,0.02852603
242,0.02006208
243,0.2850973
244,0.03224909
245,-0.03577572
246,0.03278176
247,0.111059
248,0.07408732
249,-0.1218012
250,0.06394955
251,-0.1571274
252,-0.02466
253,-0.1825092
254,0.0725227
255,0.08583713
256,0.03103288
257,-0.1525515
258,-0.02341448
259,0.03155053
260,-0.03330531
261,-0.08829025
262,-0.1326855
263,0.01339069
264,-0.06376286
265,-0.1068056
266,-0.0754124
267,-0.08691261
268,0.05699901
269,0.07232625
270,-0.03870959
271,0.05762722
272,0.05594986
273,0.1512573
274,-0.0299934
275,-0.04046554
276,-0.013002
277,-0.0008821534
278,0.1240294
279,-0.004234145
280,0.008120482
281,0.09325939
282,0.07273249
283,0.03082487
284,0.2324166
285,-0.0724131
286,-0.01048566
287,0.03978568
288,-0.1147814
289,0.09175862
290,-0.01970466
291,0.01530918
292,0.135961
293,0.02988529
294,0.1495736
295,0.1225584
296,0.04827035
297,-0.00590172
298,0.1132799
299,0.007285789
300,0.01629535
301,-0.01689732
302,0.01951686
303,0.05024575
304,-0.1180675
305,0.1414355
306,-0.09241637
307,-0.09380896
308,0.06143388
309,0.0714762
310,-0.1949855
311,-0.1650478
312,-0.07577782
313,-0.05660445
314,0.1327914
315,0.03331908
316,0.1703935
317,0.06277091
318,-0.03914452
319,-0.1153632
320,0.02028601
321,0.1662963
322,0.0002514752
323,0.05945244
324,0.03121527
325,0.1686
326,0.02766865
327,-0.01450587
328,0.06555616
329,0.04376959
330,-0.005577356
331,-0.01270324
332,-0.1313425
333,0.0605361
334,0.004202935
335,0.08091643
336,0.0111087
337,-0.1218975
338,-0.05491833
339,-0.01845573
340,0.01566873
341,-0.05316111
342,0.2305823
343,-0.04914135
344,0.01459825
345,0.08645948
346,0.008630272
347,0.01322778
348,-0.1797983
349,-0.1347336
350,0.1050528
351,-0.04651675
352,-0.1752152
353,0.1102683
354,-0.07964551
355,-0.1252
356,-0.07422956
357,-0.04333512
358,-0.1015723
359,0.02195809
360,-0.1347434
361,0.02619048
362,0.1585067
363,0.06399318
364,-0.209837
365,0.05686575
366,-0.04782425
367,0.07584487
368,-0.236506
369,-0.1392861
370,-0.04527459
371,0.0122185
372,0.06489704
373,0.1385275
374,-0.007357577
375,-0.02454524
376,-0.0177425
377,0.09967335
378,0.06386532
379,0.007232608
380,-0.1888165
381,0.04978872
382,0.0106368
383,0.002180574
384,0.01911113
385,0.05598395
386,0.1517635
387,0.1085752
388,0.1243421
389,0.09198602
390,0.149084
391,-0.1220238
392,0.1146026
393,-0.1268761
394,-0.08341308
395,-0.0276165
396,-0.06940081
397,-0.02392627
398,-0.145711
399,-0.08058842
400,0.08613519
401,-0.05515756
402,-0.09018968
403,-0.155915
404,-0.01596818
405,0.146444
406,-0.1309883
407,-0.08205633
408,0.05290716
409,0.07347134
410,0.1208643
411,-0.09125616
412,0.0512236
413,0.05289126
414,0.0100539
415,-0.09630008
416,-0.004334162
417,0.1490721
418,0.2495905
419,0.1259105
420,0.04544927
421,0.1115313
422,0.0003614231
423,0.08552166
424,-0.2660199
425,-0.1512973
426,-0.0240239
427,0.004003051
428,-0.1192936
429,0.04273749
430,-0.1013691
431,0.1212394
432,0.1993588
433,-0.008186185
434,0.1667339
435,-0.03513252
436,-0.04754094
437,-0.01659898
438,-0.0501165
439,-0.05571724
440,0.03707915
441,0.02927269
442,-0.01226853
443,-0.03512591
444,-0.1425891
445,-0.1651864
446,-0.211295
447,-0.1729042
448,-0.04414704
449,0.1040054
450,-0.2297927
451,0.00526077
452,-0.003882846
453,0.08377165
454,0.02100885
455,0.04175492
456,0.1247166
457,0.003585743
458,-0.03639842
459,-0.1083272
460,-0.09859739
461,-0.0861864
462,-0.02574778
463,0.006106558
464,-0.3117673
465,-0.03406125
466,-0.0868349
467,0.04692946
468,0.00420125
469,-0.09325844
470,-0.09669678
471,0.1090234
472,-0.1066921
473,0.06634056
474,0.08199832
475,0.2337712
476,-0.09520385
477,0.1226556
478,0.1428221
479,0.1580125
480,0.1304148
481,-0.002792949
482,-0.0225813
483,-0.09615
484,0.06860251
485,0.0150845
486,-0.01751528
487,-0.05925148
488,0.05301
489,-0.1644022
490,0.008524586
491,0.153444
492,0.1179201
493,-0.03307281
494,-0.1553762
495,-0.03746136
496,0.255596
497,-0.06920374
498,-0.007545109
499,0.06837931
500,-0.06030236
501,0.02948119
502,-0.1119502
503,0.02093296
504,0.09483131
505,-0.02238106
506,0.1250295
507,-0.06905232
508,0.1488223
509,0.08110217
510,-0.0964101
511,-0.02329738
512,-0.1467055
513,0.03603691
514,-0.09030015
515,-0.1017823
516,-0.09294906
517,0.0224468
518,0.03083082
519,0.06840605
520,0.1861725
521,0.07068804
522,0.02060057
523,0.2094965
524,-0.0174925
525,0.009342404
526,0.1425011
527,-0.06513906
528,-0.02699627
529,-0.02653251
530,-0.1787351
531,-0.1176372
532,-0.1094256
533,-0.1507788
534,-0.02263359
535,0.1647948
536,-0.06942445
537,0.009494692
538,-0.04633109
539,0.1321553
540,-0.08495009
541,0.00339552
542,-0.07338662
543,-0.05392461
544,-0.0543798
545,-0.04382562
546,0.1197198
547,0.2288195
548,-0.06801194
549,-0.03108145
550,0.1225858
551,-0.2400918
552,0.1833687
553,0.1189127
554,-0.05684267
555,0.1523475
556,0.08559148
557,0.1838547
558,-0.03285882
559,0.1370402
560,0.0263593
561,-0.0462683
562,-0.0682111
563,-0.001941379
564,0.1743784
565,0.09306506
566,0.07296652
567,-0.001995453
568,0.01753064
569,0.1561072
570,0.03612078
571,-0.009743815
572,-0.1012032
573,0.08148996
574,0.03821227
575,-0.08009251
576,-0.1161686
577,0.01456837
578,0.07226499
579,0.05336503
580,-0.1021685
581,0.06837749
582,-0.05496586
583,-0.1439928
584,-0.1709403
585,-0.1883979
586,0.247999
587,0.0102494
588,-0.007774116
589,-0.02292566
590,-0.1205739
591,0.2887973
592,-0.1649135
593,0.1326585
594,-0.0936175
595,0.03939224
596,0.183233
597,-0.06619819
598,-0.08776189
599,0.1204634
600,-0.04355497
601,0.08636688
602,0.0539113
603,0.2052058
604,0.0706481
605,0.01302034
606,-0.2222049
607,-0.05284321
608,0.1811256
609,-0.01046845
610,-0.06911851
611,-0.002496158
612,0.09831116
613,0.06806681
614,-0.1237599
615,-0.1032587
616,0.1233462
617,-0.04675981
618,-0.1286936
619,0.07923715
620,0.07156375
621,0.1089427
622,-0.009999871
623,-0.06546863
624,0.182144
625,-0.02141703
626,-0.0338749
627,0.08767383
628,-0.01992964
629,0.1600123
630,0.03870551
631,0.08335227
632,0.01305122
633,0.07737636
634,-0.1625021
635,-0.0709592
636,-0.00874984
637,0.1406205
638,0.0331889
639,0.06128507
640,0.1588454
641,-0.03143475
642,0.01501236
643,-0.125726
644,0.03845335
645,0.01069194
646,-0.09048301
647,0.113801
648,0.1224623
649,0.1143121
650,-0.03062024
651,0.1587014
652,-0.0907863
653,-0.03800367
654,0.03490047
655,-0.05471415
656,0.03302916
657,0.03444228
658,0.02401534
659,-0.02311796
660,0.1980263
661,0.04330506
662,-0.1730215
663,0.08326864
664,0.08140215
665,0.1651516
666,0.1086837
667,-0.0937212
668,0.01291285
669,-0.10207
670,-0.02020768
671,-0.1259155
672,0.05187483
673,0.2313508
674,-0.02275008
675,0.08574716
676,0.1434374
677,-0.08436201
678,-0.1387637
679,-0.08301414
680,-0.04194607
681,0.1948749
682,0.1207094
683,0.07332361
684,-0.1608098
685,-0.06033244
686,-0.08132995
687,0.08763034
688,0.109317
689,0.1927832
690,-0.01440401
691,-0.1380889
692,0.05911865
693,0.05151753
694,-0.02593117
695,-0.005970887
696,0.05756144
697,-0.01602764
698,-0.07237794
699,0.1217411
700,0.008483617
701,-0.1770728
702,-0.08697674
703,0.1581285
704,-0.1908246
705,-0.05870254
706,0.007583869
707,0.1442563
708,0.04410324
709,-0.08609306
710,-0.06686117
711,0.1635945
712,0.06496585
713,0.005900906
714,-0.09224122
715,0.03491652
716,0.02741158
717,0.02683024
718,0.05226655
719,0.1269036
720,0.05610887
721,0.02212717
722,-0.1401302
723,0.1508786
724,-0.1212763
725,-0.004422708
726,0.1119878
727,0.01006555
728,0.07341755
729,0.02025809
730,-0.1643193
731,-0.1438231
732,0.1120046
733,-0.06493529
734,0.1242661
735,0.007021471
736,0.04742187
737,0.08077154
738,-0.06444306
739,0.03526065
740,0.1792443
741,0.1033274
742,-0.02142013
743,-0.05276169
744,0.03119381
745,0.05918848
746,0.151351
747,-0.08196372
748,-0.1007166
749,0.02573024
750,0.001260139
751,0.05596129
752,-0.1359617
753,-0.01184814
754,0.05051087
755,-0.1200989
756,0.1221391
757,-0.1923843
758,-0.07762313
759,0.1405028
760,-0.2514122
761,0.07553824
762,-0.0936932
763,0.171377
764,0.04220602
765,-0.1437312
766,-0.1751735
767,0.27321
768,0.03231122
769,-0.07181717
770,-0.06265559
771,-0.09664058
772,-0.004629832
773,0.01892282
774,-0.07389859
775,0.1020369
776,-0.1920421
777,0.1527692
778,-0.1859434
779,-0.04131899
780,0.03473208
781,-0.1644177
782,0.0511646
783,0.07102147
784,0.01309129
785,0.03263567
786,0.05245071
787,0.0124017
788,-0.2067107
789,-0.03776388
790,0.03899698
791,-0.2292851
792,0.1774968
793,-0.02400448
794,0.1002995
795,0.004235409
796,0.01915553
797,-0.1448737
798,-0.08891891
799,-0.07067334
800,0.01033515
801,0.0761891
802,0.05388276
803,-0.1273905
804,0.2081562
805,0.1067317
806,-0.2513455
807,-0.1933359
808,-0.009315526
809,0.07942393
810,-0.05734571
811,-0.06100456
812,0.05134527
813,0.2444366
814,-0.03003232
815,0.2134848
816,0.3300195
817,0.05451114
818,-0.07087872
819,0.1270199
820,0.05338765
821,-0.1330076
822,-0.01123773
823,0.09716128
824,-0.07911639
825,-0.1045542
826,0.117887
827,0.154786
828,-0.1605263
829,0.03424592
830,-0.07356568
831,-0.02860212
832,0.07650045
833,0.0304792
834,-0.3187769
835,-0.09830155
836,0.06127348
837,-0.03660194
838,-0.003233071
839,-0.120404
840,0.01911397
841,0.04691984
842,-0.03326909
843,-0.1411897
844,-0.1483746
845,0.006133811
846,0.08453009
847,-0.2502393
848,-0.07463812
849,-0.04316575
850,0.04139662
851,-0.1106493
852,-0.03607939
853,0.005653904
854,0.02496537
855,-0.1914838
856,0.1924895
857,-0.1106693
858,0.04631328
859,-0.1236785
860,-0.1022559
861,-0.09233891
862,-0.1664631
863,0.1936689
864,-0.07202166
865,-0.1181316
866,0.138346
867,-0.1376365
868,0.03244594
869,-0.08407223
870,-0.1649748
871,0.2036801
872,0.01141167
873,0.03002808
874,-0.01153374
875,0.08016719
876,-0.0683864
877,0.1620971
878,0.04843675
879,-0.1030374
880,-0.1074521
881,-0.144907
882,-0.06018312
883,-0.008518549
884,-0.1318783
885,-0.01117181
886,-0.143326
887,0.1826296
888,-0.01720712
889,0.01112399
890,0.1105796
891,-0.04980725
892,0.0002927103
893,-0.07749596
894,-0.003561145
895,-0.04925855
896,0.08194827
897,0.1138479
898,-0.05419084
899,-0.1965386
900,0.0007517203
901,-0.0951716
902,-0.05206514
903,-0.02327159
904,0.222293
905,-0.08429571
906,0.03828137
907,0.04606829
908,-0.0666924
909,-0.1067325
910,-0.01543275
911,-0.1265379
912,-0.1050927
913,0.1059684
914,-0.1127925
915,-0.07985284
916,-0.1323943
917,-0.1371454
918,-0.1353119
919,0.08582199
920,0.05118867
921,0.140793
922,-0.1190364
923,0.06724859
924,-0.01063783
925,0.01585609
926,0.007227451
927,0.112245
928,-0.08517864
929,0.007582932
930,0.07016306
931,-0.07816632
932,0.130111
933,0.1452394
934,-0.02826365
935,-0.0263066
936,0.03048501
937,0.06062413
938,-0.1039949
939,-0.04721643
940,0.05538879
941,0.03624322
942,-0.2430007
943,0.03427769
944,-0.1113072
945,0.1049011
946,-0.1197993
947,0.2466197
948,0.07436303
949,-0.07181353
950,0.1505102
951,-0.05121268
952,-0.05656797
953,-0.1445922
954,0.04483592
955,0.1048631
956,0.1830157
957,-0.1372711
958,-0.04558079
959,-0.1106517
960,-0.05344349
961,0.06152311
962,-0.1477028
963,-0.1343493
964,-0.03840563
965,-0.07388526
966,0.04711806
967,0.1597264
968,0.1061355
969,-0.1239043
970,-0.1534325
971,-0.1543816
972,-0.04265529
973,-0.1420084
974,-0.1121792
975,-0.03484407
976,0.1455643
977,-0.1652496
978,0.01647695
979,-0.2058486
980,0.004103476
981,-0.03366095
982,-0.2215217
983,-0.09507915
984,-0.0794099
985,-0.06010704
986,0.08101548
987,-0.1682147
988,-0.1544967
989,0.08900657
990,0.07710735
991,-0.03970174
992,-0.3450672
993,-0.07061959
994,-0.07334599
995,0.01185918
996,-0.117065
997,0.06879827
998,-0.02834764
999,-0.2125548
1000,-0.05465763
1001,0.06142831
1002,0.1971892
1003,0.01929816
1004,-0.1835264
1005,0.02844387
1006,-0.04185486
1007,-0.0874021
1008,-0.2063027
1009,-0.0117735
1010,-0.1197857
1011,-0.1454798
1012,0.1144595
1013,-0.006325188
1014,-0.004775177
1015,0.01288543
1016,0.05542636
1017,-0.1300016
1018,0.1322387
1019,-0.08257768
1020,-0.01959418
1021,-0.1159021
1022,0.01287822
1023,-0.02199286
1024,0.1160606
1025,0.07656589
1026,-0.05505765
1027,0.04878981
1028,0.1882867
1029,-0.05535533
1030,0.05740138
1031,-0.01416188
1032,-0.005661873
1033,-0.03916015
1034,-0.1381953
1035,0.03314221
1036,0.07049615
1037,0.02312309
1038,0.09644197
1039,-0.1386152
1040,0.05033748
1041,-0.1415028
1042,-0.05834926
1043,0.06863174
1044,-0.05574023
1045,-0.05686932
1046,-0.04465665
1047,0.1414472
1048,-0.009158133
1049,0.08098855
1050,0.07575733
1051,0.191708
1052,-0.06497242
1053,-0.06136262
1054,0.07635516
1055,0.04379949
1056,0.1923132
1057,0.05215634
1058,0.01181437
1059,-0.07571523
1060,0.0784959
1061,0.07930088
1062,-0.1921526
1063,0.03934666
1064,0.09491775
1065,0.1353498
1066,-0.2070663
1067,-0.2491693
1068,0.1799162
1069,-0.1985557
1070,0.1752963
1071,-0.08467103
1072,-0.02375567
1073,-0.1455789
1074,-0.0206451
1075,-0.1359034
1076,-0.04967937
1077,0.02354331
1078,0.1571154
1079,0.1880039
1080,-0.02887891
1081,-0.1607463
1082,0.01613026
1083,-0.1294848
1084,0.08885069
1085,-0.09041854
1086,-0.08675593
1087,0.08063084
1088,0.03537651
1089,0.04891476
1090,-0.01209919
1091,0.0006375013
1092,-0.09485956
1093,0.08152961
1094,-0.03506403
1095,0.07465543
1096,0.01884471
1097,-0.02156104
1098,-0.05454192
1099,3.082729e-05
1100,0.03066881
1101,-0.177532
1102,-0.06391753
1103,-0.2372177
1104,0.1523247
1105,-0.04806944
1106,-0.17708
1107,0.1247478
1108,0.04259027
1109,0.2474688
1110,-0.1069733
1111,-0.1579605
1112,0.0001582076
1113,-0.04332891
1114,-0.08739925
1115,0.2012699
1116,0.1391741
1117,-0.02937652
1118,-0.1119568
1119,-0.04651588
1120,-0.08742461
1121,-0.00303042
1122,-0.108981
1123,-0.04869012
1124,0.02863971
1125,0.001278506
1126,-0.0215431
1127,0.1148143
1128,-0.0589713
1129,-0.02471614
1130,0.0639045
1131,-0.1491864
1132,0.0894613
1133,0.09731196
1134,-0.09515001
1135,-0.01130065
1136,0.17678
1137,-0.0258734
1138,0.02975202
1139,0.003740582
1140,0.07311636
1141,-0.04014655
1142,0.05407457
1143,0.03903215
1144,0.1287024
1145,0.08916792
1146,-0.09193402
1147,0.05210918
1148,-0.1817974
1149,0.1121949
1150,-0.1884435
1151,-0.1126016
1152,-0.05479506
1153,-0.01495886
1154,-0.124165
1155,0.01713733
1156,-0.05099278
1157,-0.1753493
1158,-0.06334634
1159,0.007828719
1160,-0.1262103
1161,0.1141308
1162,0.03093523
1163,0.188353
1164,-0.02224442
1165,0.0167577
1166,0.1080592
1167,-0.04285917
1168,0.04423187
1169,0.06087031
1170,-0.1243635
1171,-0.218377
1172,0.06124158
1173,-0.2378497
1174,-0.03981007
1175,0.1515915
1176,0.1175394
1177,-0.007256299
1178,-0.01293783
1179,0.001639312
1180,-0.08093776
1181,-0.1369076
1182,-0.05099553
1183,0.03108437
1184,0.03720642
1185,-0.08945295
1186,0.08901781
1187,-0.07590211
1188,0.1389175
1189,-0.1960459
1190,0.04743797
1191,-0.1956163
1192,0.1477751
1193,-0.04782954
1194,0.1741901
1195,0.1607993
1196,0.04653715
1197,-0.04462591
1198,0.1146687
1199,0.05671376
1200,-0.1645499
1201,0.08065183
1202,-0.1406448
1203,0.06249944
1204,-0.04612759
1205,-0.04181232
1206,0.01340612
1207,0.02948841
1208,0.1122655
1209,0.005219951
1210,0.1143974
1211,0.07003757
1212,-0.04700659
1213,-0.169565
1214,-0.115265
1215,-0.01457873
1216,-0.0375519
1217,-0.08314104
1218,0.2136353
1219,0.1379424
1220,-0.2189414
1221,-0.007949073
1222,-0.04793744
1223,0.1338616
1224,0.01657489
1225,-0.1027019
1226,0.1291562
1227,0.08514605
1228,0.1443172
1229,0.1453112
1230,-0.007020117
1231,0.07647812
1232,0.03951393
1233,0.1057514
1234,-0.1061197
1235,0.02605899
1236,-0.1626056
1237,-0.05082028
1238,-0.0692391
1239,0.02919017
1240,-0.06020878
1241,-0.02623726
1242,0.04148222
1243,-0.03870882
1244,-0.009585929
1245,-0.04128472
1246,-0.1872705
1247,-0.120813
1248,0.07213995
1249,-0.0814623
1250,-0.07763419
1251,-0.0284443
1252,0.1135696
1253,0.03915101
1254,-0.1047939
1255,0.04584416
1256,0.1423994
1257,-0.126074
1258,-0.02801594
1259,0.01749778
1260,-0.1134759
1261,0.04796567
1262,0.06033478
1263,-0.001127913
1264,0.1623931
1265,-0.01934494
1266,0.03392504
1267,0.1925654
1268,0.09138057
1269,0.1163566
1270,0.09585491
1271,-0.02002417
1272,0.07077089
1273,0.07548703
1274,-0.01340163
1275,-0.153913
1276,0.01456096
1277,-0.06430226
1278,-0.2036667
1279,-0.03212161
1280,-0.01892535
1281,-0.0775524
1282,0.1053827
1283,-0.02787243
1284,0.1091355
1285,-0.03165135
1286,-0.239136
1287,0.02586629
1288,0.1061191
1289,-0.0132057
1290,0.03132679
1291,0.05597885
1292,0.08116106
1293,0.07708321
1294,-0.03005459
1295,0.09341009
1296,0.07426745
1297,0.02915575
1298,0.06239515
1299,0.08089582
1300,-0.1044073
1301,-0.03094255
1302,-0.01497809
1303,0.04277713
1304,-0.1691431
1305,0.03829857
1306,0.1207271
1307,-0.1426351
1308,-0.06349463
1309,-0.03419349
1310,0.1242777
1311,0.1100789
1312,0.01452243
1313,-0.00617323
1314,-0.1125877
1315,0.0719281
1316,-0.008119519
1317,-0.05413673
1318,-0.01419137
1319,-0.05927009
1320,0.09509436
1321,0.03755663
1322,0.04205076
1323,0.2423183
1324,-0.01448438
1325,0.09612746
1326,0.1279132
1327,-0.0252787
1328,-0.01505862
1329,-0.1836701
1330,-0.07066414
1331,0.02863674
1332,-0.03260627
1333,-0.07122742
1334,-0.05230518
1335,0.0661865
1336,-0.03676092
1337,0.1813235
1338,0.0735371
1339,-0.1000465
1340,-0.1829386
1341,-0.06096429
1342,-0.2342485
1343,-0.1033362
1344,-0.06171792
1345,-0.03711065
1346,-0.03072074
1347,-0.1046837
1348,0.03282428
1349,0.206935
1350,0.166146
1351,-0.1207464
1352,-0.1822859
1353,0.005645499
1354,-0.1124558
1355,0.186823
1356,-0.08450388
1357,0.01900465
1358,-0.001935961
1359,-0.1794038
1360,0.1456301
1361,0.2228609
1362,0.1274346
1363,-0.08635012
1364,-0.1136242
1365,-0.02144579
1366,0.06146761
1367,-0.04679894
1368,-0.0123005
1369,-0.08142538
1370,-0.03268465
1371,0.169577
1372,-0.09013767
1373,-0.09968015
1374,0.01563922
1375,-0.06170111
1376,0.0776692
1377,-0.0109613
1378,-0.2321816
1379,-0.02751551
1380,0.07825187
1381,0.1186086
1382,0.1292401
1383,0.01875331
1384,-0.03869424
1385,-0.08668138
1386,0.02331113
1387,0.03539035
1388,-0.02658838
1389,-0.04442947
1390,0.2022356
1391,-0.1917477
1392,0.1474806
1393,-0.02984749
1394,0.01706679
1395,-0.1593397
1396,0.05404059
1397,-0.112072
1398,0.1215284
1399,-0.0871888
1400,-0.1232234
1401,0.06570523
1402,-0.02909014
1403,-0.03732392
1404,-0.01509745
1405,0.101248
1406,-0.05486405
1407,0.129193
1408,-0.06344234
1409,0.1272762
1410,-0.1013195
1411,-0.005336639
1412,0.01938879
1413,-0.007065833
1414,0.08091092
1415,0.116731
1416,0.1510739
1417,-0.03723133
1418,0.02794173
1419,-0.09574681
1420,-0.05667306
1421,-0.1855669
1422,0.1715704
1423,-0.04533055
1424,0.04577183
1425,0.1425372
1426,-0.002174906
1427,-0.1827903
1428,-0.04283989
1429,0.06734508
1430,0.08534633
1431,-0.06538117
1432,0.03879306
1433,0.1564674
1434,0.05144172
1435,-0.2080065
1436,-0.08904674
1437,-0.1559026
1438,-0.01711832
1439,-0.1469798
1440,-0.1049497
1441,0.07068976
1442,-0.03542052
1443,0.08464199
1444,-0.2510907
1445,-0.07188411
1446,0.1121271
1447,0.06907729
1448,0.08743816
1449,-0.1883191
1450,-0.1260497
1451,-0.05320112
1452,0.1308771
1453,0.01434512
1454,-0.01395963
1455,0.1538009
1456,-0.113402
1457,0.02845637
1458,-0.09072293
1459,0.1007364
1460,0.1052808
1461,0.1630698
1462,-0.1017645
1463,0.2301074
1464,0.2739662
1465,-0.04560371
1466,0.008739155
1467,0.04347402
1468,-0.1164358
1469,0.01458345
1470,0.03064243
1471,0.04689626
1472,0.06166577
1473,-0.03652676
1474,-0.1122028
1475,-0.1020463
1476,-0.01039532
1477,0.0273398
1478,0.2090813
1479,0.147751
1480,-0.04250382
1481,-0.1322506
1482,-0.1676573
1483,0.06351077
1484,-0.1299002
1485,-0.03666694
1486,-0.01960965
1487,0.1393918
1488,0.004538316
1489,0.09439834
1490,-0.1352632
1491,-0.1530868
1492,0.1408506
1493,-0.1159053
1494,0.08782752
1495,-0.09099047
1496,-0.06503741
1497,-0.04784216
1498,0.01185715
1499,-0.0342779
1500,0.07611459
1501,-0.02728187
1502,-0.0875971
1503,0.1040076
1504,0.1350542
1505,-0.1162186
1506,0.0234793
1507,-0.08841335
1508,0.06266804
1509,0.01921035
1510,-0.01454815
1511,-0.07228659
1512,0.03182643
1513,0.2153307
1514,0.2010486
1515,-0.09135982
1516,-0.1113262
1517,0.03790388
1518,-0.1003986
1519,0.1014459
1520,-0.04581318
1521,0.1217252
1522,0.01620726
1523,-0.1426305
1524,0.01928456
1525,0.08043051
1526,-0.07275973
1527,0.08717735
1528,-0.01561549
1529,-0.08951636
1530,-0.1351908
1531,-0.1121661
1532,-0.07968802
1533,0.0639736
1534,-0.08657856
1535,-0.02930004
1536,-0.05102189
1537,-0.02224445
1538,-0.02625887
1539,0.009631429
1540,-0.2321755
1541,-0.1749894
1542,0.1044712
1543,0.02309311
1544,0.1716518
1545,0.1345868
1546,-0.005535206
1547,-0.1104676
1548,-0.03323496
1549,0.07353145
1550,0.03837501
1551,0.0821181
1552,-0.1290017
1553,-0.05895539
1554,0.04585513
1555,-0.03931337
1556,0.2755909
1557,-0.04658236
1558,0.1359839
1559,-0.0138993
1560,-0.06723879
1561,-0.02544075
1562,-0.06570193
1563,-0.07784897
1564,-0.05729641
1565,-0.339726
1566,-0.1211304
1567,-0.1231749
1568,0.1074146
1569,0.006969398
1570,0.0109252
1571,0.2073295
1572,-0.1068819
1573,-0.1165111
1574,-0.02541983
1575,0.01306866
1576,0.0277111
1577,0.01634596
1578,0.006418078
1579,0.07415715
1580,-0.03151694
1581,0.0007116573
1582,-0.03831189
1583,-0.1298343
1584,0.06279103
1585,-0.0867256
1586,0.1345024
1587,-0.02309682
1588,0.08369663
1589,-0.1308843
1590,0.03219723
1591,-0.0665076
1592,0.1020788
1593,-0.1054255
1594,0.004234225
1595,-0.1092251
1596,0.1585806
1597,0.1118324
1598,-0.05243492
1599,0.06109602
1600,-0.1541443
1601,0.1158605
1602,0.05231004
1603,-0.1618215
1604,0.02510032
1605,-0.0310172
1606,-0.0124474
1607,-0.07477102
1608,-0.09459304
1609,0.07881791
1610,0.07254208
1611,0.07309092
1612,-0.03265331
1613,0.1660117
1614,-0.05880665
1615,-0.1514796
1616,0.03563109
1617,0.09777584
1618,-0.1070974
1619,0.04834303
1620,0.09928479
1621,-0.1188711
1622,0.05969265
1623,0.1210754
1624,-0.04754741
1625,-0.09496643
1626,-0.1390588
1627,-0.06000244
1628,-0.2040918
1629,-0.008236673
1630,0.1785695
1631,-0.03988607
1632,0.1175641
1633,0.004622809
1634,0.2143233
1635,-0.08753159
1636,0.0833347
1637,-0.08727947
1638,0.2073774
1639,0.1118171
1640,0.007591902
1641,0.09857868
1642,-0.06873555
1643,-0.01055023
1644,-0.002958529
1645,-0.02005075
1646,0.1084628
1647,-0.2070198
1648,-0.02825051
1649,-0.0332404
1650,-0.01713593
1651,-0.0768761
1652,-0.1468874
1653,-0.1683652
1654,0.03588214
1655,-0.08159791
1656,-0.2151382
1657,0.05221223
1658,-0.06162666
1659,0.05100013
1660,0.06289814
1661,-0.08113294
1662,-0.08471568
1663,-0.1109904
1664,0.08547731
1665,0.1685426
1666,0.0132384
1667,0.02984208
1668,-0.02144103
1669,-0.04016101
1670,0.05869287
1671,-0.1351699
1672,-0.04916789
1673,-0.04766791
1674,-0.003834616
1675,0.05995004
1676,0.1259269
1677,-0.03946797
1678,-0.1701059
1679,0.08096287
1680,-0.1461933
1681,0.01062602
1682,-0.1175863
1683,-0.1690459
1684,-0.1088487
1685,0.08530264
1686,-0.07148631
1687,-0.1133279
1688,0.09840788
1689,-0.1289342
1690,0.08021686
1691,-0.03676209
1692,0.1162365
1693,0.2430839
1694,0.04466265
1695,0.06483776
1696,-0.07905256
1697,-0.01127055
1698,0.04010669
1699,-0.06624417
1700,0.01793288
1701,0.04316141
1702,-0.0904534
1703,0.07593012
1704,0.1546102
1705,0.04838162
1706,0.1822454
1707,-0.1474906
1708,-0.006195248
1709,-0.06242727
1710,-0.03192144
1711,0.03673781
1712,-0.06937708
1713,-0.002792229
1714,0.03306596
1715,-0.001410849
1716,-0.009559199
1717,-0.0003076106
1718,0.1089009
1719,-0.1680994
1720,0.02919811
1721,-0.1213133
1722,0.01479716
1723,0.09401445
1724,-0.01947723
1725,-0.02190963
1726,-0.2115216
1727,0.1784832
1728,0.003957291
1729,0.006462381
1730,-0.04180379
1731,-0.06871431
1732,0.004091823
1733,0.1556362
1734,-0.1392138
1735,-0.2905485
1736,0.05984618
1737,0.1392495
1738,0.1004119
1739,0.165607
1740,-0.06179147
1741,-0.1000132
1742,0.1104207
1743,0.05154816
1744,-0.08088675
1745,-0.02440405
1746,-0.02662229
1747,0.02915579
1748,0.07848611
1749,-0.02190647
1750,0.08846595
1751,0.153165
1752,0.06370221
1753,0.1496896
1754,0.07488116
1755,-0.1261206
1756,0.04499352
1757,-0.1274268
1758,-0.11837
1759,-0.04693632
1760,-0.03263588
1761,0.1119332
1762,0.004028962
1763,-0.01346345
1764,0.01392239
1765,-0.1878462
1766,0.172106
1767,-0.01487038
1768,0.02941523
1769,0.1187211
1770,0.1437971
1771,-0.1522036
1772,0.1072257
1773,-0.1811515
1774,0.04812583
1775,-0.04210557
1776,0.06084155
1777,-0.1091807
1778,0.05924385
1779,-0.02396427
1780,-0.1280436
1781,-0.1070146
1782,-0.03404883
1783,-0.08283366
1784,-0.1501326
1785,-0.03910537
1786,-0.02177922
1787,0.04481865
1788,0.1549436
1789,-0.0237471
1790,-0.1142134
1791,-0.07980624
1792,-0.02471952
1793,-0.006551357
1794,-0.05050221
1795,0.07693952
1796,-0.06414901
1797,0.08512932
1798,-0.09173992
1799,-0.1828457
1800,-0.07944643
1801,-0.04003654
1802,0.2125247
1803,0.02898799
1804,-0.08270602
1805,-0.1971793
1806,-0.03530013
1807,-0.2085378
1808,-0.2217731
1809,0.02983492
1810,0.2013352
1811,0.07981719
1812,-0.2065041
1813,0.004032925
1814,0.0578077
1815,0.06937982
1816,-0.06582694
1817,-0.1436733
1818,0.0463148
1819,-0.01825093
1820,-0.03526247
1821,0.02586933
1822,-0.1084179
1823,-0.08327702
1824,-0.008818694
1825,-0.06697207
1826,-0.09143965
1827,-0.1007588
1828,-0.1262412
1829,0.006372755
1830,-0.008416396
1831,-0.03430842
1832,-0.02101624
1833,0.07685791
1834,-0.02897334
1835,0.07334065
1836,-0.03240977
1837,0.0612253
1838,-0.0005077064
1839,0.04873917
1840,0.02977883
1841,-0.101378
1842,0.03207267
1843,0.1455838
1844,-0.1456808
1845,-0.05904229
1846,-0.05557504
1847,-0.2165765
1848,-0.08873724
1849,-0.09135581
1850,-0.005100329
1851,-0.1589774
1852,-0.02559313
1853,-0.01892955
1854,0.05397887
1855,-0.2448568
1856,-0.07253104
1857,-0.04074686
1858,-0.07387966
1859,0.1418663
1860,0.04993027
1861,-0.05505426
1862,0.1498667
1863,0.236588
1864,-0.09518224
1865,0.0502112
1866,0.01382576
1867,0.1662756
1868,-0.1288526
1869,0.03978454
1870,-0.1294035
1871,0.2359457
1872,-0.1536898
1873,-0.1134103
1874,-0.03106666
1875,-0.0192606
1876,0.0864113
1877,0.01567995
1878,-0.03790424
1879,0.1159853
1880,0.09731848
1881,0.2716626
1882,0.2396412
1883,-0.04378746
1884,-0.07457179
1885,-0.1289774
1886,0.06780047
1887,-0.009159222
1888,-0.03339178
1889,0.1701415
1890,0.1798065
1891,-0.02276649
1892,0.09570142
1893,-0.08856513
1894,0.04840093
1895,-0.1133556
1896,-0.06598619
1897,-0.1560814
1898,0.08057695
1899,-0.044545
1900,0.102078
1901,-0.1739309
1902,-0.119908
1903,0.0312037
1904,0.06495046
1905,-0.2778182
1906,-0.07471804
1907,-0.09694845
1908,0.05429775
1909,0.1984064
1910,0.1217584
1911,-0.09291683
1912,0.1402924
1913,-0.1022626
1914,0.06649579
1915,0.03867509
1916,-0.01231913
1917,0.03806608
1918,0.01944614
1919,0.109835
1920,-0.2362305
1921,0.1897519
1922,0.01518116
1923,0.06309798
1924,-0.1536659
1925,-0.00862445
1926,0.07772087
1927,0.1085084
1928,-0.07353538
1929,-0.1531927
1930,-0.1641692
1931,0.05345379
1932,-0.1299017
1933,0.04129942
1934,-0.06745154
1935,0.00193536
1936,-0.1911357
1937,0.06942348
1938,-0.02711799
1939,0.1193307
1940,-0.02719084
1941,-0.09226811
1942,0.1800747
1943,0.08501823
1944,0.05081064
1945,-0.06668398
1946,0.01067855
1947,0.1071924
1948,-0.01618283
1949,-0.02229611
1950,0.04191382
1951,0.03886878
1952,-0.02097087
1953,0.02093389
1954,0.04843043
1955,-0.1278428
1956,-0.0564792
1957,-0.05173693
1958,-0.108662
1959,-0.01885821
1960,-0.105254
1961,-0.2250459
1962,-0.1441875
1963,0.05841247
1964,0.1641043
1965,-0.02221699
1966,-0.1165191
1967,0.04306994
1968,0.2058973
1969,-0.1666535
1970,0.0199381
1971,0.1346436
1972,0.131034
1973,-0.05618632
1974,0.0388531
1975,-0.06528201
1976,0.006263778
1977,0.0002373603
1978,-0.2061774
1979,0.1584858
1980,0.01458585
1981,0.08177228
1982,-0.1004082
1983,0.0112039
1984,-0.1209209
1985,-0.1090269
1986,0.06418212
1987,-0.0008090432
1988,0.06619867
1989,0.07862044
1990,0.2845279
1991,0.1680066
1992,-0.06523072
1993,0.05442947
1994,-0.1013867
1995,0.08411881
1996,-0.0803537
1997,0.1162897
1998,0.08836403
1999,0.04810885
2000,0.03335624
2001,-0.1696496
2002,0.0001173275
2003,-0.07693772
2004,0.06104145
2005,0.2105623
2006,-0.04054668
2007,-0.07793357
2008,0.08075483
2009,0.009093756
2010,0.1262567
2011,-0.06098081
2012,-0.05269347
2013,-0.2239038
2014,-0.04485737
2015,-0.04160494
2016,-0.08042766
2017,0.0964187
2018,0.06306707
2019,0.06177107
2020,-0.1231189
2021,-0.04016907
2022,0.1164504
2023,0.03332672
2024,-0.008688671
2025,-0.01269475
2026,-0.05435507
2027,-0.1025664
2028,0.1287808
2029,0.05711564
2030,-0.04741591
2031,0.1782896
2032,-0.1819695
2033,-0.1139343
2034,-0.06804831
2035,0.03947269
2036,-0.09883669
2037,0.2126832
2038,0.1022412
2039,-0.08027759
2040,-0.1054945
2041,-0.089067
2042,0.08188958
2043,-0.08728955
2044,-0.3005307
2045,0.09887159
2046,-0.04817118
2047,-0.3417247
2048,0.04466249
2049,-0.07729702
2050,0.1264024
2051,0.09082851
2052,0.02224067
2053,0.04087464
2054,0.018619
2055,0.03909874
2056,-0.1212304
2057,0.05098688
2058,0.1378709
2059,-0.1440212
2060,-0.08275856
2061,-0.03496471
2062,-0.003643099
2063,-0.304607
2064,-0.1296297
2065,0.04351199
2066,-0.1848428
2067,0.1166902
2068,-0.2210763
2069,-0.04328675
2070,-0.0635023
2071,-0.08993904
2072,-0.1481898
2073,0.1049127
2074,-0.06259834
2075,0.1086877
2076,-0.08269638
2077,-0.01191638
2078,-0.1678204
2079,-0.03321971
2080,0.006749124
2081,0.07437023
2082,-0.0659871
2083,-0.04170966
2084,0.1600159
2085,-0.03266811
2086,0.136089
2087,-0.02569019
2088,-0.03394057
2089,0.009921888
2090,0.09684945
2091,0.07460776
2092,-0.07729137
2093,0.0588863
2094,0.06848828
2095,0.01688334
2096,0.1404467
2097,0.1950492
2098,-0.1660805
2099,0.0009496285
2100,-0.1108226
2101,0.005207134
2102,-0.04802041
2103,-0.04880794
2104,-0.004220358
2105,0.08376994
2106,0.01158826
2107,-0.00414966
2108,0.1495981
2109,0.1051922
2110,0.1698579
2111,0.01235494
2112,0.08478267
2113,-0.005302736
2114,-0.02088366
2115,0.09505398
2116,-0.13074
2117,0.09950524
2118,0.2535709
2119,-0.1252814
2120,0.02633291
2121,-0.05465311
2122,0.1250622
2123,0.01401738
2124,-0.1332924
2125,-0.07196796
2126,0.0262346
2127,0.03853307
2128,0.1229165
2129,-0.1092447
2130,-0.06712952
2131,-0.0550745
2132,-0.05788111
2133,-0.06058119
2134,0.0141203
2135,0.1481756
2136,0.05383769
2137,0.02041458
2138,0.1878015
2139,-0.1172798
2140,-0.09214943
2141,0.1157835
2142,-0.06140232
2143,-0.06262009
2144,0.1605095
2145,0.04852433
2146,-0.07877086
2147,0.005158918
2148,-0.1708833
2149,0.1140972
2150,0.1532502
2151,-0.05091737
2152,0.1080685
2153,-0.0480986
2154,0.09925507
2155,-0.1454412
2156,0.0403766
2157,0.06768031
2158,-0.01144861
2159,0.01094838
2160,0.09125862
2161,0.2551643
2162,-0.1654066
2163,-0.1431125
2164,-0.1514063
2165,0.05042955
2166,0.1022798
2167,0.2062957
2168,0.07002734
2169,-0.01784338
2170,0.1581537
2171,0.1497018
2172,0.0291019
2173,0.02532897
2174,0.02418519
2175,-0.1019004
2176,-0.04449512
2177,0.1504141
2178,-0.03514201
2179,-0.03068288
2180,-0.03660439
2181,0.07208362
2182,0.1148131
2183,-0.1169903
2184,-0.009183083
2185,-0.1434135
2186,0.08794233
2187,-0.1156599
2188,-0.175972
2189,-0.08643202
2190,0.1694821
2191,0.1036472
2192,0.06565744
2193,0.09202896
2194,0.110392
2195,-0.03348627
2196,0.138859
2197,-0.1434967
2198,0.09111007
2199,-0.08773312
2200,0.1052301
2201,-0.3370784
2202,-0.08193843
2203,0.1347389
2204,-0.05369502
2205,0.12338
2206,0.1195288
2207,-0.1608761
2208,0.1060366
2209,-0.006788154
2210,-0.0505905
2211,0.1105259
2212,0.04804996
2213,-0.02439997
2214,0.06348443
2215,-0.2184749
2216,0.111789
2217,-0.06354573
2218,0.06349384
2219,0.2022701
2220,-0.0196319
2221,0.005978621
2222,-0.004225924
2223,-0.1112665
2224,0.1231809
2225,0.116483
2226,-0.1106113
2227,0.05124684
2228,-0.001775933
2229,0.2185617
2230,-0.1007441
2231,-0.162335
2232,0.0001408104
2233,0.06491797
2234,-0.03675834
2235,0.045822
2236,-0.2167686
2237,-0.05782172
2238,0.06680242
2239,-0.09206738
2240,0.007039179
2241,-7.230377e-05
2242,0.09459531
2243,-0.1711937
2244,0.1177708
2245,-0.06304732
2246,0.08893549
2247,0.169995
2248,-0.06075501
2249,0.02010175
2250,-0.04693796
2251,0.08692837
2252,-0.01039116
2253,-0.04784959
2254,-0.04560654
2255,0.09755811
2256,0.05213823
2257,0.003015204
2258,0.0134555
2259,-0.02459513
2260,-0.2004641
2261,0.02806606
2262,0.04864922
2263,0.06726037
2264,0.0997024
2265,0.2642697
2266,0.157738
2267,-0.1307512
2268,0.1670735
2269,0.1354948
2270,0.06332913
2271,-0.1074683
2272,-0.1139337
2273,-0.2281955
2274,0.114598
2275,0.1030166
2276,0.1635716
2277,-0.03074018
2278,0.09420431
2279,-0.05582545
2280,0.01217759
2281,0.02247413
2282,0.00968059
2283,0.002613054
2284,0.06491353
2285,-0.007085968
2286,0.1267379
2287,0.1003671
2288,0.1164193
2289,0.0002597773
2290,0.07764873
2291,0.1059908
2292,-0.01509967
2293,-0.1360956
2294,0.1508501
2295,-0.05523983
2296,-0.004859033
2297,0.0004471892
2298,-0.003981647
2299,0.1165051
2300,-0.03793396
2301,0.1344855
2302,-0.09046609
2303,0.06636166
2304,-0.0436795
2305,-0.1527186
2306,-0.02924134
2307,-0.045409
2308,-0.056319
2309,-0.1628156
2310,-0.06611625
2311,-0.009799075
2312,0.01479713
2313,-0.0005250664
2314,-0.1778707
2315,0.08955344
2316,-0.02874885
2317,-0.01312289
2318,0.01260659
2319,-0.04239759
2320,0.04418914
2321,0.05121979
2322,-0.001218671
2323,0.04363778
2324,-0.04333407
2325,0.04596315
2326,-0.02001743
2327,-0.03052342
2328,-0.1735398
2329,-0.02666083
2330,-0.04297633
2331,-0.02500862
2332,-0.1681141
2333,-0.03185643
2334,-0.05097213
2335,-0.0993979
2336,0.01153165
2337,0.03030564
2338,-0.2355367
2339,-0.1024433
2340,0.002502901
2341,-0.07399029
2342,-0.003602831
2343,-0.05302057
2344,-0.02883256
2345,0.002246488
2346,0.09361143
2347,-0.009037733
2348,0.1577052
2349,0.01772931
2350,0.1388098
2351,0.05001383
2352,-0.06501787
2353,0.01765456
2354,-0.06323266
2355,-0.01715503
2356,0.06065844
2357,-0.1041838
2358,0.1134052
2359,0.01279121
2360,0.08201796
2361,-0.07330548
2362,-0.129572
2363,-0.02754424
2364,0.0386631
2365,0.154527
2366,-0.05427589
2367,0.1314774
2368,-0.03921557
2369,0.03780775
2370,-0.1461537
2371,0.2360998
2372,-0.03540985
2373,-0.03670024
2374,0.07070314
2375,0.061131
2376,-0.02111334
2377,-0.1149952
2378,0.1696819
2379,-0.1014931
2380,-0.008363543
2381,-0.09872507
2382,0.08420727
2383,0.02910567
2384,-0.06647391
2385,0.09536989
2386,-0.01677226
2387,0.1988834
2388,0.07348885
2389,-0.09449226
2390,-0.1451349
2391,-0.04619499
2392,0.03767755
2393,-0.08690526
2394,0.1694202
2395,0.06020799
2396,-0.1979089
2397,-0.2406517
2398,0.03437106
2399,0.02327462
2400,0.0137197
2401,-0.04043978
2402,0.0858566
2403,-0.2510311
2404,-0.1723219
2405,0.0003570743
2406,0.06741864
2407,-0.02136398
2408,-0.1720514
2409,-0.02821848
2410,-0.02714263
2411,0.1280398
2412,0.06178402
2413,0.1278153
2414,-0.02546316
2415,0.07827305
2416,0.09911832
2417,-0.07825789
2418,-0.0126078
2419,-0.1914836
2420,0.09031703
2421,0.03119863
2422,-0.0724728
2423,-0.06821361
2424,0.1753271
2425,-0.1697771
2426,-0.04491755
2427,0.04210217
2428,0.002877394
2429,0.03545433
2430,-0.1308838
2431,-0.04063375
2432,-0.1356289
2433,-0.1052531
2434,-0.138414
2435,0.04287286
2436,-0.03541112
2437,0.1257979
2438,-0.01706319
2439,0.08755022
2440,0.2002298
2441,-0.02030886
2442,0.008392337
2443,-0.1328786
2444,0.04731103
2445,-0.06122619
2446,0.1295716
2447,-0.05344023
2448,-0.01909357
2449,0.1351075
2450,-0.08862567
2451,0.03740361
2452,-0.1714615
2453,0.0641731
2454,-0.08513131
2455,-0.07237478
2456,-0.08320175
2457,-0.1505469
2458,0.07352339
2459,-0.105498
2460,-0.1354246
2461,0.09113009
2462,0.0131088
2463,0.1624773
2464,-0.1462265
2465,0.0221631
2466,0.01219718
2467,-0.02534895
2468,-0.004733912
2469,0.1167756
2470,0.003084423
2471,-0.148951
2472,-0.04560365
2473,-0.01271871
2474,-0.03368114
2475,0.1255124
2476,0.08832051
2477,-0.03046589
2478,-0.01756124
2479,0.0182273
2480,-0.02440419
2481,0.08753129
2482,0.07195758
2483,-0.1129582
2484,0.004615208
2485,0.06591229
2486,0.08413412
2487,0.02263046
2488,-0.1233785
2489,-0.1164068
2490,0.06819911
2491,0.05908926
2492,-0.0266226
2493,-0.1216031
2494,0.04593582
2495,-0.1878653
2496,0.193111
2497,0.08822432
2498,0.1415268
2499,0.10422
2500,0.06646651
2501,-0.1150327
2502,0.01569974
2503,0.0001623771
2504,0.03830966
2505,0.03605023
2506,0.1466122
2507,-0.02887373
2508,-0.1961243
2509,0.0273117
2510,0.1116408
2511,-0.2461144
2512,-0.04153814
2513,0.08744799
2514,0.05258335
2515,0.01144935
2516,0.1545424
2517,0.178949
2518,-0.03081407
2519,-0.1369487
2520,0.1568437
2521,-0.1288581
2522,-0.04747898
2523,-0.07842324
2524,0.1287917
2525,0.1458708
2526,0.06637195
2527,-0.2189339
2528,-0.03622745
2529,0.1140681
2530,-0.06266345
2531,-0.09269636
2532,-0.09901906
2533,0.04524164
2534,0.2739261
2535,0.04815097
2536,0.004672985
2537,0.105145
2538,-0.02189842
2539,0.1236688
2540,-0.01703323
2541,-0.02481364
2542,0.08023575
2543,-0.07472986
2544,-0.07330105
2545,-0.03209947
2546,-0.01936481
2547,-0.1174516
2548,0.08032597
2549,0.1061223
2550,0.0726151
2551,0.1341128
2552,0.02562561
2553,-0.05482945
2554,-0.03426051
2555,0.004326212
2556,-0.07607101
2557,0.1103952
2558,-0.136855
2559,-0.0154607
2560,0.006694376
2561,0.03592546
2562,-0.2058731
2563,-0.1447614
2564,0.01392787
2565,-0.02914033
2566,-0.05481425
2567,-0.07822927
2568,0.003580574
2569,0.05652819
2570,0.1167525
2571,-0.06497995
2572,-0.05667513
2573,0.1291552
2574,-0.02591613
2575,-0.04645401
2576,-0.06275508
2577,0.05804557
2578,0.1079639
2579,0.2078048
2580,-0.1085001
2581,0.1225599
2582,-0.08132862
2583,0.04274219
2584,0.004166764
2585,0.1350363
2586,0.09224628
2587,0.04100585
2588,0.05138218
2589,-0.1236327
2590,0.08927342
2591,-0.05377887
2592,0.03874188
2593,0.117767
2594,-0.2267291
2595,0.005504079
2596,0.08314599
2597,0.04925481
2598,0.3131259
2599,-0.1608747
2600,-0.03302416
2601,0.006813433
2602,0.04367481
2603,-0.1367079
2604,0.05835517
2605,-0.001489892
2606,-0.1920658
2607,-0.01777326
2608,0.01749942
2609,-0.11748
2610,-0.06412217
2611,-0.06081831
2612,0.2326946
2613,-0.01907087
2614,0.01210203
2615,-0.08989392
2616,0.1024176
2617,-0.09843667
2618,0.03052623
2619,-0.05261663
2620,-0.192003
2621,0.02495596
2622,0.09041653
2623,0.09371679
2624,-0.02330264
2625,0.007900365
2626,-0.09898227
2627,0.05665229
2628,0.05130316
2629,-0.07290135
2630,-0.1541517
2631,-0.003778036
2632,0.1002075
2633,0.1107635
2634,0.097955
2635,0.1333037
2636,0.2541691
2637,-0.06839763
2638,0.2377194
2639,0.1688212
2640,0.01321649
2641,-0.2367407
2642,-0.02290529
2643,-0.06221121
2644,0.1391383
2645,-0.03661525
2646,0.003159768
2647,0.03151435
2648,0.07923798
2649,0.003536036
2650,-0.001671644
2651,-0.0547364
2652,-0.0281681
2653,0.2460737
2654,0.1764043
2655,0.2016669
2656,0.1299252
2657,0.111806
2658,-0.06518816
2659,-0.1487276
2660,0.03382253
2661,-0.03911755
2662,-0.1010963
2663,0.1099288
2664,-0.0137354
2665,0.04196173
2666,-0.07622237
2667,-0.04845143
2668,-0.008197251
2669,0.09939116
2670,-0.2270425
2671,-0.1911329
2672,-0.03227202
2673,-0.04004904
2674,0.05458759
2675,-0.03034029
2676,-0.1794354
2677,-0.05318653
2678,0.01646936
2679,-0.09635448
2680,-0.02136544
2681,-0.01569693
2682,0.113655
2683,0.08078287
2684,0.06445542
2685,-0.08740319
2686,-0.02015109
2687,0.1300029
2688,-0.118467
2689,-0.1956024
2690,-0.08124977
2691,-0.1129034
2692,0.03404086
2693,-0.1011993
2694,-0.1690988
2695,-0.2427153
2696,-0.02252534
2697,-0.004825558
2698,0.2260863
2699,0.04637583
2700,-0.01362244
2701,-0.2071137
2702,-0.07021159
2703,0.09102219
2704,-0.01376161
2705,0.08858224
2706,-0.1739536
2707,0.09248174
2708,-0.02757699
2709,-0.05322822
2710,-0.05769697
2711,-0.1066682
2712,-0.04599249
2713,-0.08759993
2714,0.03174539
2715,-0.03703693
2716,0.2660884
2717,-0.1238411
2718,0.1942221
2719,-0.1845074
2720,-0.04527676
2721,0.2847663
2722,-0.1994093
2723,-0.03171206
2724,-0.1636407
2725,0.08339207
2726,-0.06098982
2727,0.1174897
2728,-0.1696926
2729,0.0512505
2730,0.1610924
2731,0.1984433
2732,0.1163817
2733,0.01741077
2734,0.1441728
2735,-0.04059928
2736,-0.04128537
2737,0.07120214
2738,-0.06795747
2739,0.08545092
2740,0.03194193
2741,-0.00350187
2742,-0.1590527
2743,0.02467863
2744,-0.07931556
2745,-0.1244702
2746,0.06746911
2747,-0.1942024
2748,-0.02797881
2749,0.1853254
2750,0.03689118
2751,0.1549144
2752,0.09938066
2753,0.06478027
2754,-0.0947703
2755,0.1392057
2756,-0.05560322
2757,-0.2340441
2758,0.1637855
2759,0.005127257
2760,0.1501973
2761,0.03325507
2762,0.161995
2763,0.02570691
2764,0.06233904
2765,0.04058606
2766,-0.1171898
2767,-0.02913027
2768,0.04607229
2769,0.07783592
2770,0.06179437
2771,-0.02669615
2772,0.05040652
2773,-0.02274544
2774,-0.07562403
2775,-0.1794916
2776,0.08234947
2777,-0.1324295
2778,-0.06531749
2779,-0.006205439
2780,0.1638717
2781,-0.002820962
2782,0.1136769
2783,-0.06169343
2784,0.09777257
2785,-0.1931949
2786,0.02778427
2787,0.09348178
2788,-0.03923537
2789,-0.1839167
2790,-0.04866925
2791,0.02836891
2792,-0.09931447
2793,-0.08736734
2794,-0.091883
2795,0.1893441
2796,0.1184135
2797,-0.0941396
2798,-0.1559101
2799,0.167586
2800,0.02828387
2801,-0.04371662
2802,0.008604954
2803,0.005856977
2804,-0.1179923
2805,-0.06748862
2806,0.006416431
2807,-0.1044871
2808,-0.0850886
2809,-0.07332085
2810,0.1282392
2811,0.2736759
2812,-0.04667218
2813,-0.05960662
2814,0.0917855
2815,-0.1350475
2816,0.0640749
2817,-0.2387441
2818,0.1303312
2819,0.04764975
2820,0.07992158
2821,0.197187
2822,0.06711063
2823,0.120061
2824,-0.1446689
2825,-0.1081562
2826,0.05071911
2827,-0.03078364
2828,-0.04544806
2829,-0.1508242
2830,-0.1419906
2831,0.01104567
2832,0.243521
2833,0.1149634
2834,-0.02510132
2835,0.2016595
2836,0.02442032
2837,0.103708
2838,-0.1764334
2839,-0.1595346
2840,-0.0129139
2841,0.04995199
2842,0.1019551
2843,0.007141968
2844,-0.0001781183
2845,-0.1031096
2846,-0.2337209
2847,0.09647919
2848,0.2317225
2849,-0.242246
2850,-0.1099356
2851,0.09390621
2852,0.02138539
2853,0.1992121
2854,0.04401253
2855,-0.07854124
2856,-0.01376757
2857,0.08699507
2858,-0.09555945
2859,-0.08585775
2860,-0.05811016
2861,-0.06133351
2862,0.1444096
2863,0.1123417
2864,-0.1563766
2865,0.02479192
2866,-0.08491414
2867,-0.01452681
2868,-0.1247869
2869,-0.2438157
2870,-0.1800151
2871,0.06166267
2872,-0.1313258
2873,0.1417214
2874,-0.1899623
2875,-0.1155473
2876,0.08956856
2877,-0.01620808
2878,-0.02200442
2879,0.1858771
2880,-0.04028836
2881,0.1790456
2882,-0.1151597
2883,-0.08209992
2884,0.0829219
2885,0.1323505
2886,0.1232053
2887,-0.08378574
2888,0.0634095
2889,-0.04375818
2890,0.04381999
2891,0.1866388
2892,-0.1378865
2893,0.09294893
2894,-0.02546671
2895,0.06288749
2896,0.01219001
2897,0.09441589
2898,0.1769166
2899,0.03445814
2900,-0.1670114
2901,0.03725042
2902,-0.07266928
2903,-0.127135
2904,-0.03286306
2905,-0.03727183
2906,-0.1168022
2907,-0.06097983
2908,-0.005762219
2909,-0.0325008
2910,0.007305474
2911,-0.0984984
2912,0.02337384
2913,0.2169551
2914,-0.2807924
2915,0.02742775
2916,0.005796344
2917,0.03849816
2918,-0.07863822
2919,0.0999738
2920,-0.03616792
2921,0.01300895
2922,-0.08328753
2923,0.01101204
2924,-0.07385999
2925,0.05658968
2926,-0.03327154
2927,0.1972749
2928,-0.06600313
2929,0.06325428
2930,-0.2077408
2931,0.02556451
2932,0.007678075
2933,0.07489127
2934,-0.1189197
2935,0.1386261
2936,-0.2123828
2937,0.1562888
2938,0.1572885
2939,-0.009964691
2940,-0.03782037
2941,-0.06626133
2942,-0.03076553
2943,-0.06872315
2944,0.1800449
2945,-0.06918171
2946,-0.05459466
2947,0.1001083
2948,-0.1051728
2949,0.08150803
2950,-0.04563405
2951,0.1511919
2952,0.03261546
2953,0.0002892272
2954,0.09155374
2955,0.01784265
2956,0.04478171
2957,0.08815448
2958,0.03038659
2959,-0.156458
2960,0.01707033
2961,-0.05051371
2962,-0.0742028
2963,-0.1058195
2964,-0.05734476
2965,-0.1116757
2966,0.09617632
2967,0.1065571
2968,0.02827058
2969,-0.02312208
2970,-0.09279068
2971,-0.03933009
2972,0.05208023
2973,-0.2550615
2974,-0.01621606
2975,-0.02714288
2976,-0.01137761
2977,0.01755097
2978,-0.08072951
2979,0.0253166
2980,-0.01645805
2981,-0.04725261
2982,0.08764407
2983,-0.1807517
2984,-0.05816822
2985,0.1841742
2986,0.00318638
2987,0.05103148
2988,-0.07184508
2989,-0.05753033
2990,-0.1071372
2991,-0.0637326
2992,-0.007541465
2993,0.05510777
2994,0.2105585
2995,-0.008844662
2996,0.04347519
2997,0.07615039
2998,0.03163905
2999,-0.07370913
3000,0.1245102
3001,-0.08934887
3002,-0.04944051
3003,0.03924768
3004,0.02331298
3005,-0.04959752
3006,0.0356284
3007,0.01730619
3008,0.002236297
3009,0.1167022
3010,0.01064425
3011,-0.1481278
3012,-0.1688871
3013,0.11066
3014,-0.1450463
3015,-0.01866495
3016,-0.1320477
3017,-0.1493547
3018,0.1901502
3019,0.110332
3020,0.007500987
3021,-0.03757873
3022,-0.02249738
3023,0.05628917
3024,0.003270377
3025,-0.1823576
3026,-0.1206713
3027,-0.2447585
3028,0.02838491
3029,-0.1718848
3030,-0.1184079
3031,0.01752241
3032,-0.04487978
3033,0.1303602
3034,-0.09711574
3035,0.02292498
3036,-0.1503199
3037,0.008135171
3038,-0.2100322
3039,0.1255579
3040,-0.01374189
3041,0.02964776
3042,0.124798
3043,0.1369195
3044,-0.1228283
3045,-0.06362576
3046,-0.02930264
3047,0.03551275
3048,-0.1907111
3049,-0.1607185
3050,-0.1664391
3051,-0.1195497
3052,-0.04017882
3053,-0.07071216
3054,0.02372386
3055,-0.05860498
3056,-0.07496949
3057,-0.02250506
3058,0.07069998
3059,0.08235762
3060,-0.0835431
3061,-0.09797443
3062,-0.04647768
3063,0.02141147
3064,-0.05066046
3065,-0.01924058
3066,0.08276856
3067,0.04067002
3068,-0.01865513
3069,-0.1490883
3070,0.004247
3071,0.06241266
3072,0.04785029
3073,0.06282893
3074,-0.08955088
3075,-0.08914089
3076,0.05209874
3077,-0.1301238
3078,-0.132604
3079,0.01927797
3080,0.07568595
3081,0.1720307
3082,0.06241678
3083,0.115873
3084,-0.2120431
3085,-0.06704635
3086,0.1269753
3087,-0.1468307
3088,-0.0813443
3089,-0.009397994
3090,-0.01530543
3091,-0.04279899
3092,0.1025342
3093,0.1848371
3094,-0.02298794
3095,0.0605296
3096,-0.00862322
3097,0.1568207
3098,-0.08150128
3099,-0.05619314
3100,-0.008350308
3101,0.006154823
3102,0.2038462
3103,0.08263374
3104,0.0578657
3105,-0.09024688
3106,-0.02660643
3107,0.0322292
3108,-0.2584946
3109,0.02843675
3110,0.200286
3111,-0.1132848
3112,0.05550939
3113,0.000347146
3114,-0.1293172
3115,-0.05304294
3116,0.06763124
3117,0.1187858
3118,0.2451974
3119,0.001588506
3120,-0.003532844
3121,0.01253044
3122,-0.08051815
3123,-0.02659578
3124,-0.01663291
3125,-0.1591934
3126,-0.01287638
3127,-0.01562334
3128,-0.1573024
3129,0.00120962
3130,0.009272506
3131,-0.06739325
3132,-0.1495933
3133,0.004764089
3134,-0.05814588
3135,0.04797749
3136,-0.08452143
3137,-0.04106337
3138,-0.1193386
3139,0.01063089
3140,-0.0555375
3141,-0.1046077
3142,0.08080895
3143,0.0915186
3144,-0.02568345
3145,0.1610209
3146,-0.01842984
3147,0.03103544
3148,0.04527448
3149,-0.06919587
3150,-0.08668099
3151,0.08460223
3152,-0.09560663
3153,-0.1404088
3154,-0.165949
3155,0.1291527
3156,0.05876424
3157,0.03428663
3158,-0.07531968
3159,-0.002325928
3160,-0.10718
3161,0.02090917
3162,0.02677524
3163,0.0254837
3164,-0.09961882
3165,-0.02313335
3166,0.1547594
3167,0.2495079
3168,-0.07536312
3169,0.002194307
3170,0.02591392
3171,0.04134923
3172,-0.03673828
3173,0.1278747
3174,0.01303234
3175,-0.09999236
3176,-0.05720423
3177,-0.09675536
3178,0.01894873
3179,0.02674563
3180,-0.01114373
3181,-0.1088618
3182,0.04908096
3183,-0.08416498
3184,-0.1085685
3185,0.04544242
3186,-0.01532348
3187,0.1279619
3188,0.06779292
3189,-0.1070487
3190,-0.05548666
3191,-0.03139
3192,-0.09277309
3193,-0.2511826
3194,0.03599117
3195,0.03876852
3196,-0.04979714
3197,0.1166029
3198,-0.05256437
3199,0.08389115
3200,-0.04602135
3201,0.05571733
3202,-0.01025001
3203,0.1603704
3204,0.1725319
3205,-0.07698661
3206,0.03821093
3207,-0.06300144
3208,0.1127198
3209,-0.254363
3210,-0.01389802
3211,0.02735964
3212,-0.1323937
3213,-0.05873428
3214,-0.02544201
3215,-0.08419094
3216,0.2003511
3217,0.1559494
3218,0.1127335
3219,0.1385879
3220,0.04408028
3221,-0.03316606
3222,-0.132999
3223,0.005231171
3224,0.04512729
3225,0.06586078
3226,0.004999878
3227,0.04189463
3228,-0.01197136
3229,0.02521388
3230,0.1540373
3231,-0.04108413
3232,-0.003528757
3233,0.07642844
3234,-0.068883
3235,0.04768751
3236,0.04087472
3237,0.04184809
3238,-0.1920531
3239,-0.02302783
3240,-0.1766956
3241,-0.0139197
3242,0.05731685
3243,0.06933677
3244,-0.06483133
3245,0.01817992
3246,0.100353
3247,0.07614433
3248,-0.162221
3249,-0.1840894
3250,0.0978475
3251,-0.08130257
3252,0.166299
3253,0.05133954
3254,-0.002280471
3255,-0.1643244
3256,0.03991917
3257,0.04539829
3258,0.07231734
3259,0.05591873
3260,0.06108658
3261,0.04763609
3262,-0.02794464
3263,0.07460086
3264,-0.09132217
3265,-0.01996554
3266,0.2094771
3267,0.02529261
3268,0.07138115
3269,-0.3122126
3270,-0.05191858
3271,0.08648614
3272,-0.09915938
3273,-0.001113205
3274,-0.1236701
3275,0.04933631
3276,-0.05265826
3277,0.1648384
3278,-0.01129673
3279,-0.2640286
3280,-0.08066012
3281,-0.1524029
3282,-0.02747459
3283,0.04132202
3284,-0.2197715
3285,-0.09020005
3286,0.02602504
3287,-0.09995126
3288,0.02986983
3289,0.09995718
3290,-0.04591985
3291,0.07248221
3292,-0.1304508
3293,-0.1703685
3294,0.06130704
3295,0.1629233
3296,-0.1753913
3297,0.06707568
3298,0.03990278
3299,0.01085097
3300,0.09887231
3301,-0.01035829
3302,0.1406119
3303,-0.04547761
3304,-0.08414098
3305,-0.01430543
3306,-0.05520379
3307,-0.2330792
3308,0.005836195
3309,-0.03773699
3310,-0.009303481
3311,0.0924378
3312,0.02846629
3313,0.1881246
3314,-0.001671098
3315,-0.08514773
3316,-0.1168445
3317,-0.05332273
3318,0.159091
3319,-0.2983488
3320,0.1166789
3321,0.0431172
3322,0.1141499
3323,0.005030842
3324,0.2153556
3325,0.02921714
3326,0.2083098
3327,-0.1225403
3328,-0.03573965
3329,-0.3501805
3330,0.1106622
3331,-0.1317644
3332,0.08181226
3333,0.1666684
3334,0.1280012
3335,-0.1339935
3336,-0.1086047
3337,0.01123697
3338,-0.06670166
3339,-0.01271639
3340,0.08759863
3341,-0.2553708
3342,0.01939676
3343,-0.00514148
3344,0.01498829
3345,0.0485977
3346,0.07283805
3347,0.1122631
3348,-0.1011575
3349,-0.2184677
3350,0.04999918
3351,-0.01198277
3352,-0.02996535
3353,-0.04254963
3354,-0.123774
3355,0.08322406
3356,-0.03957888
3357,-0.002260355
3358,-0.01886456
3359,0.07845413
3360,-0.2143682
3361,0.1995444
3362,0.06236511
3363,-0.08459208
3364,0.02949702
3365,0.07027391
3366,-0.008436544
3367,0.09752625
3368,0.1405081
3369,0.1919235
3370,0.2210243
3371,-0.002108247
3372,-0.09689636
3373,0.04768829
3374,-0.00817405
3375,-0.03270863
3376,0.07210636
3377,-0.1329162
3378,-0.1078283
3379,0.09542942
3380,-0.007391198
3381,0.08853205
3382,0.07237584
3383,0.09412543
3384,0.1194097
3385,0.04449047
3386,-0.1507701
3387,0.1643376
3388,0.0720281
3389,0.09649463
3390,-0.1857245
3391,0.1248724
3392,-0.0463514
3393,-0.06127529
3394,-0.1594815
3395,0.05224471
3396,0.03311359
3397,-0.0390113
3398,-0.2017952
3399,0.05871047
3400,0.1280043
3401,-0.008358423
3402,-0.1159814
3403,0.07463563
3404,0.1270269
3405,0.05905705
3406,-0.1381925
3407,-0.0201151
3408,-0.2870966
3409,-0.04807382
3410,0.03291328
3411,0.2313798
3412,-0.03399624
3413,-0.0147631
3414,-0.17351
3415,-0.1054938
3416,0.0674781
3417,0.0441211
3418,-0.02316699
3419,0.104137
3420,-0.08133953
3421,-0.1442997
3422,0.002629746
3423,-0.01722518
3424,-0.01755156
3425,-0.1294935
3426,-0.1202961
3427,0.1014268
3428,-0.1100939
3429,0.05928729
3430,-0.05608685
3431,-0.009992447
3432,-0.02856757
3433,-0.07439775
3434,-0.03724908
3435,0.01724275
3436,-0.1157025
3437,-0.05401793
3438,-0.05105333
3439,0.02967034
3440,0.03343506
3441,-0.1122135
3442,-0.1285415
3443,-0.08380513
3444,-0.1768547
3445,-0.08723035
3446,0.09199469
3447,-0.1420903
3448,-0.1659662
3449,-0.04923243
3450,-0.06520193
3451,0.01865949
3452,-0.05969054
3453,0.03578638
3454,-0.1328133
3455,0.09757126
3456,-0.2559535
3457,-0.05186726
3458,0.01318592
3459,-0.03784622
3460,-0.03955427
3461,-0.1057165
3462,-0.0437816
3463,0.1571662
3464,0.03116465
3465,-0.03867507
3466,0.09872681
3467,-0.2823578
3468,0.2315465
3469,-0.05029183
3470,-0.03637254
3471,-0.1117956
3472,-0.04713121
3473,-0.0907247
3474,0.04621973
3475,-0.03642623
3476,-0.0698858
3477,0.07403218
3478,0.09360414
3479,-0.09177671
3480,-0.1117054
3481,-0.01295429
3482,0.1332317
3483,-0.02541215
3484,0.1331875
3485,-0.05146511
3486,0.06967326
3487,-0.03012657
3488,0.1486061
3489,-0.02687592
3490,0.110958
3491,0.0193839
3492,-0.08601408
3493,-0.05884449
3494,0.04912972
3495,0.118531
3496,-0.05930183
3497,0.08047553
3498,0.03592003
3499,0.1064708
3500,0.1482542
3501,0.1286259
3502,-0.009167528
3503,-0.01772342
3504,-0.01550902
3505,0.08590523
3506,-0.1347082
3507,0.1949265
3508,-0.2791947
3509,-0.2189104
3510,0.02136628
3511,-0.006869676
3512,0.1859252
3513,-0.04851386
3514,0.03381539
3515,-0.1468297
3516,-0.05061294
3517,-0.07676547
3518,-0.005661008
3519,0.06999062
3520,0.2780246
3521,-0.09056061
3522,-0.01655365
3523,0.1189426
3524,0.1608475
3525,-0.1685992
3526,-0.02853737
3527,-0.05429475
3528,0.05577147
3529,-0.125695
3530,-0.1604594
3531,0.004538344
3532,0.1463918
3533,-0.02923026
3534,0.1536927
3535,-0.003980565
3536,0.2486295
3537,-0.1507861
3538,0.2882873
3539,0.03711109
3540,0.02135539
3541,0.01639581
3542,-0.1739295
3543,-0.09414863
3544,-0.07732791
3545,0.2327955
3546,0.03881342
3547,0.05475586
3548,0.04969322
3549,0.0649055
3550,-0.04150039
3551,0.02406077
3552,0.0420135
3553,0.05515784
3554,0.1194115
3555,0.07160788
3556,0.0801436
3557,0.008720629
3558,-0.05972672
3559,0.008739354
3560,-0.02307159
3561,0.1547166
3562,-0.1065484
3563,-0.009780689
3564,0.1087383
3565,-0.1258165
3566,0.08072082
3567,0.05639874
3568,0.06457351
3569,-0.1121876
3570,-0.1174187
3571,-0.1136641
3572,-0.1131248
3573,-0.2154149
3574,-0.07501853
3575,-0.01876945
3576,0.04715627
3577,0.09730892
3578,0.0782929
3579,-0.1022388
3580,-0.0984693
3581,0.1858069
3582,-0.03245746
3583,0.09799054
3584,-0.1041565
3585,0.1233731
3586,0.2495998
3587,-0.06167305
3588,0.1365648
3589,0.06323619
3590,-0.109637
3591,0.08211667
3592,-0.06323232
3593,0.01329277
3594,-0.08516388
3595,-0.1901657
3596,-0.03817086
3597,0.1723617
3598,-0.03254635
3599,-0.01161496
3600,0.06886464
3601,-0.1990814
3602,-0.04990136
3603,-0.01884709
3604,0.1713705
3605,0.02054301
3606,-0.2084402
3607,-0.09658083
3608,0.1052494
3609,0.2028859
3610,0.08506335
3611,-0.04682085
3612,-0.08066079
3613,0.08917635
3614,-0.05358526
3615,-0.09678401
3616,-0.03731528
3617,-0.08259075
3618,0.07854192
3619,-0.02306016
3620,-0.1228635
3621,0.1482506
3622,-0.2100398
3623,0.05486211
3624,-0.1178777
3625,0.02393324
3626,-0.02182027
3627,-0.07474722
3628,-0.1776334
3629,-0.0354993
3630,0.09945389
3631,-0.01062699
3632,0.03815386
3633,-0.02846006
3634,-0.04126026
3635,-0.1234787
3636,-0.1842202
3637,-0.04686491
3638,0.06382037
3639,-0.07233825
3640,0.1223273
3641,-0.07261787
3642,0.01441343
3643,-0.1582508
3644,-0.1437202
3645,0.1987601
3646,0.02329677
3647,-0.09634789
3648,0.06612294
3649,0.07162556
3650,0.1961149
3651,-0.01425181
3652,-0.03735663
3653,-0.121429
3654,0.001959337
3655,-0.1304459
3656,0.08624585
3657,-0.1460536
3658,0.1230714
3659,-0.174196
3660,0.1021599
3661,0.225555
3662,-0.05608397
3663,0.03494495
3664,-0.2198927
3665,-0.02462293
3666,0.01207683
3667,-0.01849139
3668,-0.1280838
3669,-0.1246635
3670,0.07159493
3671,-0.07638311
3672,-0.0007465064
3673,-0.03232895
3674,-0.1097943
3675,-0.09706179
3676,-0.04033958
3677,-0.04138769
3678,-0.09678108
3679,-0.00871011
3680,-0.1740689
3681,0.08431462
3682,0.2678184
3683,-0.05585631
3684,-0.008120705
3685,0.06473105
3686,-0.01947765
3687,0.11197
3688,0.1174021
3689,-0.1044561
3690,0.06299311
3691,0.006817985
3692,0.07994576
3693,-0.02206521
3694,0.2178301
3695,-0.0212157
3696,0.1056277
3697,0.1771481
3698,-0.0175364
3699,0.08007442
3700,-0.04928058
3701,0.07419474
3702,0.274114
3703,-0.06042712
3704,0.07799677
3705,-0.06085562
3706,0.03217118
3707,0.07072709
3708,-0.1556115
3709,0.09071662
3710,-0.1277356
3711,-0.07824166
3712,0.1365959
3713,-0.03045409
3714,0.03659506
3715,-0.1522049
3716,0.02588652
3717,-0.05256841
3718,-0.1432689
3719,0.1623252
3720,-0.1374923
3721,0.03877682
3722,0.01254517
3723,0.05398398
3724,-0.01119094
3725,0.0783745
3726,0.114804
3727,-0.003053213
3728,-0.01194491
3729,-0.09594639
3730,-0.06532464
3731,0.04463358
3732,0.01390584
3733,-0.1633067
3734,0.02227158
3735,3.272625e-05
3736,0.01620947
3737,-0.06704429
3738,0.001834265
3739,-0.1983405
3740,-0.1014123
3741,0.01244049
3742,-0.03844598
3743,0.01138688
3744,0.1041843
3745,-0.08395461
3746,0.1073437
3747,0.1225597
3748,0.05964694
3749,0.08428756
3750,0.0539952
3751,-0.06475437
3752,0.0126848
3753,-0.1020906
3754,0.01418344
3755,-0.009840043
3756,0.06559394
3757,-0.018366
3758,0.1018603
3759,-0.1632897
3760,-0.01660069
3761,0.05596243
3762,0.05088172
3763,-0.1137719
3764,0.1352192
3765,-0.08146452
3766,-0.004515626
3767,0.03223313
3768,-0.1142537
3769,-0.03177391
3770,-0.01276081
3771,0.07098656
3772,-0.1927309
3773,0.09954115
3774,0.2146459
3775,0.09748793
3776,0.06691057
3777,-0.005258887
3778,-0.1481626
3779,0.02076229
3780,0.006758046
3781,-0.1655308
3782,0.03405138
3783,0.07509762
3784,-0.04674605
3785,-0.003534961
3786,0.1036508
3787,-0.05143116
3788,-0.1426309
3789,0.1061674
3790,0.009053487
3791,0.1499565
3792,0.2079847
3793,0.1607927
3794,-0.05422291
3795,-0.07728728
3796,0.02445618
3797,0.004327746
3798,-0.1163554
3799,-0.2519371
3800,0.1269441
3801,0.02279104
3802,0.0917625
3803,0.09499875
3804,-0.1663966
3805,0.01668088
3806,-0.01103407
3807,0.04665685
3808,-0.2611841
3809,-0.06574374
3810,0.1082389
3811,0.1334654
3812,0.1107753
3813,-0.1667339
3814,0.05435784
3815,0.06010979
3816,-0.07617093
3817,-0.0267406
3818,-0.06299398
3819,0.09480651
3820,-0.05921483
3821,0.03022857
3822,-0.05357855
3823,0.07286783
3824,0.03214014
3825,0.1639182
3826,-0.0219216
3827,-0.2033696
3828,-0.0981362
3829,-0.1007074
3830,0.1050104
3831,0.001755383
3832,0.03971192
3833,-0.01278645
3834,-0.03773224
3835,-0.0712352
3836,0.05620301
3837,0.1194207
3838,0.008106658
3839,-0.1421945
3840,0.1495175
3841,0.04774121
3842,-0.09001461
3843,0.09146737
3844,-0.02042911
3845,-0.1616111
3846,-0.05018958
3847,-0.01040046
3848,-0.2483994
3849,0.1081649
3850,0.06864909
3851,-0.173951
3852,-0.06970938
3853,0.08009313
3854,-0.02694686
3855,0.1785052
3856,-0.05075625
3857,0.01075789
3858,-0.00348905
3859,-0.0682155
3860,-0.1375259
3861,0.08598714
3862,-0.08468278
3863,-0.008593182
3864,-0.006597472
3865,-0.0872095
3866,0.09673584
3867,0.06762395
3868,0.06121415
3869,0.07464964
3870,0.0538303
3871,-0.09952223
3872,0.1289633
3873,0.0754802
3874,-0.09225587
3875,-0.07924398
3876,0.147591
3877,0.02065951
3878,-0.1904108
3879,-0.09776211
3880,-0.1541461
3881,-0.07806659
3882,-0.1092206
3883,0.002775599
3884,0.1254084
3885,0.1475623
3886,0.09732105
3887,-0.03148312
3888,0.04002289
3889,-0.125514
3890,0.04344677
3891,0.07179538
3892,0.03085228
3893,-0.1907009
3894,0.1035937
3895,0.0006867609
3896,0.004948262
3897,-0.002047498
3898,-0.1692342
3899,0.04456198
3900,-0.0617875
3901,-0.0954856
3902,-0.01999919
3903,-0.04004167
3904,-0.1072647
3905,0.01576469
3906,0.03785861
3907,-0.09467935
3908,0.05907294
3909,0.1592993
3910,-0.1896995
3911,-0.1399606
3912,0.3103984
3913,0.04817063
3914,0.1398589
3915,0.02361793
3916,0.1889425
3917,-0.00783744
3918,-0.1191882
3919,0.1933037
3920,0.1845742
3921,-0.1108826
3922,-0.05581889
3923,-0.0731977
3924,-0.2737461
3925,-0.01228591
3926,0.08691283
3927,-0.07512635
3928,0.2005786
3929,0.02533639
3930,-0.04346239
3931,-0.1242389
3932,-0.04137461
3933,-0.02344076
3934,0.04168975
3935,-0.06838184
3936,-0.1511781
3937,0.1192061
3938,-0.05183935
3939,-0.07863892
3940,-0.01858245
3941,0.2280448
3942,-0.2377794
3943,-0.07781934
3944,-0.08852053
3945,0.02933139
3946,-0.03213633
3947,0.009845513
3948,0.01789646
3949,0.1695652
3950,0.06498972
3951,0.07601744
3952,-0.07924858
3953,-0.03066931
3954,0.07967253
3955,-0.05379819
3956,-0.03169954
3957,0.08542703
3958,0.1549786
3959,-0.2961335
3960,-0.01209626
3961,-0.03187885
3962,-0.003431573
3963,-0.09377011
3964,-0.03336001
3965,-0.06908494
3966,0.08989534
3967,0.1231464
3968,0.02377106
3969,-0.1122433
3970,0.04224491
3971,0.1467553
3972,-0.02830491
3973,0.06951943
3974,-0.2221378
3975,-0.08892642
3976,-0.03961427
3977,-0.02510888
3978,0.0380018
3979,-0.1967025
3980,-0.1191074
3981,-0.05448175
3982,0.2285095
3983,-0.1349847
3984,0.1376827
3985,-0.07249292
3986,0.04394048
3987,-0.009852926
3988,-0.1634804
3989,0.05960211
3990,-0.03541699
3991,0.1156898
3992,0.02707397
3993,-0.07082126
3994,0.07864992
3995,-0.1515361
3996,0.2514325
3997,-0.003177428
3998,0.02722568
3999,0.1013243
4000,-0.01077972
4001,-0.1415099
4002,-0.06670583
4003,0.009880523
4004,0.001861446
4005,0.1264968
4006,0.08361637
4007,0.01247018
4008,0.001768538
4009,0.07338202
4010,0.2233452
4011,0.1564677
4012,0.1037261
4013,-0.1144298
4014,-0.2629161
4015,0.009530096
4016,0.06080891
4017,0.1099488
4018,-0.1621299
4019,-0.1156202
4020,-0.05262836
4021,-0.008776141
4022,-0.02457394
4023,0.02876343
4024,-0.07365901
4025,-0.1511995
4026,0.04102862
4027,-0.1320114
4028,-0.1648719
4029,0.1306318
4030,0.03097448
4031,0.02976616
4032,-0.08650753
4033,-0.1992974
4034,0.02883463
4035,0.0003465817
4036,-0.2032754
4037,0.2443833
4038,-0.01702239
4039,-0.01381659
4040,-0.02489643
4041,-0.01769561
4042,-0.1640817
4043,-0.04730632
4044,-0.1031511
4045,-0.01851713
4046,0.1282292
4047,0.004852836
4048,-0.05751864
4049,0.155721
4050,0.1124159
4051,0.156913
4052,-0.006415535
4053,0.1177413
4054,0.1275728
4055,0.1069767
4056,-0.1336322
4057,0.05957954
4058,0.0331192
4059,0.01111107
4060,-0.1946966
4061,0.09264493
4062,-0.05975342
4063,0.05227912
4064,-0.1894303
4065,-0.05549636
4066,-0.03604131
4067,0.06262338
4068,-0.2368289
4069,-0.005098347
4070,-0.01860211
4071,-0.003514382
4072,-0.1146572
4073,0.05513679
4074,-0.06831236
4075,0.1379678
4076,-0.1559437
4077,0.0531467
4078,-0.04816674
4079,-0.0577697
4080,0.1211226
4081,0.07073203
4082,-0.03443458
4083,-0.1854945
4084,-0.06066643
4085,0.07023697
4086,-0.08946357
4087,0.1023573
4088,-0.1640154
4089,0.0203294
4090,-0.07856181
4091,0.1888372
4092,-0.07153417
4093,0.05582452
4094,0.03667848
4095,0.1056684
4096,-0.05060819
4097,-0.0573751
4098,-0.05575562
4099,-0.1302306
4100,0.1758633
4101,0.04502731
4102,0.006846897
4103,0.1742748
4104,0.05591889
4105,0.08845337
4106,0.01252644
4107,0.07157927
4108,0.3321902
4109,-0.1498257
4110,0.02224091
4111,-0.03730779
4112,-0.07541613
4113,-0.061938
4114,0.03259685
4115,-0.1809499
4116,-0.07944698
4117,-0.04711445
4118,0.1436255
4119,-0.04820613
4120,0.2033558
4121,0.1046848
4122,0.2144412
4123,0.1006059
4124,0.1280467
4125,-0.004997828
4126,0.01164992
4127,0.03726949
4128,0.02816149
4129,0.01286169
4130,0.1114959
4131,-0.0166722
4132,-0.1504797
4133,-0.08004841
4134,0.04364081
4135,0.05496582
4136,0.1497902
4137,-0.04566292
4138,-0.1224375
4139,0.02481168
4140,0.003603972
4141,0.08239819
4142,-0.005597078
4143,-0.03003556
4144,-0.1116491
4145,-0.06561155
4146,0.144702
4147,-0.0106227
4148,0.08849011
4149,0.1129104
4150,0.153873
4151,-0.09379252
4152,0.06176324
4153,-0.04207669
4154,0.05530192
4155,-0.2574492
4156,0.0247498
4157,-0.09170322
4158,0.02373274
4159,0.02489899
4160,0.1994613
4161,-0.001150896
4162,0.08834689
4163,0.031516
4164,0.001740217
4165,0.04538243
4166,0.1043382
4167,0.01662769
4168,-0.02121195
4169,-0.06514937
4170,0.0809076
4171,-0.07529279
4172,-0.01927212
4173,-0.2322074
4174,0.0775008
4175,0.005701357
4176,0.1635604
4177,0.01821891
4178,0.005357256
4179,-0.0009343045
4180,0.03445237
4181,0.1086652
4182,0.1841569
4183,0.08271094
4184,0.0329552
4185,-0.05897981
4186,-0.2194973
4187,-0.008702625
4188,0.1937399
4189,0.04384523
4190,0.04168172
4191,0.04622578
4192,0.09048989
4193,0.09816902
4194,-0.02692709
4195,-0.005089804
4196,-0.003182061
4197,0.08898699
4198,0.03382285
4199,0.05459631
4200,-0.07315236
4201,0.07721497
4202,-0.1405348
4203,-0.1188585
4204,0.008933182
4205,-0.09322725
4206,-0.1330466
4207,-0.03443925
4208,-0.08268455
4209,-0.08463835
4210,0.1101305
4211,-0.1259654
4212,0.07131617
4213,-0.07044059
4214,-0.2923925
4215,0.177292
4216,0.0728275
4217,0.02659117
4218,-0.05606338
4219,-0.114872
4220,-0.07121929
4221,-0.1403154
4222,0.09904755
4223,0.1162578
4224,-0.05259486
4225,0.05031687
4226,0.1596482
4227,-0.009185745
4228,-0.1795287
4229,0.02666666
4230,0.001548457
4231,0.1910071
4232,-0.07939477
4233,-0.06665504
4234,0.153686
4235,0.1335249
4236,0.08809096
4237,-0.01922419
4238,-0.0681516
4239,0.02987376
4240,-0.01131622
4241,0.07050732
4242,-0.1315785
4243,0.01830263
4244,-0.02015127
4245,0.1869683
4246,0.1481548
4247,0.06992304
4248,-0.02343613
4249,-0.06431774
4250,0.07475729
4251,0.0589035
4252,-0.08761924
4253,-0.081484
4254,0.1508625
4255,0.00536879
4256,-0.2115954
4257,0.0381046
4258,-0.01634564
4259,-0.2479318
4260,0.07814952
4261,0.1026396
4262,0.01297057
4263,-0.13035
4264,0.01039358
4265,0.07936651
4266,-0.05104789
4267,-0.1184125
4268,-0.09808335
4269,-0.02810894
4270,0.08246907
4271,-0.01256371
4272,0.206222
4273,-0.01947706
4274,0.07399897
4275,-0.2235379
4276,-0.1055394
4277,-0.03745791
4278,0.01935803
4279,-0.05740799
4280,-0.0635629
4281,-0.042312
4282,-0.05919003
4283,0.05304606
4284,0.05641632
4285,0.03992005
4286,-0.0002304689
4287,-0.2613793
4288,-0.0419769
4289,-0.1476404
4290,-0.007512233
4291,-0.08540093
4292,-0.1494862
4293,0.1235024
4294,-0.2594255
4295,0.00439312
4296,-0.1281814
4297,0.1237917
4298,-0.007389251
4299,0.02333612
4300,-0.06461812
4301,-0.07818684
4302,-0.09647566
4303,0.07357412
4304,0.1624769
4305,0.05734781
4306,0.02422437
4307,0.1310204
4308,0.2088983
4309,0.0447655
4310,0.08356284
4311,-0.1041935
4312,0.09397264
4313,-0.1323922
4314,0.004269232
4315,0.0100072
4316,0.03858811
4317,0.03322903
4318,0.009961194
4319,-0.06587512
4320,-0.1978183
4321,0.1973925
4322,-0.02725398
4323,-0.02017951
4324,-0.0468518
4325,0.07475087
4326,-0.1923403
4327,0.193721
4328,0.08983006
4329,0.03503106
4330,0.1543419
4331,0.08345219
4332,0.2476713
4333,-0.02919842
4334,0.0332004
4335,-0.127667
4336,-0.03167747
4337,0.2333909
4338,-0.08558389
4339,-0.1168818
4340,0.04723084
4341,0.2380713
4342,-0.03503819
4343,-0.1105368
4344,-0.01816111
4345,-0.01614267
4346,0.05580033
4347,0.1362754
4348,-0.05999526
4349,0.07798826
4350,-0.1026669
4351,0.04545277
4352,-0.029519
4353,-0.07281984
4354,-0.05912866
4355,-0.02540097
4356,0.02856841
4357,0.135682
4358,0.02432908
4359,0.05519723
4360,-0.03877507
4361,0.1082526
4362,0.06132541
4363,-0.1195753
4364,-0.2430199
4365,-0.1254445
4366,-0.1411315
4367,-0.07743381
4368,-0.001661929
4369,-0.004351859
4370,-0.2113317
4371,-0.1570887
4372,0.1176025
4373,-0.1362064
4374,-0.154449
4375,0.04604592
4376,0.02442753
4377,-0.1456827
4378,0.09851811
4379,0.0177473
4380,-0.04577077
4381,0.006704932
4382,-0.04290668
4383,-0.01567195
4384,0.01120575
4385,-0.09143862
4386,-0.04067737
4387,0.04558637
4388,0.07586038
4389,0.06110144
4390,0.02321723
4391,-0.08256983
4392,0.07361948
4393,0.08532779
4394,-0.0005592327
4395,-0.0258925
4396,0.03121293
4397,-0.06215211
4398,0.02353769
4399,-0.0130298
4400,0.07477821
4401,-0.03291337
4402,-0.03217727
4403,0.1484831
4404,0.05186205
4405,0.238746
4406,-0.3297043
4407,-0.1293155
4408,-0.1266814
4409,-0.08527805
4410,-0.2383607
4411,-0.1037793
4412,-0.01175419
4413,-0.02290571
4414,-0.01055083
4415,-0.05442706
4416,0.3407469
4417,-0.00783371
4418,0.1356534
4419,0.0142767
4420,0.1183317
4421,0.07939944
4422,-0.01710867
4423,0.0350592
4424,-0.03584393
4425,-0.09238961
4426,0.09968122
4427,0.03820271
4428,0.1102542
4429,0.03589541
4430,-0.01514775
4431,-0.1794946
4432,-0.07464867
4433,-0.09768193
4434,0.09488919
4435,0.03058383
4436,0.07249754
4437,0.00379334
4438,-0.03888629
4439,0.07499593
4440,0.09328879
4441,-0.06761527
4442,-0.2146081
4443,-0.05934179
4444,0.1672366
4445,-0.01322518
4446,0.002346596
4447,-0.06249382
4448,-0.01133624
4449,-0.03632924
4450,-0.1183609
4451,0.2471144
4452,0.06338381
4453,-0.1469369
4454,-0.004937772
4455,-0.01813872
4456,-0.1492461
4457,0.03741875
4458,-0.1956997
4459,0.0466865
4460,-0.08966296
4461,-0.1754501
4462,0.05387372
4463,0.1196998
4464,0.006295225
4465,-0.05190289
4466,-0.07191484
4467,-0.1129362
4468,-0.1416595
4469,0.1370964
4470,0.09744936
4471,0.1234286
4472,-0.0584381
4473,-0.1643162
4474,0.1901817
4475,0.04924168
4476,-0.1503976
4477,0.2613275
4478,-0.07283847
4479,-0.01267068
4480,-0.01417324
4481,-0.07221305
4482,-0.08113174
4483,-0.01604939
4484,-0.142573
4485,0.08998699
4486,-0.01964357
4487,0.03897395
4488,0.120552
4489,-0.08263789
4490,-0.2031102
4491,0.1292201
4492,-0.1189469
4493,-0.1113567
4494,-0.008424706
4495,-0.08316323
4496,0.1826357
4497,-0.1518447
4498,0.0589365
4499,0.06043823
4500,0.1188967
4501,-0.1124808
4502,-0.007693497
4503,0.1166
4504,-0.01291044
4505,0.1401811
4506,-0.1974195
4507,-0.08300367
4508,0.2408611
4509,-0.05960887
4510,0.0008783099
4511,0.3617652
4512,0.2254911
4513,-0.03010913
4514,-0.159703
4515,0.07101358
4516,0.05096226
4517,0.03733581
4518,-0.02424167
4519,0.1757913
4520,-0.08928812
4521,0.02711671
4522,0.03109006
4523,0.1347729
4524,0.1751803
4525,-0.1742724
4526,-0.02765926
4527,0.1119196
4528,0.1230976
4529,0.1565632
4530,0.003579442
4531,-0.2148871
4532,0.1639551
4533,0.06743887
4534,-0.1071779
4535,-0.02308759
4536,0.1219802
4537,0.1496618
4538,-0.1661808
4539,0.1575802
4540,0.01680944
4541,-0.01654892
4542,0.156949
4543,-0.159926
4544,-0.03951154
4545,0.1258187
4546,0.1502111
4547,-0.1284082
4548,0.05592529
4549,0.03522355
4550,0.02491531
4551,-0.07960321
4552,-0.1420089
4553,0.08231905
4554,-0.1713992
4555,-0.04212879
4556,0.08279975
4557,0.09637489
4558,-0.1110169
4559,-0.01395989
4560,0.1074765
4561,-0.04268227
4562,0.101942
4563,0.02931442
4564,-0.1260124
4565,-0.1191728
4566,-0.0195719
4567,0.08278499
4568,0.04021604
4569,-0.01276853
4570,-0.114948
4571,0.04293141
4572,0.1032946
4573,0.1072784
4574,-0.1193463
4575,0.1479791
4576,0.04378459
4577,0.09712667
4578,-0.004323597
4579,0.04610154
4580,-0.1172758
4581,-0.06573739
4582,-0.1032777
4583,0.107235
4584,0.08658604
4585,0.08606377
4586,-0.01717711
4587,0.07111789
4588,0.1092365
4589,0.0467599
4590,-0.1327135
4591,0.1649099
4592,0.1127332
4593,0.08408814
4594,-0.1542412
4595,0.03873952
4596,-0.1457163
4597,0.1089535
4598,0.0238211
4599,-0.1116991
4600,-0.08083824
4601,-0.02489515
4602,-0.006704513
4603,-0.08274167
4604,-0.194975
4605,0.0007175688
4606,-0.02132726
4607,-0.07237798
4608,-0.01160143
4609,0.1819752
4610,-0.1314247
4611,-0.05715593
4612,0.1250213
4613,0.1095924
4614,0.1677761
4615,-0.1470982
4616,-0.0523205
4617,0.2062264
4618,0.02720596
4619,0.08368834
4620,0.1437536
4621,0.1235453
4622,-0.04421526
4623,0.1047245
4624,0.1402467
4625,-0.1347966
4626,-0.2029078
4627,-0.06647873
4628,-0.05749006
4629,0.01383087
4630,0.03492813
4631,0.1629739
4632,0.03660525
4633,0.04451975
4634,0.1226277
4635,-0.03934029
4636,0.1711418
4637,0.2670232
4638,0.08875387
4639,0.1014125
4640,-0.01722118
4641,-0.02994946
4642,0.04839801
4643,0.1719081
4644,0.1402898
4645,-0.04638397
4646,-0.03641812
4647,0.2090267
4648,0.0755764
4649,0.09818762
4650,0.06869277
4651,0.1816361
4652,-0.1418985
4653,-0.05010271
4654,-0.1238951
4655,0.06574436
4656,-0.05792045
4657,-0.1635952
4658,-0.2406662
4659,0.1042827
4660,0.1416155
4661,-0.1991039
4662,-0.05058502
4663,0.189984
4664,0.00897563
4665,-0.009345435
4666,-0.08456885
4667,0.1376877
4668,0.1010072
4669,-0.1005429
4670,0.126789
4671,-0.05944936
4672,-0.01207949
4673,0.1242435
4674,-0.1377093
4675,-0.06147787
4676,-0.01045608
4677,-0.1004256
4678,-0.007775809
4679,0.07890535
4680,0.152701
4681,-0.1385042
4682,0.09445985
4683,0.004143374
4684,0.07921542
4685,-0.04597206
4686,0.009127261
4687,-0.1029956
4688,0.03169693
4689,-0.06122655
4690,0.1949446
4691,0.05915325
4692,-0.05588586
4693,-0.1186313
4694,-0.06364136
4695,0.0585052
4696,-0.01292382
4697,0.1323587
4698,-0.05371081
4699,-0.0997126
4700,0.04532392
4701,0.02831574
4702,0.06446872
4703,-0.1788946
4704,0.03833465
4705,-0.07194758
4706,0.0003496961
4707,-0.1921654
4708,-0.1749184
4709,0.04073732
4710,-0.1379484
4711,-0.02777737
4712,0.08466808
4713,0.002013626
4714,-0.1396853
4715,-0.01021559
4716,0.05094161
4717,0.1108963
4718,0.02359481
4719,-0.1288206
4720,0.02074022
4721,0.09363839
4722,0.1224134
4723,-0.1453772
4724,-0.0542518
4725,0.1590305
4726,0.06962126
4727,0.09726622
4728,0.05013579
4729,-0.02444047
4730,0.04931991
4731,0.0265389
4732,0.1098017
4733,-0.06127512
4734,-0.01209844
4735,-0.03157256
4736,-0.01391765
4737,0.172212
4738,0.09133773
4739,0.1543738
4740,0.08157076
4741,-0.08338017
4742,-0.06988721
4743,-0.03351791
4744,0.05148977
4745,0.02246334
4746,0.02735518
4747,-0.01261566
4748,-0.1128928
4749,-0.1602686
4750,0.05050849
4751,-0.06225045
4752,0.02592894
4753,0.07630581
4754,-0.1374867
4755,-0.1335745
4756,0.0575998
4757,-0.1212319
4758,-0.002903819
4759,-0.02537378
4760,0.008173903
4761,-0.06310389
4762,0.106683
4763,-0.07463071
4764,0.2031897
4765,-0.06389919
4766,0.1238592
4767,-0.07118472
4768,-0.1276275
4769,0.04785677
4770,0.1314146
4771,0.05052788
4772,-0.05285417
4773,0.0003281208
4774,0.1314506
4775,-0.2731043
4776,0.0368701
4777,0.09084328
4778,-0.02251644
4779,0.1395941
4780,0.09522711
4781,-0.02365592
4782,0.01003674
4783,0.1060796
4784,-0.04180333
4785,-0.04963804
4786,0.0216653
4787,0.08425769
4788,0.08977119
4789,-0.001256642
4790,-0.06384781
4791,0.004471121
4792,0.1393142
4793,0.3626575
4794,-0.095236
4795,-0.1424978
4796,0.08166103
4797,0.1071087
4798,0.1852597
4799,-0.09747164
4800,-0.03976903
4801,-0.07208225
4802,0.1847298
4803,0.03294105
4804,0.0262051
4805,0.07820093
4806,0.006768572
4807,0.06534456
4808,0.1678593
4809,-0.1284739
4810,-0.06050164
4811,0.09527121
4812,0.03724526
4813,-0.0001176058
4814,-0.00110457
4815,-0.117481
4816,-0.004941241
4817,-0.2207545
4818,-0.04743117
4819,0.05501817
4820,0.06064327
4821,-0.1886085
4822,0.255261
4823,0.01733595
4824,0.01976153
4825,-0.007671145
4826,-0.0784838
4827,-0.06121381
4828,0.03888352
4829,-0.02849181
4830,0.1855099
4831,0.1574761
4832,0.1028582
4833,0.01851978
4834,0.07604356
4835,0.04949804
4836,-0.09019799
4837,-0.08622823
4838,-0.1227007
4839,-0.00189029
4840,0.2302157
4841,0.150047
4842,0.212232
4843,-0.05117304
4844,-0.02047986
4845,-0.03019616
4846,0.166272
4847,0.1759526
4848,-0.2931028
4849,0.0220013
4850,-0.07305046
4851,-0.1501932
4852,0.03814617
4853,-0.1335744
4854,-0.04230389
4855,0.006725221
4856,-0.07388475
4857,0.07891834
4858,-0.0489496
4859,0.2464475
4860,-0.07991661
4861,-0.1010974
4862,-0.1307164
4863,0.05203792
4864,-0.04490913
4865,-0.01572555
4866,-0.1047572
4867,0.006005065
4868,-0.007329963
4869,-0.0447408
4870,0.1516355
4871,-0.05928582
4872,0.09974669
4873,0.06290807
4874,-0.01149641
4875,0.1074603
4876,0.1603583
4877,0.005727354
4878,0.1394715
4879,-0.03807236
4880,-0.01085659
4881,0.04760376
4882,-0.2421682
4883,0.1169315
4884,-0.09124514
4885,-0.03751188
4886,-0.1016025
4887,0.02702673
4888,-0.08435584
4889,0.2757162
4890,-0.03463006
4891,-0.01967142
4892,-0.05325016
4893,-0.06046277
4894,0.01107782
4895,-0.07290621
4896,0.1710236
4897,0.1369122
4898,0.06826107
4899,0.1373279
4900,0.2234338
4901,-0.2067831
4902,-0.1636529
4903,-0.1530015
4904,-0.04186812
4905,0.06368554
4906,0.001452498
4907,-0.05028347
4908,0.2769765
4909,0.1725597
4910,-0.1752453
4911,-0.133804
4912,0.1048672
4913,-0.1757779
4914,0.1394062
4915,-0.1069086
4916,0.01824234
4917,0.03876992
4918,-0.2062163
4919,0.04526642
4920,0.0245541
4921,0.01881851
4922,0.04071956
4923,-0.2091735
4924,0.05959998
4925,-0.03172603
4926,-0.09143528
4927,0.1920822
4928,0.1027311
4929,-0.09977257
4930,-0.07894435
4931,0.07794822
4932,-0.08569488
4933,0.2036425
4934,-0.05705488
4935,-0.134033
4936,-0.1891158
4937,0.1107059
4938,-0.02126221
4939,-0.1010641
4940,-0.1518805
4941,-0.1886759
4942,0.156992
4943,-0.1767469
4944,0.1214837
4945,-0.2024438
4946,-0.04265136
4947,0.1772957
4948,-0.03282327
4949,-0.04080004
4950,-0.111851
4951,-0.1636798
4952,-0.06849927
4953,-0.2760609
4954,0.1426742
4955,0.1782082
4956,0.008420382
4957,-0.1730802
4958,0.1935417
4959,-0.1481388
4960,-0.04457781
4961,-0.04318916
4962,0.1497191
4963,-0.02476081
4964,-0.03506567
4965,0.00724989
4966,0.04314461
4967,0.01756072
4968,0.1466614
4969,-0.02273069
4970,0.2036752
4971,0.01553534
4972,0.1161378
4973,0.02602927
4974,0.06535355
4975,0.06802168
4976,-0.1103324
4977,-0.02298005
4978,0.2095135
4979,0.07520367
4980,-0.02911571
4981,-0.02295943
4982,-0.03986259
4983,-0.1859514
4984,-0.05489771
4985,-0.008904089
4986,0.03223942
4987,-0.1066286
4988,0.2487815
4989,-0.1525781
4990,-0.005198517
4991,-0.005085046
4992,-0.1158064
4993,-0.1740338
4994,-0.1590024
4995,-0.0358316
4996,-0.04062598
4997,0.1425729
4998,0.007312072
4999,0.06572468
