0.30613,0.25424,0.22983,0.13316,0.4594,0.49638,0.43227,0.3337,0.32091,0.1126,0.16762,0.27191,0.23189
0.32289,0.29162,0.22892,0.1231,0.43377,0.50518,0.42,0.32512,0.32551,0.16778,0.17179,0.27012,0.23546
0.33395,0.33214,0.2223,0.13703,0.40717,0.49271,0.40217,0.31439,0.3272,0.22266,0.20284,0.26423,0.24099
0.33459,0.34608,0.2054,0.19021,0.39311,0.45648,0.38266,0.3042,0.32225,0.24584,0.24634,0.25433,0.23465
0.33356,0.32342,0.18727,0.25003,0.3814,0.43994,0.36015,0.29666,0.31635,0.25289,0.26917,0.2486,0.2085
0.32686,0.26869,0.18743,0.27922,0.36523,0.466,0.33719,0.29614,0.317,0.26269,0.26596,0.25426,0.18766
0.31166,0.21563,0.21647,0.28467,0.35589,0.50125,0.32613,0.30468,0.32504,0.27586,0.24755,0.26433,0.18872
0.29862,0.20747,0.25839,0.28734,0.36163,0.51113,0.34372,0.31814,0.33404,0.28759,0.21866,0.26652,0.18783
0.291,0.23935,0.27703,0.28512,0.37914,0.4992,0.38163,0.32404,0.33359,0.29624,0.18925,0.26052,0.182
0.28069,0.27095,0.26114,0.28562,0.40573,0.48456,0.39704,0.31561,0.32139,0.30126,0.18803,0.25609,0.19867
0.271,0.28436,0.23772,0.30917,0.43236,0.47461,0.37414,0.30709,0.31351,0.30297,0.22709,0.25837,0.2315
0.27663,0.28414,0.22206,0.34268,0.44125,0.46145,0.35561,0.31258,0.32408,0.30365,0.27346,0.26259,0.25364
0.30005,0.27339,0.20487,0.35687,0.43146,0.43524,0.37136,0.32097,0.34435,0.30563,0.29606,0.26236,0.26395
0.32617,0.25881,0.19467,0.3482,0.42292,0.40059,0.39314,0.31855,0.36547,0.30834,0.30091,0.25851,0.27375
0.33838,0.25856,0.21204,0.32426,0.4248,0.37818,0.39,0.31473,0.39825,0.31116,0.30122,0.2578,0.28598
0.33039,0.2925,0.24483,0.28919,0.42386,0.38349,0.37122,0.31922,0.44273,0.31742,0.29895,0.26268,0.29911
0.31219,0.35537,0.2653,0.25959,0.41347,0.40601,0.35786,0.32179,0.46923,0.32933,0.29538,0.26556,0.31237
0.306,0.40985,0.27755,0.25761,0.41015,0.42284,0.34954,0.31331,0.46215,0.34458,0.29161,0.25878,0.32407
0.31844,0.43102,0.30156,0.28353,0.42703,0.42914,0.32891,0.29499,0.444,0.36097,0.28626,0.24796,0.32995
0.32834,0.43392,0.32871,0.31408,0.44912,0.43976,0.29662,0.26544,0.42833,0.37757,0.28196,0.24673,0.32704
0.32409,0.43538,0.328,0.32741,0.44638,0.45968,0.28045,0.23186,0.40297,0.39173,0.28191,0.25886,0.31785
0.32476,0.42787,0.29054,0.32625,0.40799,0.46841,0.28516,0.21718,0.37359,0.40049,0.2797,0.27429,0.30764
0.342,0.40594,0.24835,0.33192,0.36236,0.44406,0.27907,0.22926,0.36024,0.40622,0.27117,0.28385,0.29965
0.35502,0.37916,0.2422,0.3562,0.3456,0.38929,0.25023,0.25076,0.35504,0.41782,0.26985,0.28848,0.29446
0.34856,0.35878,0.27094,0.38975,0.3517,0.32919,0.22429,0.26461,0.34525,0.43943,0.28642,0.29213,0.29105
0.34668,0.35344,0.29291,0.41532,0.34727,0.29091,0.22395,0.26503,0.34768,0.46635,0.30799,0.29521,0.29034
0.37342,0.35982,0.28758,0.42037,0.32671,0.27779,0.2421,0.26159,0.36592,0.49547,0.31883,0.29756,0.29688
0.40927,0.36092,0.27603,0.39825,0.317,0.26967,0.26044,0.27442,0.3674,0.51761,0.31905,0.29999,0.31208
0.4237,0.35413,0.27306,0.35759,0.33454,0.25616,0.27246,0.30518,0.33958,0.51253,0.31469,0.30181,0.33155
0.41754,0.35604,0.2676,0.32564,0.3641,0.24792,0.27232,0.33431,0.31413,0.48075,0.31249,0.30201,0.35133
0.41497,0.36807,0.25778,0.30795,0.3843,0.25065,0.25561,0.34826,0.31847,0.45207,0.33174,0.30133,0.36758
0.43737,0.37549,0.26984,0.27942,0.39126,0.24953,0.23759,0.34317,0.34267,0.44623,0.39908,0.30075,0.37219
0.47777,0.3797,0.32279,0.24464,0.39104,0.23853,0.2312,0.3207,0.36168,0.45268,0.50572,0.29998,0.36477
0.49498,0.38779,0.39305,0.23664,0.39085,0.24312,0.22698,0.29635,0.36411,0.44645,0.58892,0.29823,0.36553
0.45921,0.388,0.44006,0.25401,0.39814,0.2708,0.22331,0.28869,0.35435,0.41274,0.59128,0.29562,0.39117
0.39947,0.37339,0.45006,0.26515,0.41543,0.28743,0.23988,0.29814,0.34477,0.36686,0.52205,0.29416,0.42571
0.37521,0.35572,0.43479,0.25663,0.43773,0.28563,0.27707,0.30993,0.34478,0.34263,0.43999,0.29584,0.44408
0.40995,0.33774,0.41579,0.24714,0.4529,0.29806,0.29991,0.31085,0.35115,0.35167,0.39333,0.30066,0.44623
0.47326,0.31828,0.41691,0.2612,0.44657,0.33233,0.28862,0.30409,0.35463,0.3726,0.38246,0.30767,0.44664
0.51804,0.31877,0.43683,0.29283,0.42194,0.36447,0.26817,0.30989,0.34614,0.38403,0.37333,0.31464,0.45145
0.52934,0.36117,0.45227,0.30656,0.4027,0.37313,0.267,0.33869,0.32103,0.38495,0.34817,0.3182,0.4566
0.53008,0.43098,0.46766,0.28539,0.38796,0.35076,0.28349,0.37089,0.29973,0.38029,0.32418,0.31821,0.45502
0.53002,0.48001,0.49881,0.25724,0.33433,0.314,0.30425,0.37674,0.31027,0.36704,0.30568,0.31916,0.43975
0.50244,0.47272,0.52346,0.25099,0.2257,0.29067,0.32435,0.35264,0.33838,0.34046,0.26865,0.32628,0.41529
0.4409,0.42874,0.51641,0.26629,0.12122,0.27984,0.33961,0.33332,0.35139,0.30682,0.22491,0.34082,0.40714
0.39214,0.38645,0.48704,0.30121,0.091411,0.26435,0.34043,0.35321,0.35088,0.28219,0.22663,0.35727,0.4303
0.389,0.35449,0.45248,0.34396,0.13945,0.25137,0.31991,0.39979,0.35031,0.27192,0.28224,0.36673,0.46285
0.4032,0.34387,0.42416,0.36005,0.21248,0.25797,0.27629,0.43359,0.34305,0.26969,0.3476,0.36403,0.48117
0.39512,0.3741,0.41093,0.34563,0.26249,0.28298,0.22404,0.43804,0.32649,0.28532,0.39168,0.35282,0.48687
0.36259,0.42565,0.40451,0.32586,0.27265,0.31015,0.20161,0.4195,0.32299,0.32671,0.40953,0.34393,0.48962
0.33153,0.46468,0.38366,0.30022,0.24405,0.32779,0.22755,0.38553,0.34762,0.36374,0.40831,0.34272,0.49776
0.31717,0.48667,0.34834,0.27511,0.19307,0.34594,0.27397,0.35488,0.3765,0.36605,0.41042,0.3459,0.51399
0.30778,0.4894,0.32598,0.28654,0.15703,0.37406,0.31305,0.35404,0.38151,0.33937,0.43735,0.35525,0.52778
0.29813,0.46476,0.33563,0.3327,0.16763,0.39645,0.33833,0.37735,0.37246,0.30058,0.48068,0.37482,0.53066
0.30047,0.42768,0.37697,0.3675,0.21897,0.39255,0.34758,0.3941,0.3729,0.26416,0.50393,0.39387,0.52855
0.31035,0.40316,0.4467,0.3693,0.27458,0.35808,0.3509,0.39375,0.38254,0.24645,0.48757,0.39325,0.52501
0.31087,0.39672,0.52512,0.35493,0.30014,0.31231,0.36015,0.37996,0.38558,0.25843,0.45262,0.36721,0.51653
0.30634,0.39827,0.56624,0.34267,0.29331,0.29037,0.36387,0.3527,0.37684,0.29548,0.42345,0.32453,0.5094
0.31363,0.39909,0.53961,0.33456,0.27849,0.30192,0.3514,0.32355,0.36468,0.33273,0.40558,0.2805,0.51565
0.33186,0.39808,0.47109,0.32536,0.26886,0.31181,0.33515,0.31122,0.35575,0.34721,0.39554,0.25747,0.53413
0.34526,0.39996,0.41467,0.31334,0.25885,0.29045,0.32608,0.31555,0.34958,0.34448,0.38144,0.27155,0.55301
0.34717,0.41125,0.39381,0.30034,0.25161,0.25555,0.32182,0.31666,0.34404,0.34469,0.35779,0.32044,0.56487
0.34345,0.42991,0.38836,0.28979,0.25429,0.23708,0.32074,0.3012,0.33807,0.35257,0.33838,0.39136,0.56766
0.33913,0.44252,0.37008,0.28638,0.25354,0.23737,0.31696,0.27943,0.33336,0.35179,0.33328,0.4604,0.55783
0.33484,0.44127,0.34344,0.2902,0.22677,0.24629,0.29734,0.26694,0.3342,0.33357,0.33482,0.49791,0.53577
0.32968,0.42953,0.33268,0.29428,0.17725,0.26441,0.26409,0.26217,0.34161,0.31521,0.33305,0.49643,0.50985
0.32073,0.41235,0.33663,0.29152,0.14494,0.29374,0.2369,0.25472,0.34756,0.3046,0.32591,0.47687,0.48789
0.30828,0.39808,0.33987,0.28144,0.1617,0.31726,0.22913,0.24338,0.33963,0.28749,0.31685,0.46318,0.47542
0.30053,0.39326,0.34293,0.2714,0.2062,0.31261,0.23688,0.23597,0.31764,0.27031,0.31402,0.4631,0.47817
0.30474,0.38986,0.34906,0.27115,0.23669,0.28716,0.24447,0.23657,0.29853,0.27516,0.3245,0.46986,0.49329
0.3193,0.37612,0.35261,0.28266,0.24167,0.27474,0.24055,0.24236,0.29502,0.29654,0.3436,0.47414,0.50785
0.3347,0.35389,0.34818,0.29858,0.23648,0.2954,0.22657,0.25013,0.30119,0.31071,0.36149,0.47374,0.51423
0.33764,0.33401,0.33764,0.31217,0.24335,0.33086,0.21092,0.25452,0.30589,0.3076,0.37682,0.47212,0.51695
0.32242,0.31966,0.33058,0.32344,0.27074,0.34823,0.20961,0.2532,0.30689,0.28983,0.38875,0.46888,0.52166
0.29751,0.30537,0.33249,0.33409,0.30078,0.33614,0.23102,0.25806,0.30708,0.26315,0.38903,0.4598,0.52686
0.26778,0.29653,0.3367,0.34058,0.31904,0.30329,0.25045,0.27555,0.30636,0.24696,0.37839,0.44795,0.52928
0.22219,0.30855,0.33854,0.33623,0.33356,0.26399,0.23465,0.28623,0.30534,0.26549,0.37352,0.442,0.53083
0.15936,0.33611,0.34354,0.31932,0.34826,0.23137,0.19389,0.27322,0.31273,0.30835,0.38569,0.44226,0.53503
0.10711,0.3527,0.35414,0.29988,0.35568,0.20771,0.17769,0.2508,0.33251,0.33899,0.40683,0.44102,0.53982
0.099982,0.34449,0.36434,0.29459,0.35014,0.19227,0.2077,0.24178,0.34831,0.34629,0.4214,0.43345,0.54061
0.14694,0.31526,0.37212,0.30317,0.32819,0.19431,0.24966,0.24941,0.34477,0.34582,0.41924,0.41918,0.5365
0.21742,0.27372,0.38553,0.30579,0.2972,0.21583,0.26919,0.26375,0.33135,0.34614,0.40074,0.40028,0.52979
0.26503,0.24564,0.40684,0.29736,0.27511,0.24026,0.26948,0.27628,0.32259,0.34511,0.38203,0.38551,0.52434
0.2737,0.26288,0.41889,0.29145,0.26725,0.25657,0.26505,0.28248,0.31693,0.3417,0.37939,0.3828,0.52588
0.25886,0.31839,0.40549,0.29219,0.26478,0.26638,0.25992,0.28134,0.30698,0.33563,0.38215,0.38379,0.5361
0.23727,0.37034,0.37704,0.29596,0.26357,0.26174,0.2539,0.27683,0.29197,0.32684,0.37167,0.37684,0.54166
0.21893,0.39239,0.35656,0.30437,0.26761,0.23937,0.25045,0.27619,0.27748,0.31824,0.35672,0.36814,0.52335
0.20091,0.38787,0.35013,0.31979,0.27991,0.22443,0.25671,0.28301,0.26948,0.3101,0.35271,0.36815,0.4835
0.18277,0.36233,0.34927,0.34105,0.2959,0.23331,0.27313,0.29262,0.26884,0.29762,0.35045,0.37556,0.44431
0.18831,0.31,0.35306,0.36073,0.30678,0.24828,0.28398,0.29796,0.27074,0.2829,0.33315,0.38865,0.41971
0.21778,0.23551,0.36477,0.36935,0.30652,0.25649,0.2748,0.29891,0.27019,0.278,0.30237,0.40853,0.40867
0.22981,0.16633,0.37732,0.37209,0.29584,0.26665,0.25667,0.30158,0.26988,0.28684,0.27812,0.42573,0.40527
0.20911,0.12497,0.38443,0.38808,0.28442,0.27987,0.25406,0.30834,0.28247,0.29594,0.28138,0.42754,0.40252
0.18078,0.12096,0.392,0.41994,0.28018,0.28262,0.2781,0.31351,0.31319,0.29075,0.31234,0.4165,0.39685
0.16441,0.1653,0.40462,0.44262,0.27494,0.27098,0.32222,0.31301,0.34339,0.27019,0.34686,0.4039,0.39304
0.15316,0.23213,0.4121,0.43469,0.25561,0.25826,0.36783,0.31251,0.35811,0.24386,0.35839,0.39587,0.40007
0.1305,0.25641,0.40287,0.4022,0.231,0.25172,0.39147,0.32099,0.36965,0.22425,0.33999,0.39673,0.42004
0.10376,0.22657,0.38382,0.37333,0.22813,0.24221,0.38039,0.3385,0.38976,0.21635,0.30805,0.40993,0.44149
0.1014,0.1933,0.36871,0.37405,0.25187,0.23037,0.3425,0.3547,0.42383,0.21487,0.28646,0.43083,0.44813
0.13475,0.17297,0.35598,0.39686,0.27799,0.23475,0.2925,0.36388,0.48181,0.21819,0.28442,0.44661,0.43604
0.17952,0.14029,0.33232,0.41312,0.29414,0.25882,0.23391,0.37295,0.54923,0.23051,0.292,0.4416,0.4171
0.19504,0.11063,0.29369,0.41424,0.3103,0.28415,0.17675,0.3871,0.59781,0.24515,0.29598,0.41173,0.40359
0.16275,0.13537,0.25949,0.40844,0.33129,0.29914,0.15544,0.39785,0.62951,0.24682,0.29546,0.377,0.39538
0.10152,0.20452,0.25644,0.39518,0.34421,0.30593,0.18481,0.39407,0.6539,0.23795,0.29878,0.36035,0.38617
0.046511,0.23697,0.28297,0.36371,0.33823,0.3082,0.2281,0.38386,0.66069,0.23637,0.30727,0.36014,0.3757
0.028772,0.19161,0.30875,0.31088,0.33058,0.30517,0.2499,0.3915,0.63991,0.24402,0.31785,0.36081,0.36996
0.067506,0.12893,0.31816,0.25783,0.34645,0.29223,0.262,0.41951,0.59209,0.25609,0.33064,0.362,0.37402
0.1506,0.13079,0.31732,0.22525,0.38219,0.27083,0.29183,0.44017,0.52856,0.28453,0.3344,0.37368,0.38709
0.23129,0.18947,0.29913,0.21491,0.41699,0.25235,0.33142,0.44282,0.4758,0.33653,0.31636,0.38126,0.39978
0.27869,0.23602,0.26217,0.24383,0.42795,0.2453,0.34603,0.44887,0.45475,0.39281,0.29023,0.36141,0.39991
0.29964,0.25104,0.24196,0.3227,0.39652,0.24577,0.33344,0.46925,0.44512,0.42651,0.28015,0.3328,0.38429
0.29135,0.25249,0.26421,0.40326,0.34561,0.24345,0.3291,0.49646,0.40401,0.4432,0.29367,0.33333,0.36019
0.23817,0.23289,0.30228,0.43132,0.32173,0.23679,0.34627,0.53319,0.33964,0.47187,0.31618,0.36724,0.33816
0.16548,0.1942,0.31136,0.41689,0.31763,0.23641,0.36011,0.57297,0.31773,0.4956,0.31758,0.4098,0.32772
0.12674,0.15975,0.28134,0.40425,0.29754,0.24858,0.35113,0.58247,0.37362,0.46774,0.28894,0.42938,0.33422
0.12517,0.13014,0.24979,0.40571,0.28032,0.26691,0.33195,0.54644,0.45677,0.40995,0.26259,0.40839,0.35129
0.11367,0.09993,0.25907,0.39811,0.30208,0.27848,0.3271,0.48581,0.4772,0.38868,0.26656,0.36932,0.36274
0.088645,0.089941,0.30397,0.36918,0.34112,0.27103,0.34099,0.42977,0.40514,0.40293,0.29167,0.3537,0.36545
0.10517,0.12266,0.34823,0.33468,0.35198,0.24477,0.3561,0.39434,0.31032,0.39834,0.32099,0.37288,0.37485
0.17425,0.17961,0.37523,0.31988,0.32696,0.21711,0.36865,0.37217,0.27825,0.3716,0.35233,0.40401,0.39623
0.22548,0.20956,0.38616,0.33235,0.28413,0.20919,0.40178,0.3598,0.31344,0.36684,0.3805,0.41864,0.41488
0.21249,0.20133,0.37302,0.34867,0.23636,0.22603,0.4429,0.37043,0.36082,0.39377,0.38857,0.4072,0.41927
0.18802,0.2116,0.33705,0.34431,0.20067,0.25098,0.43278,0.39406,0.38047,0.4208,0.37133,0.38389,0.41459
0.21786,0.27576,0.31369,0.32304,0.19933,0.26651,0.37433,0.40515,0.36472,0.42288,0.35041,0.36383,0.41339
0.2834,0.3429,0.32078,0.30318,0.22868,0.26855,0.34133,0.39533,0.32907,0.39489,0.3453,0.3485,0.422
0.33125,0.35327,0.31771,0.29341,0.26261,0.25818,0.35402,0.36794,0.30308,0.33798,0.34738,0.33745,0.43341
0.35444,0.32338,0.28352,0.28595,0.28547,0.24807,0.36269,0.34722,0.3013,0.27328,0.34455,0.33042,0.42492
0.3726,0.30944,0.25834,0.26976,0.28986,0.26055,0.33818,0.35965,0.31561,0.25017,0.33975,0.32097,0.37915
0.38649,0.33561,0.26218,0.24757,0.26337,0.29328,0.2966,0.37781,0.33314,0.28402,0.33619,0.31019,0.31794
0.3871,0.38154,0.27483,0.23258,0.20636,0.31983,0.26441,0.35692,0.34131,0.32575,0.33897,0.3169,0.28477
0.37779,0.4132,0.29031,0.23325,0.15299,0.32496,0.25337,0.31399,0.34014,0.33784,0.35222,0.34543,0.29379
0.3709,0.41395,0.3072,0.24578,0.14518,0.31187,0.242,0.29359,0.35133,0.33616,0.36005,0.36096,0.32616
0.37262,0.39058,0.30609,0.26103,0.18148,0.29494,0.20679,0.29375,0.38553,0.34255,0.3553,0.33971,0.35788
0.37786,0.36233,0.28015,0.27411,0.22273,0.28979,0.18509,0.28294,0.41945,0.35301,0.36777,0.30847,0.36996
0.38002,0.34719,0.24879,0.28257,0.24412,0.29878,0.22076,0.25629,0.42785,0.35289,0.41051,0.29582,0.35721
0.37897,0.3484,0.22704,0.28635,0.25122,0.31433,0.27402,0.23555,0.41241,0.34074,0.44344,0.29553,0.34074
0.38374,0.35584,0.20631,0.28617,0.25596,0.32965,0.28443,0.2306,0.38536,0.33456,0.43186,0.28686,0.3421
0.41574,0.35977,0.17988,0.26999,0.26099,0.34227,0.25839,0.23619,0.35254,0.34855,0.39534,0.25457,0.35464
0.47922,0.35576,0.1682,0.23299,0.26254,0.35291,0.23586,0.25144,0.3208,0.37616,0.37666,0.21621,0.36929
0.52528,0.34227,0.18181,0.20707,0.25981,0.35776,0.23681,0.26846,0.30008,0.40638,0.39353,0.21972,0.38393
0.50618,0.32246,0.18401,0.20559,0.25856,0.35248,0.25425,0.2715,0.29604,0.4263,0.42696,0.27224,0.38636
0.4476,0.30468,0.14326,0.18543,0.26171,0.34503,0.26582,0.26342,0.30618,0.4166,0.44567,0.31772,0.37801
0.40564,0.29731,0.095072,0.14488,0.26028,0.34465,0.25993,0.26087,0.31939,0.39252,0.44957,0.31003,0.37879
0.39586,0.30684,0.10113,0.1561,0.23846,0.34424,0.24791,0.26783,0.32522,0.40323,0.46695,0.2655,0.38991
0.39861,0.3319,0.16772,0.23746,0.20101,0.33376,0.23977,0.27187,0.32456,0.45072,0.49354,0.23787,0.3967
0.39186,0.3554,0.24456,0.31855,0.18816,0.31865,0.23776,0.26049,0.3234,0.48764,0.49492,0.25803,0.39638
0.36955,0.36223,0.29255,0.34787,0.22349,0.30901,0.2505,0.23829,0.32046,0.49262,0.47585,0.30701,0.39652
0.34266,0.35358,0.31818,0.33648,0.27099,0.30535,0.27633,0.22835,0.31225,0.47054,0.46684,0.34455,0.40734
0.3207,0.3305,0.34392,0.31533,0.28867,0.30284,0.29369,0.24892,0.30514,0.42424,0.45783,0.35345,0.43455
0.29974,0.29219,0.37106,0.30442,0.28064,0.30102,0.28619,0.28977,0.30665,0.3701,0.42212,0.35496,0.46654
0.27875,0.25098,0.38094,0.30385,0.27088,0.30646,0.25873,0.32222,0.3134,0.3253,0.37332,0.3684,0.48953
0.26636,0.23372,0.3554,0.29995,0.2685,0.3198,0.23127,0.32968,0.32191,0.28304,0.34447,0.38125,0.50464
0.25958,0.25981,0.29002,0.28645,0.26706,0.3264,0.22061,0.32103,0.33662,0.24897,0.34776,0.38554,0.514
0.24631,0.30169,0.21248,0.27168,0.26027,0.31938,0.22259,0.31427,0.35582,0.26022,0.37212,0.39196,0.51287
0.23006,0.30117,0.1808,0.26632,0.25482,0.31353,0.21979,0.31344,0.36614,0.3265,0.38772,0.39887,0.48818
0.22516,0.24956,0.22399,0.27315,0.26087,0.31905,0.21081,0.31116,0.36047,0.39719,0.3673,0.3966,0.43822
0.23508,0.20453,0.29579,0.28557,0.27331,0.32849,0.21448,0.30482,0.3455,0.41498,0.32459,0.39142,0.39768
0.24893,0.2138,0.33103,0.29529,0.27747,0.33032,0.23786,0.29629,0.33015,0.37444,0.29753,0.39647,0.38842
0.25826,0.26177,0.32667,0.30143,0.27044,0.31976,0.26355,0.28588,0.3201,0.31748,0.29204,0.40787,0.38951
0.26741,0.3039,0.31755,0.30692,0.26235,0.3057,0.2757,0.27643,0.31822,0.28835,0.29499,0.40336,0.3906
0.2816,0.31714,0.30908,0.3117,0.25612,0.30007,0.27481,0.27359,0.32267,0.29579,0.30925,0.37201,0.39314
0.29838,0.29716,0.28788,0.31488,0.2427,0.30174,0.26478,0.27615,0.32984,0.3135,0.32478,0.33545,0.3814
0.30965,0.25094,0.26159,0.316,0.22193,0.30451,0.24959,0.27293,0.33741,0.31754,0.32641,0.32086,0.35861
0.30367,0.20886,0.25003,0.31241,0.21011,0.30746,0.24298,0.25658,0.34256,0.31398,0.33376,0.32673,0.35745
0.27963,0.20593,0.25586,0.30111,0.21826,0.31087,0.25701,0.2386,0.34338,0.32177,0.36119,0.3353,0.38507
0.26187,0.24578,0.25687,0.28794,0.23711,0.31257,0.28169,0.23846,0.34099,0.34013,0.38959,0.34116,0.40472
0.27227,0.29733,0.23411,0.28945,0.25145,0.30929,0.29557,0.25626,0.33667,0.35191,0.40761,0.34936,0.39049
0.29266,0.32681,0.20618,0.31043,0.25792,0.30077,0.29355,0.27275,0.33033,0.35326,0.42334,0.35919,0.367
0.28695,0.32399,0.20268,0.33284,0.26114,0.29328,0.28846,0.27721,0.32351,0.35459,0.44073,0.36453,0.36817
0.24624,0.28897,0.21313,0.34369,0.26489,0.29456,0.28888,0.27709,0.31936,0.35875,0.45315,0.36556,0.39424
0.18685,0.22571,0.21043,0.34499,0.27349,0.30288,0.2906,0.27987,0.31879,0.35983,0.45244,0.37086,0.42905
0.13555,0.16931,0.20099,0.33882,0.28985,0.30632,0.28842,0.28248,0.32051,0.35806,0.43803,0.3858,0.45402
0.1245,0.16653,0.2065,0.33312,0.31069,0.29733,0.28349,0.28061,0.32393,0.36157,0.41831,0.40718,0.45402
0.15965,0.2155,0.21804,0.33699,0.32918,0.28493,0.27892,0.27447,0.32764,0.37321,0.40294,0.43167,0.43821
0.20656,0.27205,0.20562,0.33847,0.34017,0.28503,0.27557,0.26371,0.32802,0.38312,0.394,0.45567,0.4283
0.22758,0.30253,0.17268,0.3183,0.34131,0.29882,0.2716,0.24786,0.32358,0.37988,0.38748,0.47116,0.43131
0.21785,0.3021,0.16128,0.28814,0.32918,0.31231,0.26339,0.23221,0.31765,0.36682,0.38172,0.47965,0.44202
0.21061,0.28282,0.19086,0.28308,0.30621,0.31718,0.25208,0.22378,0.31425,0.35834,0.37753,0.49191,0.45501
0.23471,0.25948,0.2306,0.30659,0.29442,0.31878,0.24655,0.22142,0.31375,0.35918,0.37238,0.49926,0.4678
0.27265,0.2433,0.23526,0.32503,0.31173,0.32584,0.25028,0.22277,0.31332,0.35989,0.36573,0.47979,0.47942
0.29956,0.23817,0.19294,0.32227,0.34093,0.34082,0.25431,0.23626,0.30953,0.35126,0.36587,0.4376,0.48932
0.31828,0.23566,0.14871,0.31266,0.3542,0.35882,0.25018,0.26592,0.30063,0.33398,0.37599,0.39768,0.49724
0.32441,0.22811,0.15833,0.31101,0.34759,0.37427,0.23972,0.29953,0.29145,0.31562,0.38527,0.37214,0.4975
0.30525,0.23228,0.21473,0.32088,0.33674,0.38768,0.23265,0.32867,0.29349,0.30161,0.38639,0.35898,0.476
0.28093,0.26218,0.26721,0.33863,0.33626,0.40334,0.23748,0.35714,0.30863,0.29298,0.3827,0.35363,0.43293
0.28406,0.28509,0.28725,0.35809,0.34563,0.4209,0.25346,0.38219,0.32329,0.28577,0.37806,0.34893,0.40295
0.30951,0.27338,0.28133,0.37248,0.35537,0.43372,0.27404,0.38134,0.33391,0.27844,0.37632,0.3394,0.41474
0.32692,0.2616,0.28013,0.37624,0.36197,0.43796,0.29392,0.33227,0.35319,0.2878,0.3795,0.3313,0.44717
0.32431,0.27826,0.30556,0.37138,0.36782,0.43752,0.30674,0.25359,0.38102,0.32101,0.38067,0.33765,0.46547
0.31456,0.29362,0.33576,0.3656,0.371,0.43713,0.30369,0.19689,0.39878,0.34597,0.36987,0.35829,0.4667
0.30835,0.27451,0.34334,0.36302,0.36172,0.43872,0.2852,0.19109,0.38637,0.33998,0.34743,0.37844,0.46371
0.29738,0.2254,0.33603,0.36266,0.33762,0.4437,0.26523,0.22495,0.33928,0.32252,0.32819,0.38983,0.45915
0.27321,0.17752,0.32961,0.36084,0.31642,0.44959,0.25921,0.27001,0.28948,0.31385,0.32678,0.396,0.44789
0.25186,0.16215,0.32687,0.35423,0.31502,0.4512,0.27671,0.30439,0.27906,0.31325,0.33829,0.40114,0.43085
0.25703,0.18049,0.32934,0.34506,0.32888,0.45121,0.31291,0.32496,0.30465,0.31578,0.34708,0.40933,0.41771
0.27727,0.20721,0.3384,0.33757,0.34094,0.4559,0.34743,0.33486,0.33299,0.32418,0.34845,0.42673,0.41418
0.27742,0.22716,0.34983,0.32989,0.33454,0.45468,0.369,0.33895,0.34884,0.34622,0.34748,0.45415,0.41572
0.26167,0.24545,0.35958,0.31948,0.30699,0.4235,0.3865,0.35092,0.35524,0.37427,0.34819,0.48402,0.41606
0.26616,0.26109,0.36701,0.31049,0.27965,0.36461,0.40836,0.36971,0.3607,0.38339,0.35596,0.50765,0.41227
0.28638,0.26437,0.37093,0.30485,0.27163,0.31379,0.42995,0.37703,0.37401,0.37059,0.37818,0.52042,0.40475
0.286,0.26099,0.3686,0.29707,0.27077,0.27907,0.44094,0.37712,0.38786,0.36519,0.41035,0.52115,0.39672
0.27005,0.26347,0.35849,0.28712,0.25563,0.22478,0.43596,0.38829,0.38497,0.38295,0.43226,0.51275,0.38845
0.2774,0.26851,0.34226,0.28438,0.23199,0.15853,0.42249,0.40898,0.36834,0.41003,0.42927,0.50184,0.37642
0.31367,0.26793,0.32281,0.28962,0.22288,0.14346,0.41592,0.43598,0.34502,0.43795,0.41043,0.49389,0.35916
0.34965,0.26333,0.3033,0.28961,0.22809,0.17911,0.42054,0.47674,0.29286,0.46282,0.40105,0.49036,0.3399
0.36714,0.26051,0.28932,0.27783,0.22185,0.19315,0.42783,0.52107,0.20158,0.45295,0.41531,0.48989,0.32915
0.36764,0.26305,0.28334,0.2608,0.1929,0.16285,0.43856,0.54539,0.12565,0.38459,0.42974,0.49015,0.33793
0.35768,0.27008,0.28014,0.24441,0.15606,0.12478,0.46076,0.54837,0.13307,0.30227,0.4083,0.49018,0.362
0.34493,0.27736,0.27932,0.23858,0.12618,0.10743,0.48559,0.54478,0.21416,0.27321,0.36641,0.48742,0.3845
0.33269,0.28561,0.28819,0.25877,0.10958,0.12116,0.49851,0.53497,0.29922,0.29765,0.35813,0.46953,0.39412
0.31834,0.29788,0.30516,0.29584,0.11676,0.15177,0.50045,0.51199,0.35196,0.32533,0.39297,0.42273,0.39092
0.30649,0.29489,0.32145,0.32,0.16149,0.17579,0.4879,0.48485,0.38575,0.33698,0.41943,0.3574,0.38018
0.30864,0.24108,0.33276,0.33128,0.23811,0.20819,0.44138,0.47176,0.40755,0.35494,0.38915,0.30794,0.36804
0.32532,0.14886,0.33257,0.34949,0.31406,0.26584,0.35743,0.47556,0.40206,0.38768,0.31158,0.29642,0.36081
0.34525,0.10102,0.3167,0.36437,0.35905,0.31,0.26785,0.4775,0.36597,0.40964,0.24349,0.31174,0.36186
0.35821,0.16273,0.29582,0.35727,0.36932,0.29918,0.21308,0.45671,0.32791,0.39992,0.2284,0.32835,0.36832
0.36157,0.29782,0.28239,0.33906,0.3619,0.24816,0.20175,0.40767,0.32078,0.37654,0.26355,0.33304,0.37416
0.35989,0.41382,0.27741,0.32741,0.35089,0.19787,0.20785,0.331,0.34268,0.3788,0.32533,0.33141,0.37594
0.35767,0.46221,0.27423,0.32389,0.33312,0.17704,0.21722,0.22606,0.36512,0.41476,0.38687,0.33361,0.37417
0.35676,0.45726,0.26865,0.32538,0.31335,0.19389,0.24681,0.11407,0.37327,0.44328,0.41379,0.34069,0.37163
0.36287,0.43243,0.26885,0.32949,0.31655,0.23762,0.29356,0.038712,0.37944,0.42994,0.39858,0.34574,0.37125
0.38337,0.41146,0.28169,0.33081,0.34381,0.29338,0.31423,0.022276,0.39195,0.39183,0.37936,0.3442,0.37522
0.41439,0.39794,0.28895,0.3268,0.36153,0.34033,0.28844,0.042885,0.39111,0.35926,0.37502,0.34204,0.38482
0.43632,0.38225,0.26251,0.31991,0.35478,0.33657,0.25738,0.061425,0.36333,0.33675,0.3567,0.34894,0.40023
0.43512,0.36519,0.20942,0.31112,0.34187,0.25605,0.27523,0.068356,0.32896,0.31911,0.31685,0.36319,0.42124
0.4214,0.36242,0.17834,0.30154,0.33507,0.14104,0.336,0.085526,0.31287,0.30675,0.29566,0.37561,0.4436
0.40626,0.37409,0.19936,0.29692,0.33023,0.072473,0.37709,0.12053,0.31969,0.30102,0.32236,0.38487,0.45621
0.38249,0.36679,0.24613,0.30209,0.32456,0.096181,0.37045,0.16586,0.33853,0.30146,0.38093,0.39502,0.45654
0.35422,0.32265,0.27975,0.31266,0.31819,0.19592,0.35456,0.2157,0.35401,0.30754,0.43571,0.40476,0.45743
0.34284,0.28551,0.28919,0.31288,0.31011,0.31199,0.35773,0.24659,0.36018,0.32212,0.46681,0.4106,0.46425
0.35235,0.29723,0.28125,0.28935,0.30134,0.38701,0.36503,0.2386,0.36425,0.35143,0.47612,0.41205,0.46931
0.36802,0.33238,0.26588,0.25162,0.2913,0.41048,0.36925,0.21662,0.36775,0.39471,0.46936,0.40729,0.46668
0.37782,0.35654,0.25217,0.21954,0.27691,0.40651,0.38833,0.22709,0.35555,0.43893,0.45054,0.39347,0.45524
0.3757,0.37518,0.24466,0.19237,0.26471,0.39179,0.41859,0.28911,0.32541,0.47571,0.4281,0.37393,0.44772
0.36369,0.39078,0.241,0.16496,0.26578,0.36985,0.41774,0.37643,0.3037,0.50528,0.41152,0.35703,0.46827
0.34532,0.3914,0.23591,0.15855,0.27397,0.34765,0.37204,0.44166,0.30878,0.51054,0.4118,0.35047,0.51435
0.31422,0.38413,0.22519,0.18501,0.27116,0.3355,0.32775,0.45927,0.33544,0.47003,0.43378,0.36062,0.55028
0.28102,0.38198,0.20172,0.20672,0.25038,0.33503,0.29898,0.43737,0.37293,0.40278,0.45788,0.39109,0.54862
0.28512,0.37422,0.16701,0.19293,0.22046,0.33573,0.24114,0.40151,0.40569,0.34922,0.46332,0.44286,0.50728
0.33667,0.3452,0.14775,0.17989,0.19356,0.32967,0.16551,0.37705,0.419,0.32756,0.46153,0.50951,0.44248
0.39601,0.30773,0.16252,0.21116,0.17644,0.32426,0.14264,0.36521,0.41305,0.3371,0.47021,0.56105,0.37872
0.43132,0.29449,0.1885,0.26363,0.18041,0.32748,0.17564,0.33751,0.39588,0.35509,0.48193,0.56086,0.32438
0.44189,0.32188,0.20105,0.28936,0.21796,0.33445,0.20055,0.26982,0.37823,0.34931,0.48461,0.51273,0.27638
0.43442,0.37561,0.20889,0.28309,0.2687,0.33962,0.18983,0.17939,0.37577,0.33314,0.4853,0.45094,0.24358
0.41647,0.42672,0.22439,0.26943,0.28864,0.34489,0.16982,0.13087,0.39729,0.33852,0.49593,0.3932,0.23556
0.40259,0.45503,0.2418,0.2632,0.26952,0.35315,0.17515,0.17851,0.42937,0.35568,0.51254,0.35067,0.26104
0.40548,0.46446,0.25605,0.26201,0.24281,0.35868,0.21525,0.27611,0.43943,0.37874,0.52186,0.34963,0.32949
0.41206,0.47515,0.27118,0.251,0.23445,0.34688,0.26108,0.31784,0.40852,0.41915,0.51781,0.39091,0.42017
0.39023,0.48921,0.28669,0.21842,0.25095,0.31692,0.27411,0.28808,0.35967,0.45052,0.50492,0.42894,0.49179
0.33654,0.48077,0.29554,0.1876,0.28175,0.28917,0.24815,0.26406,0.32557,0.44616,0.49388,0.43384,0.53029
0.28463,0.44259,0.29718,0.19776,0.30598,0.2758,0.20878,0.28615,0.30379,0.42482,0.49353,0.43017,0.5499
0.26228,0.4071,0.29988,0.23936,0.31782,0.2718,0.17891,0.32407,0.28114,0.40647,0.50028,0.44299,0.56486
0.2704,0.39286,0.31024,0.26751,0.32858,0.2743,0.15856,0.33475,0.27108,0.39169,0.4995,0.45243,0.57983
0.29319,0.38085,0.33201,0.269,0.3444,0.28605,0.15093,0.30587,0.29035,0.38306,0.48307,0.44178,0.59104
0.31103,0.36507,0.36481,0.26071,0.36251,0.30688,0.17939,0.26654,0.32779,0.38281,0.45778,0.44317,0.5905
0.31222,0.36405,0.39297,0.25928,0.38135,0.32821,0.24352,0.24845,0.35814,0.38553,0.43262,0.47824,0.57764
0.29913,0.37552,0.39917,0.27553,0.39601,0.33743,0.30053,0.24375,0.36926,0.38701,0.41156,0.50909,0.56288
0.28508,0.38397,0.38788,0.29733,0.38788,0.33264,0.3221,0.22696,0.36347,0.38984,0.39849,0.5015,0.55569
0.28371,0.39418,0.37305,0.28626,0.35239,0.32493,0.32412,0.19309,0.3438,0.39794,0.39357,0.47078,0.55829
0.29436,0.40675,0.36068,0.21966,0.32475,0.32424,0.33226,0.16618,0.31801,0.40939,0.38992,0.43719,0.56898
0.29859,0.40225,0.35053,0.13005,0.32837,0.33013,0.35397,0.17728,0.30104,0.41748,0.38392,0.40333,0.58118
0.27941,0.37243,0.33842,0.089358,0.33496,0.33509,0.3798,0.2222,0.29203,0.41857,0.37802,0.38432,0.58454
0.23975,0.32335,0.31909,0.13285,0.3199,0.33768,0.3963,0.26519,0.27795,0.41548,0.37247,0.3991,0.57342
0.19399,0.26334,0.29593,0.20414,0.30037,0.34973,0.39608,0.28575,0.26582,0.41074,0.36797,0.43407,0.55068
0.15969,0.2214,0.2844,0.23112,0.29208,0.3784,0.38208,0.28859,0.27119,0.39759,0.37245,0.46198,0.52319
0.16308,0.23484,0.28591,0.23523,0.28926,0.40901,0.36711,0.2819,0.29031,0.36678,0.39045,0.48129,0.49539
0.21483,0.29671,0.2792,0.27366,0.29753,0.42185,0.36239,0.27189,0.31376,0.33258,0.41009,0.50748,0.46757
0.28473,0.35836,0.26753,0.3291,0.3261,0.41624,0.37127,0.26721,0.33788,0.33375,0.41742,0.54318,0.44307
0.3313,0.38287,0.28015,0.35184,0.35523,0.4075,0.39007,0.27199,0.35369,0.38079,0.41615,0.57056,0.43082
0.33329,0.36369,0.31014,0.33984,0.36194,0.4056,0.40379,0.28197,0.35376,0.4325,0.41754,0.56998,0.43102
0.30004,0.31783,0.31829,0.32212,0.34797,0.40355,0.39975,0.29402,0.34628,0.45356,0.42661,0.54768,0.43041
0.27806,0.27754,0.295,0.31621,0.31728,0.39217,0.38586,0.30881,0.34352,0.45282,0.44148,0.53003,0.42136
0.29703,0.26166,0.26874,0.31767,0.27687,0.37561,0.37152,0.32557,0.34539,0.45118,0.45024,0.52254,0.41129
0.31688,0.26935,0.25921,0.30974,0.25783,0.36312,0.348,0.34186,0.34776,0.45503,0.44067,0.50794,0.40888
0.30053,0.29985,0.25176,0.28369,0.27585,0.35696,0.31803,0.35276,0.35446,0.4641,0.41829,0.48314,0.41303
0.28188,0.33766,0.2383,0.25389,0.28982,0.35521,0.31024,0.35175,0.36525,0.47648,0.39966,0.45105,0.41729
0.29452,0.3523,0.25064,0.24221,0.25539,0.35675,0.32222,0.34047,0.36762,0.48645,0.39416,0.40274,0.41793
0.31458,0.34701,0.30078,0.25059,0.19352,0.35361,0.3156,0.32998,0.35567,0.48889,0.40076,0.35946,0.41408
0.31652,0.35886,0.34284,0.26597,0.15732,0.32799,0.30001,0.32628,0.33824,0.48429,0.41597,0.37331,0.406
0.31089,0.39758,0.34529,0.27853,0.16269,0.28275,0.31972,0.32614,0.32198,0.47522,0.43651,0.44292,0.39754
0.31217,0.43026,0.32313,0.2789,0.19666,0.25933,0.36675,0.32703,0.30548,0.45891,0.45515,0.50219,0.39384
0.3205,0.4266,0.28922,0.25981,0.24864,0.2831,0.40356,0.32924,0.29082,0.43307,0.46857,0.5004,0.39419
0.33225,0.39151,0.25108,0.22703,0.30164,0.32295,0.41978,0.33306,0.28594,0.40967,0.48526,0.43911,0.39416
0.34069,0.36037,0.23378,0.19678,0.33994,0.34202,0.41191,0.34017,0.29164,0.40588,0.50773,0.36187,0.39347
0.3388,0.35867,0.25643,0.1895,0.36084,0.34139,0.37276,0.35115,0.29695,0.41966,0.5166,0.32136,0.39452
0.33095,0.37216,0.30018,0.20956,0.35714,0.33692,0.32217,0.35385,0.29327,0.42785,0.49192,0.32205,0.39604
0.32853,0.38256,0.32521,0.22841,0.33015,0.33447,0.29012,0.32677,0.2872,0.41454,0.44697,0.32406,0.39597
0.33572,0.39508,0.31774,0.22642,0.31283,0.33161,0.27759,0.27825,0.29559,0.39502,0.41753,0.31171,0.39771
0.34858,0.41083,0.29196,0.221,0.32481,0.32753,0.28002,0.24952,0.32617,0.39463,0.41872,0.30498,0.40328
0.36473,0.42052,0.2628,0.22451,0.34068,0.32599,0.30039,0.24845,0.37203,0.41064,0.43741,0.31362,0.40659
0.38308,0.42063,0.24957,0.23424,0.34716,0.32279,0.31717,0.24607,0.42485,0.41933,0.45656,0.32913,0.40396
0.39114,0.41058,0.27125,0.25364,0.36504,0.29865,0.31002,0.23845,0.47496,0.41012,0.46774,0.34716,0.39993
0.37227,0.39842,0.32268,0.27453,0.39083,0.24167,0.29774,0.23873,0.50778,0.38924,0.47242,0.36788,0.39678
0.33525,0.40261,0.37668,0.27841,0.38939,0.1746,0.29012,0.25237,0.5057,0.35851,0.47562,0.38651,0.39453
0.30939,0.41729,0.40373,0.26605,0.35322,0.13682,0.26046,0.29208,0.45099,0.32045,0.4744,0.39568,0.40556
0.3008,0.41244,0.39491,0.25088,0.32386,0.13867,0.21711,0.35494,0.35372,0.29968,0.46093,0.39339,0.44011
0.28552,0.393,0.37078,0.24321,0.34079,0.15489,0.22136,0.40847,0.26762,0.31845,0.43868,0.38545,0.47278
0.25239,0.39812,0.35807,0.25006,0.3879,0.1524,0.28625,0.43898,0.24789,0.35743,0.42297,0.37821,0.47142
0.22135,0.43571,0.36323,0.26344,0.41712,0.11766,0.34296,0.45974,0.29349,0.37693,0.41546,0.37412,0.45213
0.21962,0.47468,0.37563,0.26718,0.40921,0.07791,0.3362,0.47337,0.33654,0.3659,0.40015,0.37558,0.45015
0.25663,0.49105,0.39086,0.26813,0.3817,0.078113,0.28241,0.47078,0.32333,0.34757,0.38046,0.38201,0.4635
0.31306,0.48624,0.41148,0.27006,0.35976,0.12033,0.23665,0.4401,0.29362,0.34271,0.38204,0.38557,0.4687
0.35576,0.47059,0.42332,0.24251,0.35963,0.16324,0.24402,0.37387,0.30588,0.34907,0.40818,0.37948,0.45973
0.37085,0.4492,0.40997,0.18805,0.38045,0.18501,0.30544,0.29534,0.33771,0.36285,0.43144,0.36786,0.44802
0.3718,0.42443,0.38626,0.16692,0.40283,0.20081,0.38027,0.245,0.33593,0.38749,0.43207,0.3632,0.44131
0.37806,0.40338,0.37641,0.20307,0.41315,0.21954,0.42628,0.238,0.29352,0.41332,0.41894,0.37562,0.43127
0.3921,0.39961,0.37641,0.25297,0.42603,0.22794,0.42101,0.26936,0.24053,0.42025,0.41078,0.4046,0.40633
0.39993,0.42286,0.36274,0.27476,0.45571,0.22601,0.36872,0.32189,0.20485,0.39955,0.41472,0.43295,0.37404
0.39308,0.4623,0.33359,0.26498,0.48451,0.23749,0.30921,0.35664,0.19898,0.36344,0.42195,0.43522,0.34962
0.37405,0.48704,0.3265,0.2367,0.48612,0.26727,0.28283,0.35034,0.22723,0.33278,0.41246,0.41284,0.32833
0.34405,0.47105,0.36356,0.20499,0.45473,0.29023,0.28937,0.32708,0.26997,0.31012,0.37955,0.39886,0.30441
0.3073,0.41328,0.41287,0.1906,0.39434,0.29498,0.30666,0.32304,0.28794,0.28201,0.34833,0.40662,0.29956
0.2844,0.33305,0.4425,0.20669,0.31151,0.29825,0.31927,0.34253,0.28534,0.25264,0.34481,0.41794,0.32792
0.29719,0.26094,0.44267,0.25229,0.24155,0.30651,0.32384,0.3539,0.30705,0.24241,0.35967,0.42363,0.36492
0.34013,0.2264,0.40215,0.31828,0.23235,0.29544,0.32187,0.32883,0.35644,0.2483,0.36414,0.4236,0.38343
0.38215,0.23281,0.35034,0.37397,0.27594,0.25254,0.29814,0.27881,0.3925,0.24779,0.34901,0.41076,0.38239
0.39133,0.26078,0.3606,0.38242,0.31701,0.21514,0.23372,0.23761,0.39768,0.24562,0.3296,0.38844,0.37162
0.36276,0.28922,0.44515,0.34559,0.33033,0.22381,0.15379,0.2272,0.39004,0.26568,0.31833,0.37105,0.34908
0.32559,0.30091,0.53013,0.30086,0.3344,0.26514,0.11387,0.24621,0.38607,0.29869,0.31112,0.36562,0.30474
0.30719,0.29689,0.55741,0.2842,0.34406,0.29921,0.13326,0.27272,0.38223,0.31359,0.30477,0.37184,0.25977
0.30995,0.29562,0.52566,0.30441,0.35633,0.31414,0.18137,0.28991,0.36376,0.31186,0.30644,0.38318,0.25953
0.33114,0.3128,0.44834,0.33723,0.37936,0.32423,0.23089,0.30566,0.32803,0.31707,0.3117,0.38575,0.30587
0.36499,0.35326,0.36019,0.35673,0.41926,0.33526,0.29014,0.32487,0.29789,0.32842,0.30284,0.37615,0.35862
0.39446,0.39722,0.32651,0.36367,0.43752,0.33479,0.36483,0.33502,0.29406,0.32867,0.28124,0.37062,0.39883
0.41782,0.41416,0.36954,0.3721,0.3955,0.31135,0.41946,0.3401,0.30684,0.31849,0.26088,0.37245,0.42986
0.45365,0.40513,0.43105,0.39348,0.31919,0.27655,0.41741,0.36005,0.31496,0.31625,0.24433,0.35429,0.44723
0.49852,0.39475,0.43966,0.42564,0.24785,0.26051,0.37989,0.38711,0.31251,0.33011,0.24275,0.30428,0.45091
0.5259,0.39646,0.37648,0.44896,0.17995,0.27378,0.35618,0.39317,0.30724,0.34716,0.2695,0.26101,0.44664
0.53146,0.41036,0.27835,0.45539,0.13142,0.29542,0.35844,0.37555,0.30127,0.35677,0.30341,0.26213,0.42444
0.53348,0.42896,0.2002,0.45976,0.15133,0.31197,0.37022,0.3475,0.28988,0.36303,0.31579,0.28532,0.38116
0.53975,0.43668,0.17754,0.47006,0.23247,0.33338,0.38132,0.30633,0.28836,0.3701,0.31394,0.29246,0.34473
0.54766,0.42463,0.21355,0.47875,0.30584,0.365,0.38649,0.25931,0.3174,0.3746,0.32098,0.28763,0.33647
0.55856,0.40309,0.279,0.47896,0.33547,0.39295,0.38329,0.23842,0.35463,0.36909,0.33873,0.28566,0.34465
0.57129,0.38889,0.33515,0.47214,0.33983,0.39852,0.37791,0.25534,0.36201,0.34762,0.3492,0.28745,0.35298
0.57792,0.38768,0.37342,0.46772,0.34108,0.3809,0.38107,0.29099,0.34314,0.30881,0.34458,0.29865,0.35603
0.57529,0.39186,0.41124,0.47104,0.34684,0.3606,0.39639,0.32775,0.31533,0.26208,0.34198,0.32076,0.35266
0.56579,0.38683,0.45123,0.4704,0.35929,0.35229,0.41032,0.35107,0.27786,0.23233,0.3559,0.34237,0.34945
0.55068,0.35799,0.47614,0.44712,0.37734,0.35058,0.40354,0.34633,0.24919,0.23828,0.37191,0.36197,0.35428
0.53419,0.31419,0.46858,0.39613,0.39277,0.34866,0.37518,0.31974,0.26221,0.27552,0.37096,0.38727,0.36106
0.52074,0.29987,0.42491,0.33851,0.38272,0.33991,0.34556,0.29837,0.3065,0.32537,0.35982,0.4058,0.35495
0.50819,0.33973,0.37673,0.31176,0.33821,0.31222,0.3343,0.29528,0.33804,0.36347,0.35386,0.39306,0.33743
0.49663,0.39189,0.37204,0.33418,0.29907,0.27951,0.33553,0.29839,0.33833,0.3797,0.35406,0.35311,0.33265
0.49307,0.40526,0.41488,0.38731,0.29533,0.28057,0.32693,0.29724,0.32475,0.38958,0.35841,0.31419,0.35073
0.50126,0.38543,0.46402,0.43642,0.30205,0.31792,0.30585,0.28821,0.31953,0.40543,0.37137,0.2907,0.37051
0.51689,0.36812,0.487,0.45854,0.31027,0.3535,0.28739,0.27099,0.32849,0.41699,0.38979,0.28475,0.37831
0.53241,0.36811,0.48426,0.46135,0.33794,0.36661,0.27683,0.26203,0.34102,0.41221,0.40143,0.29832,0.3843
0.54207,0.38065,0.46601,0.47345,0.35737,0.36704,0.26936,0.27962,0.34557,0.3959,0.40414,0.31731,0.39397
0.54475,0.40546,0.43269,0.50279,0.33243,0.3688,0.26211,0.31732,0.34501,0.3799,0.40649,0.3249,0.39993
0.54427,0.44422,0.39062,0.52031,0.30012,0.37694,0.2573,0.35363,0.35269,0.37051,0.41081,0.33135,0.39987
0.54731,0.4876,0.35448,0.4991,0.31663,0.386,0.25768,0.37527,0.3713,0.36691,0.41264,0.34906,0.40055
0.55747,0.52235,0.32409,0.45158,0.36917,0.38942,0.26426,0.38832,0.3781,0.3569,0.41019,0.3625,0.40487
0.56701,0.54571,0.29338,0.41586,0.41107,0.38971,0.27537,0.40697,0.35446,0.33203,0.40545,0.3584,0.40644
0.56,0.56398,0.27261,0.41796,0.43026,0.39087,0.28269,0.42367,0.33107,0.31671,0.40115,0.35476,0.40109
0.53262,0.57806,0.27255,0.45341,0.4383,0.39239,0.28571,0.40637,0.35277,0.3363,0.39714,0.36864,0.39401
0.50234,0.58085,0.28559,0.49598,0.43898,0.39436,0.29751,0.34264,0.40683,0.36489,0.39043,0.38342,0.39055
0.48818,0.57149,0.30182,0.52056,0.43097,0.39664,0.31681,0.27246,0.44807,0.35967,0.3799,0.37561,0.39165
0.4935,0.55775,0.32309,0.52189,0.41487,0.398,0.33033,0.25032,0.46268,0.32125,0.36738,0.34734,0.40038
0.50605,0.54544,0.35458,0.51293,0.39438,0.39913,0.33985,0.27744,0.45606,0.28694,0.35867,0.31354,0.41496
0.50349,0.53513,0.39736,0.5075,0.38005,0.40031,0.34975,0.30715,0.42667,0.28658,0.36165,0.28455,0.41946
0.47586,0.52355,0.44312,0.50996,0.38037,0.40036,0.35377,0.31633,0.38491,0.31553,0.37521,0.27099,0.40425
0.44117,0.50826,0.47449,0.51946,0.3872,0.39853,0.34732,0.32322,0.3503,0.34627,0.38978,0.28449,0.38424
0.42126,0.49443,0.4807,0.53475,0.38551,0.39468,0.32669,0.34506,0.32584,0.36004,0.40146,0.32715,0.37784
0.42065,0.48937,0.46935,0.55133,0.37402,0.39127,0.29405,0.38262,0.3146,0.36067,0.41151,0.38524,0.38392
0.43453,0.48981,0.45925,0.55974,0.36318,0.38801,0.26816,0.41654,0.32898,0.36491,0.41781,0.43637,0.39043
0.45533,0.4849,0.45545,0.55394,0.35987,0.36599,0.25874,0.41466,0.35716,0.38408,0.41774,0.46439,0.39272
0.47262,0.47196,0.44,0.54124,0.36272,0.30514,0.25211,0.38261,0.37415,0.41037,0.41288,0.46724,0.39503
0.47795,0.4578,0.41318,0.53529,0.36512,0.24141,0.23736,0.36518,0.381,0.42477,0.40598,0.45344,0.40115
0.46892,0.4487,0.41377,0.53873,0.35906,0.24776,0.21943,0.38369,0.38677,0.42504,0.39706,0.43399,0.41097
0.45202,0.45023,0.46054,0.54403,0.34358,0.32177,0.21442,0.41853,0.39136,0.42987,0.38846,0.41867,0.42138
0.44423,0.4625,0.51591,0.54776,0.32807,0.37919,0.23537,0.43642,0.40136,0.4436,0.38643,0.41417,0.42711
0.45805,0.47281,0.52921,0.54881,0.31899,0.37304,0.2763,0.42519,0.41922,0.44287,0.39001,0.41705,0.42427
0.48614,0.47219,0.49164,0.54008,0.31118,0.32672,0.3233,0.41068,0.4382,0.4081,0.39422,0.41793,0.41271
0.51268,0.46891,0.45285,0.51769,0.30104,0.27838,0.35529,0.41135,0.46203,0.3539,0.40523,0.41644,0.39476
0.52777,0.47174,0.46074,0.48537,0.29842,0.26251,0.34721,0.40861,0.4874,0.32403,0.43116,0.41896,0.37563
0.52925,0.47656,0.48706,0.44481,0.315,0.29779,0.32403,0.3973,0.49139,0.34115,0.46324,0.42461,0.36459
0.52237,0.47446,0.48043,0.40743,0.34631,0.35801,0.35109,0.39795,0.47137,0.38085,0.48223,0.42617,0.36655
0.515,0.46319,0.46037,0.39491,0.37961,0.40209,0.42811,0.40701,0.45346,0.4198,0.47957,0.41969,0.37396
0.51168,0.45053,0.4768,0.40439,0.40796,0.43288,0.48271,0.40611,0.44837,0.45545,0.46388,0.40836,0.37637
0.51284,0.44555,0.52462,0.41947,0.42061,0.47283,0.48763,0.39975,0.44356,0.47518,0.44857,0.40041,0.36892
0.51713,0.44531,0.56466,0.44257,0.41828,0.50732,0.49425,0.40087,0.43697,0.47218,0.43848,0.39968,0.35484
0.52279,0.43976,0.5811,0.47311,0.4363,0.50758,0.54041,0.41431,0.44113,0.46664,0.43051,0.39891,0.351
0.52696,0.42887,0.56865,0.49881,0.48949,0.48159,0.59907,0.43414,0.45796,0.46882,0.42514,0.38814,0.36801
0.52818,0.41919,0.5135,0.51783,0.53176,0.46674,0.63136,0.43643,0.47633,0.45842,0.43078,0.36616,0.38747
0.53115,0.41179,0.43583,0.53203,0.52622,0.48352,0.63429,0.40938,0.48911,0.41378,0.45322,0.34296,0.39019
0.54296,0.40841,0.39828,0.53656,0.49734,0.51617,0.61565,0.38627,0.49498,0.33436,0.48845,0.33331,0.38522
0.56087,0.41351,0.428,0.53059,0.48546,0.53483,0.57047,0.40132,0.49042,0.24394,0.52705,0.34395,0.38869
0.56938,0.42645,0.48542,0.52233,0.49801,0.51966,0.51863,0.43573,0.47421,0.18584,0.55299,0.3687,0.40019
0.55784,0.44652,0.52401,0.51988,0.51775,0.48045,0.51121,0.45237,0.45288,0.19132,0.54249,0.39551,0.40779
0.53692,0.47808,0.52117,0.52375,0.53206,0.45746,0.54928,0.44959,0.43242,0.24743,0.49157,0.41364,0.39981
0.52908,0.51897,0.4725,0.52913,0.53807,0.47366,0.57379,0.44273,0.41554,0.31433,0.43783,0.41934,0.38151
0.5435,0.5491,0.41198,0.53032,0.53372,0.50313,0.5662,0.43106,0.40768,0.3528,0.42054,0.41747,0.38168
0.56338,0.54883,0.39956,0.52439,0.52344,0.50997,0.56016,0.41243,0.40351,0.33884,0.43501,0.41592,0.41484
0.56517,0.52844,0.44819,0.51447,0.51831,0.49011,0.56543,0.40039,0.37314,0.29618,0.45135,0.4204,0.45346
0.5506,0.51534,0.50544,0.50726,0.52069,0.46331,0.56715,0.40709,0.29991,0.27328,0.4583,0.43226,0.46342
0.54216,0.51954,0.52447,0.5068,0.52562,0.4479,0.56159,0.42562,0.23163,0.267,0.46339,0.44789,0.44026
0.5506,0.52958,0.51014,0.51261,0.53003,0.45063,0.54965,0.44086,0.23849,0.24457,0.45082,0.46132,0.4055
0.56734,0.53096,0.49559,0.52259,0.53021,0.46845,0.5325,0.44938,0.31495,0.21459,0.38869,0.46671,0.38621
0.57973,0.52074,0.50717,0.53294,0.52549,0.49164,0.51548,0.4574,0.39081,0.21116,0.29587,0.46092,0.39074
0.57791,0.50694,0.54094,0.53591,0.52143,0.51047,0.50065,0.46598,0.42925,0.25137,0.23196,0.44819,0.40571
0.55811,0.49698,0.55949,0.52597,0.52029,0.5235,0.49116,0.47029,0.44489,0.32248,0.22651,0.43676,0.41788
0.5296,0.49293,0.53541,0.50965,0.51948,0.53324,0.49327,0.46721,0.45418,0.38666,0.27378,0.42651,0.42526
0.50622,0.49257,0.49094,0.49899,0.51946,0.53695,0.50348,0.45528,0.46035,0.41713,0.34853,0.41122,0.43095
0.4892,0.48871,0.4644,0.49608,0.52414,0.5294,0.51128,0.43744,0.45991,0.42458,0.40904,0.39534,0.43501
0.47618,0.479,0.46225,0.49531,0.53582,0.51332,0.51107,0.42861,0.44609,0.42886,0.43322,0.38968,0.43177
0.47229,0.47556,0.46916,0.49632,0.55064,0.50601,0.50538,0.44735,0.4208,0.43231,0.43452,0.39219,0.41938
0.46919,0.48733,0.47715,0.50357,0.56038,0.51916,0.50132,0.49208,0.39409,0.43389,0.43245,0.39297,0.40496
0.44617,0.50256,0.48556,0.51599,0.56051,0.532,0.50322,0.53534,0.37081,0.43646,0.433,0.39086,0.38903
0.4084,0.50476,0.49083,0.52502,0.55252,0.52227,0.51286,0.55065,0.35458,0.43673,0.42978,0.3898,0.36202
0.3825,0.4944,0.48949,0.52471,0.54064,0.5065,0.52985,0.5368,0.35106,0.42957,0.41804,0.38987,0.32433
0.37309,0.48775,0.4808,0.51964,0.5292,0.51036,0.54613,0.50931,0.35724,0.41541,0.40565,0.39145,0.29218
0.3604,0.49445,0.46808,0.52017,0.52083,0.5321,0.55072,0.47963,0.364,0.39778,0.40096,0.40049,0.28317
0.33539,0.49709,0.46485,0.52991,0.51865,0.55453,0.54092,0.45105,0.36754,0.3809,0.40282,0.41801,0.298
0.30946,0.47409,0.48032,0.53939,0.52629,0.56768,0.52447,0.42638,0.37012,0.36799,0.40497,0.4302,0.31746
0.29878,0.44201,0.50013,0.53926,0.53981,0.57433,0.5094,0.40921,0.37554,0.36069,0.40027,0.43115,0.32709
0.31317,0.43748,0.50772,0.53618,0.54944,0.57721,0.49752,0.40032,0.38564,0.36066,0.38668,0.44447,0.33223
0.34358,0.46268,0.50644,0.54056,0.5562,0.56945,0.49003,0.40042,0.39886,0.36678,0.37028,0.49027,0.3414
0.37082,0.49134,0.50222,0.5479,0.57456,0.54722,0.48357,0.40919,0.4111,0.37342,0.35851,0.54534,0.35366
0.38928,0.50557,0.4932,0.55501,0.61069,0.52136,0.468,0.42168,0.41781,0.37673,0.35408,0.57125,0.36296
0.39287,0.48323,0.48603,0.5719,0.64984,0.50722,0.44768,0.43719,0.41894,0.37791,0.35297,0.56407,0.36537
0.37035,0.40528,0.49408,0.59145,0.67347,0.50596,0.44129,0.45973,0.41994,0.37817,0.35081,0.53737,0.36633
0.33726,0.31634,0.51238,0.58571,0.67359,0.50679,0.44729,0.47939,0.42536,0.37701,0.352,0.49249,0.38305
0.32309,0.29125,0.51978,0.55154,0.64852,0.51048,0.44263,0.47754,0.43547,0.37558,0.36098,0.45048,0.42889
0.32437,0.32847,0.51059,0.51901,0.6062,0.52913,0.42405,0.45896,0.44964,0.37622,0.3716,0.45315,0.49035
0.3139,0.37226,0.50092,0.51115,0.5592,0.56158,0.41825,0.45018,0.46732,0.37769,0.3792,0.50493,0.53143
0.28873,0.41008,0.50182,0.52309,0.50654,0.59278,0.44154,0.46259,0.48049,0.37493,0.38909,0.56953,0.52638
0.27205,0.45954,0.50409,0.53572,0.45151,0.61334,0.47748,0.48229,0.47438,0.36665,0.40375,0.60998,0.48351
0.27553,0.49687,0.49486,0.5348,0.4161,0.62272,0.50248,0.49374,0.44794,0.36094,0.41551,0.60186,0.43668
0.28858,0.47586,0.47548,0.51933,0.39887,0.62022,0.50952,0.49384,0.42051,0.36814,0.41668,0.54553,0.40944
0.29666,0.40895,0.45727,0.49702,0.37045,0.60438,0.50491,0.48635,0.40731,0.38631,0.40846,0.47672,0.39852
0.29676,0.35637,0.45379,0.4695,0.33152,0.57467,0.49899,0.47539,0.40542,0.40107,0.39605,0.43362,0.40137
0.29966,0.34286,0.46309,0.43903,0.31088,0.53188,0.49871,0.46594,0.40792,0.40431,0.38187,0.41677,0.41923
0.31468,0.35382,0.45378,0.43236,0.31223,0.48439,0.50206,0.46212,0.41447,0.40346,0.36688,0.40503,0.42825
0.33532,0.37617,0.41005,0.46869,0.31666,0.44192,0.50105,0.46108,0.42518,0.40942,0.35008,0.39232,0.40648
0.35222,0.39615,0.36919,0.51633,0.31512,0.40154,0.4915,0.45589,0.43547,0.42414,0.32356,0.38572,0.37714
0.37114,0.40401,0.37162,0.53851,0.30669,0.36,0.47935,0.44519,0.4415,0.44129,0.28136,0.38732,0.37421
0.39885,0.41003,0.41174,0.53892,0.29243,0.32542,0.47404,0.43352,0.44112,0.4556,0.2422,0.39217,0.39146
0.42357,0.42663,0.4559,0.52987,0.28573,0.30601,0.47518,0.42135,0.42438,0.46649,0.24106,0.3943,0.39891
0.43854,0.44834,0.47257,0.51564,0.30354,0.30783,0.47198,0.39869,0.38396,0.46867,0.28196,0.39123,0.38651
0.45958,0.46079,0.45283,0.50068,0.3435,0.32953,0.45809,0.36499,0.34257,0.45074,0.33253,0.38432,0.36793
0.48255,0.45745,0.42244,0.47745,0.386,0.35562,0.44166,0.34952,0.33361,0.4131,0.36688,0.37565,0.35441
0.47233,0.44443,0.40495,0.44338,0.41371,0.38023,0.43475,0.37181,0.35418,0.37563,0.37448,0.36822,0.34653
0.42394,0.4323,0.38563,0.42339,0.41799,0.41154,0.43752,0.40353,0.37517,0.36023,0.35473,0.36725,0.34285
0.37333,0.42636,0.35873,0.43546,0.40133,0.44294,0.44247,0.41343,0.3825,0.36871,0.3313,0.37128,0.34025
0.3435,0.42405,0.35878,0.46203,0.38924,0.45945,0.44721,0.40638,0.37986,0.38244,0.32912,0.37069,0.33339
0.33261,0.41937,0.39251,0.47387,0.40682,0.45944,0.45312,0.39769,0.37117,0.388,0.33701,0.36883,0.32238
0.33491,0.41052,0.41501,0.46395,0.43259,0.44221,0.45853,0.39439,0.35855,0.38872,0.33447,0.38116,0.31228
0.33832,0.40143,0.41237,0.44907,0.43031,0.39463,0.45772,0.39685,0.34735,0.38539,0.33336,0.40619,0.3015
0.32584,0.395,0.41807,0.44254,0.41385,0.31299,0.44505,0.40071,0.34126,0.37393,0.35233,0.42616,0.28724
0.2964,0.39116,0.43962,0.44286,0.41682,0.22886,0.42576,0.40833,0.33703,0.36327,0.37742,0.42584,0.28296
0.26658,0.38993,0.45554,0.4467,0.43299,0.18775,0.41607,0.42415,0.33232,0.36722,0.38887,0.4018,0.29877
0.24638,0.38982,0.45957,0.45524,0.43849,0.20888,0.4221,0.43553,0.33126,0.38657,0.39511,0.3759,0.31349
0.2322,0.38704,0.45424,0.46753,0.43322,0.27826,0.43118,0.42683,0.33661,0.40823,0.39972,0.37702,0.30802
0.22434,0.3782,0.43895,0.47366,0.429,0.36124,0.42875,0.40466,0.34471,0.4137,0.3821,0.39512,0.30281
0.2282,0.36168,0.42037,0.46443,0.42939,0.42295,0.41141,0.38669,0.35091,0.39795,0.34484,0.39193,0.32321
0.24028,0.3429,0.40707,0.44637,0.43266,0.45083,0.38914,0.38135,0.35609,0.37685,0.31737,0.35609,0.36053
0.25166,0.33299,0.39768,0.43445,0.43611,0.45283,0.37929,0.38885,0.36567,0.36543,0.30134,0.31586,0.39201
0.25798,0.33279,0.38489,0.43485,0.43615,0.44792,0.3865,0.40334,0.37841,0.3596,0.28299,0.29929,0.40822
0.25777,0.33166,0.36673,0.44077,0.4301,0.46057,0.39615,0.41132,0.38214,0.34706,0.27388,0.30494,0.41491
0.25163,0.32342,0.35434,0.44114,0.4204,0.49224,0.39913,0.40549,0.37135,0.3307,0.27457,0.32364,0.41916
0.24535,0.31001,0.36457,0.43303,0.41264,0.50731,0.40261,0.39583,0.35567,0.32449,0.25461,0.35805,0.40758
0.24541,0.29603,0.39941,0.42362,0.40301,0.48135,0.41089,0.39131,0.34269,0.32662,0.20931,0.39593,0.36424
0.25122,0.28564,0.43717,0.42151,0.38591,0.43613,0.42159,0.38525,0.33131,0.32346,0.17217,0.40823,0.31495
0.25919,0.27965,0.44958,0.42766,0.37476,0.40212,0.43604,0.37154,0.32071,0.31572,0.16394,0.39555,0.30968
0.27023,0.2772,0.42915,0.43254,0.37931,0.38449,0.45294,0.35809,0.31289,0.31464,0.18049,0.38807,0.36431
0.2848,0.27975,0.39642,0.42601,0.37937,0.3753,0.46413,0.35552,0.30983,0.31978,0.21815,0.39813,0.43694
0.29798,0.28733,0.37844,0.4089,0.36231,0.36951,0.46474,0.36224,0.30937,0.31972,0.27527,0.41174,0.46269
0.30573,0.2954,0.38299,0.38856,0.34932,0.36741,0.45718,0.36885,0.30589,0.31031,0.33482,0.4097,0.42413
0.30778,0.30218,0.39842,0.37238,0.35407,0.36935,0.44745,0.37402,0.30033,0.29948,0.37223,0.38064,0.36162
0.30586,0.30919,0.41528,0.36831,0.36184,0.37209,0.43968,0.38276,0.30123,0.29393,0.38197,0.33721,0.30589
0.30471,0.31513,0.4329,0.37687,0.36244,0.37427,0.43017,0.39301,0.31183,0.28915,0.37749,0.31289,0.25887
0.30582,0.31657,0.44584,0.38641,0.36335,0.37603,0.41362,0.39887,0.32626,0.2796,0.37082,0.32481,0.23532
0.30058,0.29674,0.4432,0.38839,0.36729,0.37307,0.39389,0.39933,0.33984,0.27312,0.36643,0.35556,0.25223
0.28723,0.22845,0.42417,0.38605,0.36262,0.36576,0.38043,0.39551,0.35455,0.27734,0.36487,0.37834,0.29378
0.2814,0.12421,0.40116,0.38389,0.34281,0.36746,0.38041,0.38833,0.37346,0.27973,0.36339,0.38606,0.33457
0.28458,0.040504,0.38453,0.38093,0.32122,0.38558,0.38982,0.38188,0.39614,0.26822,0.35702,0.38869,0.36498
0.27418,0.0077333,0.37237,0.37592,0.31376,0.40145,0.38834,0.38289,0.41784,0.25514,0.34327,0.39797,0.38135
0.25229,0.015208,0.35983,0.37289,0.3195,0.38856,0.36512,0.39246,0.42901,0.25743,0.32635,0.42123,0.39369
0.25476,0.057781,0.34866,0.37536,0.32996,0.34795,0.33795,0.40326,0.42416,0.27592,0.31423,0.44557,0.4253
0.29237,0.13785,0.34,0.37871,0.34055,0.30656,0.32263,0.40872,0.41143,0.29948,0.3111,0.443,0.46224
0.33897,0.23369,0.33138,0.37885,0.34803,0.2825,0.31486,0.40891,0.40356,0.31222,0.31384,0.40802,0.45258
0.37372,0.30471,0.32572,0.3815,0.35422,0.27244,0.31117,0.40633,0.40524,0.30653,0.31599,0.35973,0.39412
0.38233,0.32987,0.3282,0.39218,0.36927,0.27047,0.31024,0.40118,0.41268,0.29305,0.31629,0.32244,0.34874
0.34911,0.32191,0.33586,0.40724,0.39376,0.27627,0.30305,0.39246,0.41894,0.28757,0.32152,0.31802,0.35095
0.2883,0.3046,0.34176,0.424,0.41148,0.28556,0.28855,0.38179,0.42013,0.29654,0.33574,0.34278,0.37965
0.24289,0.29343,0.34333,0.44694,0.41461,0.29065,0.2784,0.37209,0.41872,0.31809,0.35132,0.36555,0.40808
0.2403,0.29016,0.34031,0.47332,0.40493,0.29181,0.27622,0.36429,0.42214,0.34324,0.3599,0.36165,0.42365
0.27785,0.28628,0.33311,0.4864,0.37056,0.2995,0.27323,0.35507,0.43523,0.35853,0.36404,0.33226,0.42682
0.33377,0.27756,0.3285,0.47348,0.30882,0.31841,0.26263,0.33253,0.45093,0.36055,0.36738,0.30542,0.4314
0.37471,0.27251,0.33764,0.4332,0.25214,0.3377,0.24574,0.2921,0.45674,0.3608,0.36279,0.31438,0.44115
0.37994,0.28573,0.36171,0.36728,0.23214,0.35175,0.22942,0.25993,0.44999,0.36831,0.34694,0.3569,0.44707
0.35985,0.31887,0.38714,0.29072,0.24553,0.36538,0.2227,0.2625,0.43613,0.37913,0.33826,0.3973,0.46253
0.32985,0.35597,0.40322,0.23206,0.26567,0.37413,0.23287,0.2848,0.41841,0.38671,0.35362,0.41302,0.51075
0.28887,0.39432,0.41992,0.20658,0.26802,0.37759,0.25685,0.29863,0.3983,0.38434,0.37785,0.41387,0.56748
0.23962,0.4444,0.45118,0.21639,0.25012,0.38706,0.27745,0.30077,0.37956,0.36232,0.38375,0.41647,0.57411
0.21132,0.48685,0.47886,0.2681,0.23455,0.39713,0.28037,0.29989,0.36545,0.32771,0.37063,0.42115,0.52149
0.2443,0.49378,0.46934,0.35556,0.24922,0.39026,0.26872,0.30092,0.35789,0.30838,0.36237,0.42292,0.47184
0.33421,0.48018,0.43065,0.43592,0.30283,0.36808,0.25332,0.30948,0.36479,0.31854,0.36665,0.4258,0.47483
0.4235,0.47577,0.40159,0.45691,0.37542,0.34712,0.23942,0.32683,0.39385,0.34742,0.3692,0.43243,0.50652
0.47795,0.49427,0.3902,0.41572,0.4289,0.33149,0.2213,0.33705,0.43189,0.37942,0.37374,0.4403,0.51871
0.50967,0.53937,0.37726,0.36194,0.43538,0.31379,0.19513,0.32197,0.45108,0.40311,0.38173,0.44786,0.49495
0.52736,0.58127,0.3632,0.335,0.40373,0.29744,0.18185,0.29329,0.43677,0.41587,0.36,0.44784,0.43924
0.53316,0.57352,0.36571,0.34253,0.36995,0.29343,0.20172,0.27912,0.39869,0.42276,0.30528,0.43457,0.36842
0.52393,0.52543,0.3865,0.38656,0.36067,0.3013,0.23381,0.28094,0.3651,0.4226,0.26389,0.41892,0.31719
0.48504,0.49282,0.40536,0.44475,0.3761,0.31082,0.24425,0.27351,0.36045,0.41349,0.25277,0.41283,0.30355
0.43635,0.50509,0.39743,0.46562,0.40128,0.31586,0.23222,0.23497,0.38096,0.40486,0.25901,0.41383,0.31099
0.42211,0.54574,0.36048,0.43774,0.42161,0.31776,0.22728,0.17019,0.40119,0.40153,0.28729,0.41605,0.32921
0.44685,0.57792,0.33446,0.40219,0.42999,0.3202,0.25101,0.11613,0.39607,0.39602,0.33319,0.42021,0.36166
0.49521,0.57231,0.36196,0.38402,0.42653,0.32679,0.29252,0.099379,0.36477,0.3859,0.3706,0.42981,0.40036
0.56286,0.52772,0.42043,0.37491,0.41624,0.34174,0.33362,0.097951,0.34339,0.3794,0.38476,0.44371,0.44102
0.62472,0.47492,0.44187,0.36773,0.40667,0.36701,0.35951,0.094444,0.36159,0.38337,0.37861,0.45633,0.48478
0.64271,0.45473,0.40598,0.3652,0.4009,0.39884,0.34677,0.11875,0.38892,0.38727,0.37411,0.46579,0.51756
0.6211,0.4723,0.36109,0.36767,0.3937,0.42955,0.30479,0.18342,0.37247,0.36656,0.39892,0.47413,0.52136
0.59559,0.49134,0.35182,0.36958,0.38069,0.4511,0.28359,0.25163,0.31979,0.32177,0.44507,0.48008,0.49111
0.57356,0.48627,0.37325,0.36597,0.36531,0.45821,0.29676,0.28729,0.29103,0.29113,0.47602,0.48068,0.44686
0.53922,0.46059,0.39342,0.3605,0.35352,0.45257,0.31487,0.27703,0.30731,0.297,0.47134,0.47706,0.42496
0.49472,0.42359,0.3918,0.36257,0.34636,0.44108,0.33305,0.24089,0.32718,0.31944,0.44707,0.4719,0.43346
0.45453,0.39098,0.38148,0.37277,0.34122,0.42979,0.36606,0.2283,0.32916,0.34042,0.43674,0.46648,0.44683
0.42421,0.38327,0.3915,0.38127,0.33849,0.42325,0.40467,0.25302,0.3445,0.3624,0.44162,0.46382,0.44897
0.40611,0.39295,0.41598,0.38171,0.34029,0.41985,0.42796,0.28207,0.39008,0.38098,0.43087,0.47039,0.44613
0.41297,0.38737,0.41463,0.37341,0.34324,0.40731,0.43277,0.29703,0.43786,0.38545,0.3986,0.48976,0.44552
0.45542,0.36184,0.38032,0.35907,0.34159,0.38073,0.42969,0.30023,0.45045,0.37916,0.37026,0.50864,0.43847
0.51475,0.34203,0.35515,0.35127,0.33664,0.35747,0.42608,0.29903,0.41333,0.37055,0.36583,0.49693,0.41309
0.54954,0.33975,0.36975,0.36112,0.33639,0.35496,0.42283,0.30174,0.35407,0.35934,0.38886,0.44851,0.38751
0.52839,0.35366,0.4168,0.37886,0.34568,0.36849,0.42007,0.29645,0.32473,0.34852,0.42527,0.40648,0.39227
0.45649,0.38044,0.47387,0.39089,0.35841,0.38269,0.41735,0.28425,0.3398,0.3477,0.44254,0.40156,0.41443
0.39016,0.40716,0.51425,0.40465,0.36506,0.38875,0.41264,0.30471,0.35955,0.34735,0.4278,0.4022,0.41431
0.40064,0.43178,0.51338,0.42923,0.36779,0.38599,0.40543,0.36257,0.35327,0.31515,0.41699,0.37355,0.39175
0.48559,0.47335,0.4665,0.45037,0.37599,0.3803,0.39596,0.40874,0.34025,0.24541,0.43571,0.33668,0.38938
0.54847,0.53984,0.39596,0.45554,0.38762,0.37921,0.38329,0.41399,0.3479,0.18613,0.45345,0.33625,0.43263
0.50908,0.61814,0.33676,0.463,0.38844,0.37924,0.36923,0.39018,0.36589,0.18067,0.45041,0.37728,0.49176
0.40366,0.69341,0.31354,0.49552,0.3792,0.36689,0.35755,0.35984,0.36931,0.2141,0.45599,0.42068,0.51978
0.3337,0.75113,0.32551,0.54021,0.38486,0.33874,0.34829,0.33787,0.35917,0.25197,0.47462,0.44048,0.51189
0.34739,0.77924,0.35021,0.556,0.4049,0.30527,0.3401,0.32705,0.35187,0.29001,0.46258,0.44143,0.49721
0.40413,0.77631,0.36846,0.52433,0.39654,0.27637,0.33558,0.32406,0.35251,0.33187,0.41706,0.42185,0.48714
0.43135,0.73554,0.37583,0.47562,0.34857,0.26328,0.33866,0.32645,0.35623,0.35802,0.39423,0.37908,0.46854
0.40775,0.65357,0.36379,0.43625,0.30471,0.2728,0.34838,0.33281,0.35734,0.35337,0.41496,0.33694,0.4324
0.38177,0.56932,0.32503,0.38829,0.29909,0.28646,0.35813,0.34117,0.35211,0.34109,0.43457,0.32099,0.38021
0.38991,0.52994,0.28724,0.33136,0.33344,0.28252,0.36222,0.34975,0.33943,0.3589,0.41365,0.32803,0.33052
0.40468,0.52965,0.29311,0.31341,0.39137,0.26859,0.36159,0.35968,0.31991,0.41623,0.36929,0.34421,0.31436
0.39165,0.53595,0.33948,0.35618,0.4393,0.26428,0.3612,0.37055,0.30234,0.48123,0.34851,0.37,0.32119
0.36814,0.5334,0.3896,0.42689,0.45343,0.27432,0.36499,0.37531,0.301,0.50456,0.3644,0.40272,0.30486
0.37438,0.51612,0.43561,0.48913,0.44587,0.29046,0.37392,0.37043,0.31151,0.47308,0.38767,0.42184,0.27081
0.40469,0.47536,0.486,0.51393,0.43999,0.30695,0.38597,0.3624,0.3128,0.4239,0.41025,0.42856,0.26804
0.41056,0.4118,0.51342,0.4764,0.43822,0.32709,0.39718,0.35708,0.30076,0.39017,0.456,0.44822,0.30187
0.37966,0.352,0.487,0.40168,0.4283,0.35078,0.40474,0.35461,0.29163,0.37593,0.50645,0.46818,0.33223
0.35566,0.32476,0.43563,0.35788,0.41277,0.36705,0.40994,0.35476,0.29523,0.38322,0.50785,0.46101,0.33664
0.36818,0.3265,0.41309,0.37487,0.4142,0.36936,0.41628,0.35853,0.3075,0.41065,0.46784,0.44596,0.32874
0.39648,0.3413,0.43822,0.42815,0.43932,0.3647,0.42475,0.36714,0.32233,0.43224,0.44154,0.43894,0.31902
0.41198,0.36206,0.50455,0.47682,0.46374,0.36245,0.43421,0.38052,0.33572,0.42207,0.43573,0.4212,0.29958
0.41254,0.37796,0.57393,0.47961,0.47133,0.36923,0.4441,0.39427,0.34346,0.38755,0.42347,0.39818,0.28329
0.40437,0.38099,0.57329,0.4281,0.47453,0.38646,0.45404,0.40409,0.34527,0.3469,0.41428,0.39972,0.29982
0.38926,0.37003,0.48264,0.36031,0.48384,0.4037,0.46347,0.4125,0.34665,0.30919,0.43412,0.43088,0.34176
0.37367,0.33964,0.37906,0.31307,0.48935,0.41221,0.47288,0.42286,0.35214,0.29762,0.47159,0.47544,0.3712
0.3582,0.29709,0.3481,0.29605,0.47797,0.4183,0.48252,0.43267,0.36375,0.33354,0.48824,0.51629,0.37039
0.33533,0.26452,0.40293,0.30297,0.45419,0.42762,0.49009,0.43899,0.38509,0.39616,0.46938,0.52535,0.35097
0.31136,0.24791,0.48968,0.32197,0.4351,0.43689,0.49296,0.44225,0.41516,0.44508,0.44181,0.47696,0.33071
0.29287,0.24266,0.53483,0.34513,0.42701,0.44833,0.49253,0.44283,0.44128,0.45145,0.43172,0.3962,0.31725
0.27139,0.2545,0.50948,0.36809,0.42172,0.46723,0.49305,0.44038,0.4485,0.40687,0.43281,0.34652,0.30721
0.24948,0.2759,0.46063,0.38512,0.41461,0.47943,0.49717,0.44207,0.43461,0.35132,0.4308,0.36092,0.29661
0.23868,0.28264,0.44464,0.39213,0.41141,0.45732,0.50723,0.46468,0.41044,0.34705,0.42838,0.41279,0.28904
0.23798,0.27787,0.45087,0.39135,0.41355,0.40125,0.52794,0.50789,0.38645,0.39277,0.44378,0.44175,0.2889
0.24249,0.28505,0.44724,0.38884,0.40644,0.34881,0.55713,0.53885,0.36823,0.42775,0.48536,0.41092,0.29554
0.24991,0.30489,0.44833,0.38537,0.38319,0.33123,0.57736,0.53684,0.36323,0.41762,0.52813,0.3507,0.31325
0.26417,0.32759,0.46851,0.37971,0.36431,0.34322,0.5748,0.52533,0.37671,0.37813,0.54721,0.32628,0.34639
0.29203,0.35169,0.47857,0.37793,0.36196,0.35159,0.56227,0.52938,0.40503,0.33881,0.54483,0.35779,0.37845
0.32004,0.37057,0.46271,0.38374,0.36262,0.32526,0.56629,0.54123,0.43581,0.32255,0.52531,0.40243,0.38653
0.32674,0.37784,0.43454,0.38901,0.36815,0.27506,0.5943,0.54077,0.45055,0.33554,0.49109,0.42156,0.37161
0.31689,0.37803,0.39256,0.38644,0.39917,0.25195,0.62445,0.52409,0.44299,0.36091,0.44848,0.4208,0.34965
0.30923,0.37537,0.33988,0.37904,0.44475,0.28418,0.63795,0.50819,0.42714,0.37802,0.40574,0.41555,0.32802
0.30977,0.37067,0.30049,0.37101,0.46124,0.33973,0.6525,0.50223,0.41494,0.38192,0.38215,0.40888,0.30427
0.31195,0.36516,0.28176,0.3627,0.43733,0.37106,0.69134,0.48835,0.41028,0.37887,0.38849,0.40745,0.27799
0.30312,0.35583,0.2743,0.35568,0.4073,0.37455,0.73813,0.45824,0.41915,0.38007,0.4065,0.41507,0.25916
0.27723,0.34065,0.26495,0.3522,0.39046,0.3755,0.76649,0.43671,0.44013,0.39349,0.40958,0.41636,0.26084
0.24852,0.32615,0.2398,0.35208,0.38051,0.37586,0.77802,0.438,0.46119,0.41189,0.39273,0.39792,0.28029
0.23714,0.31816,0.21764,0.35401,0.3779,0.36596,0.76713,0.43756,0.48103,0.4237,0.38014,0.37084,0.29892
0.24898,0.31546,0.23973,0.35669,0.3769,0.36152,0.70176,0.41623,0.50841,0.42781,0.39447,0.35664,0.306
0.27554,0.31485,0.29908,0.3589,0.36259,0.37707,0.58085,0.393,0.52844,0.42708,0.4309,0.36632,0.30726
0.29804,0.3136,0.34192,0.35474,0.34751,0.39688,0.46024,0.39321,0.51219,0.42548,0.47139,0.39017,0.30778
0.29944,0.30766,0.34409,0.33036,0.36091,0.40225,0.39821,0.41596,0.47277,0.43084,0.49576,0.40337,0.30271
0.28047,0.29324,0.32806,0.28871,0.40131,0.39191,0.40699,0.44121,0.45462,0.44521,0.49352,0.39664,0.29163
0.25605,0.28216,0.31517,0.26576,0.44269,0.371,0.45565,0.45402,0.4635,0.46145,0.48154,0.38834,0.28791
0.2391,0.29819,0.30747,0.28112,0.47116,0.34839,0.50654,0.45204,0.46649,0.47653,0.47784,0.39391,0.29996
0.23091,0.33142,0.30414,0.30443,0.4868,0.33953,0.54611,0.43728,0.44852,0.4991,0.47563,0.4045,0.31704
0.2262,0.34214,0.30716,0.30873,0.49095,0.35833,0.57594,0.4257,0.4265,0.5316,0.46627,0.40292,0.32787
0.22442,0.32511,0.31614,0.30566,0.4836,0.40276,0.59428,0.44158,0.42547,0.5536,0.45208,0.39102,0.33937
0.22743,0.30762,0.32511,0.30905,0.46303,0.45197,0.59896,0.48169,0.45211,0.55097,0.43702,0.38973,0.36873
0.23154,0.29888,0.32646,0.31383,0.43342,0.48284,0.58905,0.52013,0.48905,0.54698,0.42569,0.40803,0.41643
0.23523,0.29014,0.32102,0.31555,0.4082,0.48275,0.56616,0.54078,0.51507,0.56469,0.41968,0.43491,0.45379
0.24662,0.27921,0.31459,0.31809,0.39389,0.45394,0.5446,0.5384,0.51593,0.58822,0.41616,0.45917,0.46038
0.26721,0.26822,0.30485,0.32205,0.38151,0.41648,0.541,0.51441,0.49381,0.5999,0.41506,0.47444,0.45444
0.28141,0.25663,0.28905,0.32167,0.36502,0.3911,0.5536,0.48223,0.47163,0.60392,0.42201,0.47974,0.45811
0.28019,0.25296,0.27781,0.31171,0.35951,0.38039,0.57098,0.45832,0.4622,0.59088,0.43934,0.48313,0.46709
0.27764,0.26891,0.27977,0.29225,0.38128,0.37763,0.5894,0.44533,0.46098,0.55193,0.45427,0.49507,0.46408
0.28586,0.29381,0.28225,0.27245,0.41621,0.37595,0.61045,0.43257,0.46759,0.51812,0.45781,0.51233,0.4313
0.29543,0.30574,0.27126,0.26684,0.43333,0.36827,0.6294,0.41991,0.47876,0.51446,0.46357,0.50828,0.37241
0.29529,0.30267,0.25484,0.2759,0.42328,0.36288,0.63086,0.4248,0.48204,0.52175,0.4749,0.47034,0.33087
0.28958,0.29963,0.23848,0.28368,0.40697,0.38011,0.60648,0.45344,0.46867,0.51989,0.47622,0.43576,0.33889
0.28536,0.30633,0.21746,0.28821,0.40484,0.41127,0.57178,0.48818,0.44603,0.51363,0.47123,0.43532,0.36808
0.28318,0.31732,0.20941,0.30484,0.40925,0.42148,0.54843,0.50529,0.43716,0.51363,0.46748,0.44353,0.3721
0.28379,0.31808,0.22189,0.33062,0.40699,0.40708,0.53873,0.49818,0.45038,0.51755,0.45122,0.4244,0.33818
0.29067,0.30599,0.22058,0.34135,0.4079,0.40125,0.52557,0.4923,0.458,0.51434,0.43134,0.36968,0.28566
0.3045,0.3039,0.20263,0.32829,0.41807,0.41983,0.4971,0.51766,0.43046,0.51037,0.44607,0.30007,0.25229
0.3214,0.3331,0.21278,0.30802,0.41628,0.44553,0.46709,0.56529,0.3832,0.52164,0.49273,0.25582,0.28349
0.33591,0.38114,0.26001,0.29219,0.38412,0.46218,0.4565,0.60184,0.36121,0.54042,0.51519,0.24803,0.40402
0.3453,0.41238,0.30956,0.27345,0.3313,0.46701,0.46392,0.61425,0.38124,0.55065,0.47835,0.25419,0.57834
0.35003,0.40049,0.33765,0.24747,0.28451,0.45634,0.47112,0.61382,0.42164,0.56006,0.41827,0.28201,0.72378
0.3456,0.3584,0.3467,0.22974,0.26104,0.43403,0.46738,0.61321,0.45642,0.57814,0.40536,0.35282,0.77438
0.32499,0.33128,0.34876,0.23852,0.25589,0.41825,0.45896,0.61665,0.4752,0.58717,0.4489,0.42711,0.72421
0.29278,0.34103,0.34879,0.26796,0.25937,0.41278,0.45718,0.61965,0.4852,0.57288,0.47644,0.43937,0.63545
0.25894,0.36738,0.34564,0.29486,0.27273,0.40536,0.46008,0.60999,0.49904,0.55413,0.44939,0.39401,0.57652
0.23073,0.38638,0.3431,0.30601,0.30232,0.40207,0.45621,0.58381,0.5136,0.54827,0.41439,0.35096,0.5409
0.2256,0.38898,0.34687,0.30243,0.34261,0.41622,0.44894,0.56015,0.5127,0.54484,0.40921,0.34391,0.49334
0.25745,0.36766,0.35363,0.28926,0.36747,0.43953,0.45532,0.55697,0.48981,0.53026,0.42242,0.36887,0.45072
0.30201,0.32023,0.35355,0.27627,0.35957,0.45822,0.47915,0.56536,0.45825,0.50347,0.43214,0.41344,0.43905
0.31816,0.27789,0.34185,0.27948,0.33619,0.46368,0.50392,0.57027,0.44614,0.47292,0.42077,0.4694,0.43534
0.29902,0.28793,0.32153,0.29961,0.32386,0.44527,0.51443,0.57121,0.46708,0.44908,0.39897,0.52618,0.41544
0.27701,0.3446,0.30243,0.31043,0.32995,0.41446,0.51687,0.56747,0.49298,0.42711,0.40211,0.54726,0.40799
0.29215,0.3868,0.2986,0.29902,0.34652,0.40776,0.52596,0.55466,0.48867,0.39888,0.4152,0.50173,0.44159
0.34581,0.38057,0.31113,0.28818,0.36526,0.42703,0.54581,0.54039,0.45411,0.37729,0.38033,0.44059,0.48109
0.38559,0.34956,0.32283,0.29363,0.38353,0.435,0.57948,0.53403,0.41272,0.37492,0.30755,0.45122,0.47406
0.37029,0.32618,0.32189,0.30001,0.39094,0.43039,0.62391,0.52747,0.39335,0.38662,0.27174,0.52237,0.42584
0.32001,0.32443,0.30804,0.2943,0.3697,0.4475,0.65538,0.51958,0.40889,0.40884,0.29136,0.55906,0.38891
0.28445,0.33726,0.28015,0.28612,0.3338,0.4948,0.6587,0.5358,0.43828,0.44116,0.31514,0.53095,0.38901
0.29776,0.33622,0.2467,0.2845,0.32709,0.56063,0.64793,0.58447,0.46027,0.47139,0.31801,0.49256,0.3936
0.3431,0.30818,0.22093,0.28502,0.35849,0.62932,0.63652,0.63401,0.47861,0.48599,0.32797,0.46756,0.37718
0.36234,0.28245,0.19946,0.28998,0.38984,0.66542,0.61448,0.65923,0.49868,0.48777,0.36271,0.43496,0.37289
0.33634,0.29631,0.18713,0.31223,0.38603,0.64288,0.56598,0.66648,0.51715,0.48295,0.38504,0.40867,0.41016
0.30654,0.343,0.20546,0.34932,0.34473,0.57961,0.50585,0.67099,0.52957,0.46578,0.36253,0.42492,0.45616
0.30939,0.37808,0.24759,0.37906,0.30427,0.50476,0.48193,0.67949,0.5321,0.43842,0.3419,0.47468,0.4696
0.34886,0.38065,0.2827,0.38527,0.31013,0.42889,0.51218,0.68619,0.52508,0.41908,0.3767,0.51556,0.45629
0.40217,0.36732,0.30165,0.37262,0.35173,0.365,0.54918,0.67638,0.51524,0.41072,0.43237,0.5323,0.43612
0.42801,0.35467,0.31375,0.35586,0.39107,0.33816,0.54709,0.6429,0.51212,0.40353,0.4467,0.53124,0.41288
0.41136,0.35382,0.32104,0.34402,0.43714,0.36274,0.52095,0.60262,0.51121,0.40845,0.41763,0.50587,0.39527
0.3841,0.37454,0.32199,0.34058,0.51376,0.42101,0.51299,0.58283,0.48989,0.43255,0.38561,0.47796,0.39228
0.37719,0.40393,0.3197,0.35007,0.59757,0.45951,0.53934,0.57663,0.45736,0.45332,0.38024,0.50496,0.39191
0.38022,0.40912,0.32173,0.3699,0.64795,0.43756,0.58097,0.55089,0.46215,0.45704,0.40676,0.58127,0.38454
0.35794,0.38137,0.34008,0.38615,0.66176,0.40192,0.60786,0.51097,0.50585,0.4442,0.45137,0.62769,0.37972
0.2955,0.34976,0.35979,0.39787,0.66832,0.44525,0.59765,0.48007,0.54078,0.41208,0.48487,0.60414,0.38296
0.22566,0.33397,0.3301,0.42465,0.68324,0.56634,0.54637,0.44134,0.56253,0.38194,0.48839,0.54854,0.38679
0.20032,0.32289,0.2438,0.46403,0.67878,0.66246,0.4976,0.38905,0.59781,0.38413,0.47365,0.51277,0.38571
0.23113,0.3094,0.17042,0.47942,0.62303,0.671,0.5133,0.35935,0.62479,0.41135,0.45984,0.5085,0.37859
0.28254,0.29903,0.16968,0.45454,0.54528,0.62868,0.57461,0.36302,0.59834,0.43994,0.45105,0.51212,0.35388
0.32291,0.29294,0.22811,0.41487,0.50096,0.58443,0.61212,0.3796,0.53374,0.46584,0.44552,0.50697,0.29634
0.3522,0.295,0.29018,0.38424,0.48146,0.53619,0.63305,0.41232,0.4891,0.49734,0.44729,0.49829,0.22481
0.38208,0.30715,0.32888,0.36279,0.4354,0.48883,0.67583,0.47259,0.47049,0.53707,0.46048,0.49183,0.18347
0.41343,0.31289,0.37242,0.34706,0.3599,0.4901,0.70311,0.53296,0.42858,0.57306,0.47986,0.48706,0.17829
0.43737,0.29933,0.43643,0.33784,0.3013,0.54603,0.66637,0.55712,0.3559,0.58274,0.49731,0.48562,0.1751
0.44649,0.2804,0.47208,0.33301,0.28526,0.58575,0.5782,0.55672,0.30618,0.55497,0.51267,0.48597,0.15962
0.44065,0.27689,0.43907,0.33108,0.29991,0.55777,0.47712,0.55819,0.30633,0.51153,0.53136,0.47133,0.14854
0.42651,0.28887,0.37795,0.33342,0.32475,0.491,0.41453,0.54311,0.33401,0.4907,0.55354,0.42393,0.15298
0.40658,0.2941,0.34985,0.3368,0.35156,0.44326,0.43564,0.48538,0.37668,0.50559,0.55949,0.35566,0.16228
0.37481,0.2776,0.35653,0.33705,0.38899,0.43009,0.51423,0.41296,0.4385,0.54088,0.52497,0.29627,0.16342
0.34219,0.25971,0.3674,0.33701,0.43235,0.42322,0.58011,0.37271,0.50214,0.58995,0.47196,0.26211,0.16345
0.33745,0.26738,0.3667,0.33046,0.45461,0.40443,0.60977,0.36385,0.5415,0.65425,0.46009,0.26462,0.17809
0.36166,0.29208,0.34798,0.30641,0.44471,0.38457,0.61361,0.36584,0.55909,0.70341,0.50929,0.31114,0.20881
0.39112,0.31146,0.31691,0.28488,0.41266,0.38016,0.58365,0.39426,0.55546,0.69513,0.57151,0.3791,0.24118
0.41481,0.31835,0.29469,0.28953,0.37524,0.39572,0.52231,0.46136,0.50867,0.63556,0.59091,0.43121,0.24787
0.42639,0.30693,0.29207,0.30145,0.35359,0.41296,0.46528,0.5333,0.43687,0.56088,0.5709,0.45459,0.2084
0.41665,0.27843,0.30008,0.30752,0.35335,0.40706,0.43853,0.57616,0.39095,0.48526,0.55764,0.46242,0.14449
0.39436,0.26287,0.30522,0.33424,0.36163,0.3781,0.44237,0.58031,0.37912,0.42427,0.57302,0.46571,0.10522
0.38595,0.28652,0.30275,0.38523,0.37166,0.33791,0.46874,0.53501,0.38921,0.41087,0.59387,0.4532,0.1206
0.40172,0.33203,0.29769,0.42861,0.38512,0.29126,0.49028,0.4473,0.42755,0.44011,0.57887,0.41367,0.18557
0.42114,0.36592,0.297,0.45382,0.39924,0.25264,0.47189,0.3646,0.48308,0.47397,0.51391,0.37188,0.26591
0.4278,0.37898,0.30778,0.46743,0.40954,0.23813,0.42755,0.32796,0.5179,0.50118,0.44066,0.35961,0.33129
0.42534,0.38269,0.33077,0.46194,0.41374,0.24102,0.41557,0.33084,0.50273,0.51157,0.39839,0.36199,0.38298
0.41039,0.39131,0.35111,0.43403,0.40806,0.24988,0.45005,0.3448,0.44094,0.47341,0.36068,0.34512,0.42131
0.37618,0.40808,0.35193,0.40255,0.39829,0.26643,0.47702,0.35791,0.37191,0.39993,0.30375,0.31971,0.42881
0.33795,0.41848,0.33939,0.39249,0.40191,0.29058,0.46888,0.38286,0.33316,0.34926,0.26999,0.32498,0.40419
0.3142,0.40968,0.33811,0.41163,0.41531,0.31359,0.47616,0.43438,0.31466,0.34088,0.29132,0.36704,0.36899
0.30016,0.39123,0.35394,0.44397,0.41798,0.32845,0.54755,0.50069,0.29365,0.34811,0.33885,0.41804,0.34291
0.28602,0.38029,0.36545,0.46447,0.41448,0.33458,0.6487,0.55522,0.29029,0.35537,0.37698,0.45849,0.32698
0.27411,0.38009,0.35942,0.46198,0.41727,0.33549,0.70881,0.58227,0.32943,0.3654,0.38149,0.48919,0.31339
0.26171,0.38372,0.3437,0.44924,0.41619,0.33736,0.70916,0.5704,0.38291,0.3639,0.33355,0.51605,0.30834
0.2357,0.38744,0.32879,0.43804,0.3987,0.34361,0.66226,0.51132,0.39967,0.32908,0.26332,0.53482,0.3215
0.20258,0.39186,0.31895,0.41618,0.36706,0.35437,0.57142,0.42261,0.37106,0.27821,0.23368,0.53393,0.34521
0.18749,0.39357,0.31252,0.38412,0.33819,0.38051,0.48111,0.34579,0.33551,0.25438,0.25449,0.5189,0.35937
0.18469,0.38486,0.30036,0.37815,0.33069,0.42901,0.45727,0.30824,0.32611,0.26632,0.28464,0.5069,0.34518
0.17208,0.36306,0.27537,0.41094,0.34205,0.46823,0.4806,0.30203,0.34367,0.28856,0.30018,0.48452,0.30366
0.16766,0.33676,0.25285,0.44267,0.36152,0.46072,0.48522,0.30509,0.36902,0.30452,0.3077,0.41644,0.26011
0.18995,0.32112,0.25892,0.44123,0.38527,0.4201,0.46494,0.30883,0.36926,0.30545,0.31799,0.31613,0.24144
0.20891,0.32345,0.29073,0.41714,0.39459,0.38807,0.4352,0.32143,0.32087,0.28497,0.3266,0.24231,0.25957
0.19626,0.33427,0.32133,0.39047,0.36941,0.38295,0.38922,0.34639,0.24552,0.26336,0.31318,0.20618,0.3008
0.16267,0.33853,0.33912,0.36659,0.33144,0.39773,0.34034,0.3608,0.18476,0.26549,0.27265,0.17848,0.32274
0.1371,0.3345,0.35477,0.34028,0.31958,0.4226,0.31464,0.33281,0.14737,0.2837,0.23913,0.17356,0.30141
0.14815,0.33164,0.37402,0.30138,0.33577,0.44687,0.31333,0.26382,0.11942,0.29872,0.24647,0.21862,0.27339
0.19837,0.33423,0.37887,0.25962,0.35664,0.4535,0.32429,0.19124,0.099891,0.29825,0.27789,0.28745,0.28035
0.25147,0.34301,0.35699,0.25686,0.37855,0.43838,0.34386,0.1514,0.10727,0.27794,0.29001,0.33633,0.30703
0.27225,0.36017,0.33389,0.31126,0.42348,0.42041,0.37975,0.15884,0.15899,0.25742,0.26957,0.36021,0.32144
0.27435,0.37864,0.33112,0.38205,0.50414,0.41934,0.42944,0.20304,0.23386,0.2598,0.23597,0.38314,0.32203
0.29868,0.38614,0.33163,0.41967,0.59294,0.44381,0.46211,0.24771,0.28031,0.27052,0.20212,0.41455,0.31722
0.34362,0.38218,0.32808,0.40889,0.63426,0.49116,0.45447,0.26237,0.27689,0.26162,0.1663,0.4343,0.30593
0.37384,0.3684,0.33864,0.36648,0.59696,0.54849,0.42197,0.25828,0.24868,0.24041,0.13506,0.42168,0.28884
0.38944,0.34029,0.355,0.32912,0.51771,0.61181,0.3911,0.26705,0.23162,0.22683,0.12164,0.38058,0.27546
0.41097,0.31095,0.33932,0.32792,0.46908,0.67733,0.37968,0.30113,0.24305,0.20674,0.13184,0.33332,0.27389
0.43021,0.30728,0.27859,0.35647,0.47896,0.70657,0.39535,0.34856,0.27136,0.16025,0.16101,0.30298,0.28049
0.43418,0.33609,0.21441,0.37337,0.51836,0.66419,0.42365,0.38364,0.29478,0.11452,0.19297,0.29768,0.28523
0.43252,0.38271,0.20175,0.35153,0.54781,0.58947,0.44071,0.39072,0.31007,0.1125,0.21439,0.31037,0.28336
0.43536,0.4264,0.23868,0.31362,0.53911,0.56094,0.43655,0.38664,0.32205,0.14804,0.22722,0.33206,0.27936
0.43862,0.44785,0.27613,0.30038,0.5011,0.59305,0.41614,0.38879,0.32393,0.18172,0.23689,0.35442,0.28357
0.43506,0.43864,0.28868,0.31928,0.48528,0.62601,0.39661,0.37424,0.31572,0.19667,0.24553,0.36754,0.30416
0.42379,0.41102,0.28875,0.34527,0.51149,0.61393,0.39328,0.32726,0.31376,0.20168,0.25362,0.35944,0.33718
0.41223,0.39598,0.28801,0.36686,0.53054,0.57248,0.3964,0.28914,0.32424,0.20592,0.26006,0.32593,0.36683
0.41108,0.41152,0.28676,0.39884,0.50256,0.54074,0.38437,0.29541,0.33558,0.20824,0.26744,0.28987,0.37973
0.42175,0.43455,0.29487,0.43982,0.46063,0.53174,0.35328,0.32452,0.33724,0.19657,0.27753,0.27768,0.37239
0.43275,0.43105,0.32223,0.46144,0.44965,0.52708,0.31264,0.34975,0.32721,0.16902,0.28068,0.2818,0.34218
0.43318,0.40282,0.34771,0.44848,0.44562,0.51066,0.2792,0.37134,0.3167,0.15553,0.26931,0.28416,0.29478
0.4236,0.37991,0.34152,0.4155,0.4122,0.49927,0.27472,0.38905,0.32289,0.18195,0.2522,0.28379,0.2584
0.41219,0.37734,0.31183,0.38327,0.38052,0.53002,0.29214,0.39554,0.33887,0.23026,0.24034,0.28306,0.25262
0.40368,0.38348,0.2852,0.36089,0.38426,0.61106,0.29156,0.39229,0.3413,0.26968,0.23588,0.28343,0.26106
0.39507,0.38642,0.2688,0.35162,0.39716,0.69723,0.25462,0.39044,0.33397,0.29118,0.2397,0.28893,0.26427
0.38407,0.38618,0.26584,0.3549,0.39433,0.73394,0.20482,0.39655,0.34235,0.29393,0.25123,0.29651,0.26298
0.37428,0.38565,0.27598,0.36298,0.39182,0.70727,0.17365,0.39761,0.36823,0.27489,0.26388,0.2961,0.26168
0.3691,0.38808,0.2792,0.36527,0.40452,0.64199,0.17577,0.3715,0.38306,0.24462,0.27099,0.28031,0.26196
0.36878,0.39262,0.26968,0.35423,0.42479,0.58249,0.19902,0.32976,0.36959,0.22939,0.27297,0.25493,0.26497
0.37123,0.38891,0.27026,0.33752,0.44385,0.56045,0.20819,0.31898,0.34624,0.24049,0.27523,0.24454,0.27141
0.37026,0.37234,0.28857,0.33203,0.46103,0.5587,0.18747,0.35145,0.34122,0.26114,0.28053,0.26215,0.28237
0.35872,0.35836,0.3003,0.34095,0.47194,0.54788,0.16561,0.38739,0.36238,0.2718,0.28936,0.28251,0.29124
0.33851,0.36224,0.28911,0.36564,0.46539,0.53874,0.1741,0.40366,0.3809,0.26443,0.30857,0.28492,0.28703
0.32107,0.37453,0.2786,0.40989,0.43573,0.54321,0.22518,0.41079,0.34853,0.23835,0.34376,0.28398,0.27468
0.31281,0.37835,0.2967,0.45307,0.38761,0.53956,0.33236,0.4081,0.27033,0.19508,0.37733,0.28707,0.26892
0.30953,0.37498,0.3255,0.46829,0.3278,0.51293,0.48287,0.3904,0.20908,0.13506,0.37987,0.28072,0.27304
0.30736,0.37114,0.32822,0.45651,0.26538,0.47432,0.60765,0.37755,0.18068,0.075498,0.34986,0.26697,0.28405
0.30729,0.36423,0.302,0.43517,0.22401,0.43914,0.64197,0.39266,0.1392,0.062044,0.31371,0.2617,0.30256
0.30879,0.35199,0.27098,0.41917,0.23113,0.42281,0.59295,0.42132,0.079556,0.11559,0.29101,0.26697,0.32289
0.30765,0.33804,0.25238,0.41392,0.27935,0.43885,0.51991,0.41461,0.058228,0.18313,0.28434,0.2737,0.32722
0.30188,0.32744,0.24695,0.41253,0.33242,0.47918,0.47833,0.3554,0.10593,0.21562,0.28607,0.27775,0.30441
0.29483,0.32205,0.25403,0.40207,0.37124,0.50857,0.48037,0.29561,0.18813,0.24599,0.27889,0.28114,0.26881
0.28831,0.31898,0.28361,0.37905,0.39201,0.49612,0.48537,0.28587,0.26491,0.29099,0.2518,0.28485,0.24553
0.27997,0.31505,0.33571,0.35857,0.38711,0.45039,0.44533,0.31304,0.33469,0.29495,0.22352,0.28671,0.24515
0.27004,0.31132,0.3769,0.35175,0.36177,0.40706,0.36331,0.3353,0.39811,0.25704,0.22194,0.28644,0.26705
0.26228,0.31095,0.37211,0.34103,0.33672,0.37306,0.28872,0.33052,0.43078,0.24281,0.2425,0.28834,0.30796
0.25966,0.31284,0.33727,0.29984,0.32768,0.31734,0.2669,0.31,0.41624,0.24812,0.25985,0.29612,0.35218
0.26182,0.30883,0.32181,0.2294,0.33894,0.24854,0.30432,0.30505,0.37686,0.21538,0.26118,0.30937,0.37868
0.26705,0.2903,0.34095,0.16937,0.36167,0.22556,0.36799,0.31904,0.35016,0.15378,0.24097,0.32441,0.38415
0.27221,0.25945,0.36655,0.16026,0.37701,0.25696,0.41898,0.32235,0.34519,0.12616,0.20487,0.33279,0.37907
0.2625,0.23268,0.38001,0.19251,0.3764,0.29111,0.44701,0.31706,0.35041,0.15147,0.18875,0.32563,0.37314
0.22723,0.22405,0.38821,0.23292,0.36573,0.30163,0.46022,0.3315,0.36755,0.19576,0.21588,0.30643,0.37362
0.19575,0.22461,0.38971,0.27888,0.34849,0.30216,0.46037,0.35391,0.39987,0.22874,0.25848,0.28766,0.37891
0.20552,0.21679,0.37335,0.33217,0.32942,0.31094,0.44342,0.36023,0.43077,0.24426,0.29193,0.27553,0.37778
0.24289,0.20201,0.35078,0.36751,0.32357,0.33087,0.40928,0.36681,0.44406,0.25235,0.32624,0.27103,0.37185
0.26982,0.19051,0.34417,0.36436,0.33845,0.34532,0.36885,0.3922,0.44405,0.26293,0.36564,0.27461,0.3858
0.27654,0.18509,0.35396,0.33325,0.36012,0.34449,0.34206,0.42542,0.44032,0.27391,0.39992,0.27924,0.4333
0.27073,0.18824,0.37125,0.30228,0.36982,0.34299,0.34154,0.45072,0.43205,0.28714,0.42308,0.27236,0.48107
0.24996,0.19686,0.39073,0.28807,0.36491,0.35163,0.36123,0.46188,0.42009,0.31061,0.43183,0.2535,0.48442
0.21851,0.19707,0.40204,0.28231,0.35652,0.36263,0.38527,0.46096,0.41762,0.33672,0.42185,0.24237,0.45234
0.21138,0.18593,0.39704,0.27245,0.35133,0.37162,0.40389,0.45205,0.43533,0.35023,0.38538,0.25378,0.42421
0.24647,0.17855,0.37634,0.26449,0.3457,0.37988,0.41521,0.43372,0.46302,0.3543,0.31985,0.27448,0.40661
0.27382,0.18431,0.34569,0.26759,0.33603,0.38063,0.41899,0.40767,0.47473,0.36098,0.24544,0.28428,0.38581
0.24888,0.1951,0.32037,0.27373,0.32341,0.37136,0.41485,0.38227,0.46027,0.36391,0.19517,0.27638,0.35943
0.2137,0.20142,0.31438,0.27212,0.30911,0.36254,0.40482,0.36073,0.44228,0.35156,0.1873,0.25152,0.33209
0.2222,0.20472,0.31921,0.25816,0.29465,0.35792,0.40105,0.34124,0.44274,0.33637,0.20653,0.2245,0.31644
0.25056,0.20607,0.3132,0.22729,0.28536,0.34807,0.41682,0.32751,0.45256,0.33449,0.2086,0.21744,0.32364
0.25524,0.20085,0.2904,0.18788,0.28648,0.32546,0.43804,0.32825,0.45148,0.33439,0.16751,0.23116,0.34123
0.24335,0.19409,0.26703,0.1628,0.29377,0.29637,0.43336,0.34393,0.43388,0.32144,0.12011,0.25723,0.35025
0.23803,0.19949,0.25595,0.16788,0.29061,0.28142,0.40104,0.3603,0.40963,0.30863,0.12601,0.2944,0.35763
0.23947,0.22049,0.24767,0.19776,0.26171,0.29301,0.3714,0.36386,0.39297,0.31115,0.18714,0.32579,0.37765
0.23896,0.24804,0.23323,0.2266,0.22002,0.31602,0.36476,0.36061,0.38988,0.3194,0.25843,0.33173,0.39531
0.23374,0.2695,0.2264,0.23275,0.20594,0.32803,0.3753,0.36694,0.3968,0.31904,0.31615,0.32681,0.38906
0.22588,0.27205,0.23284,0.2182,0.23202,0.32399,0.38868,0.38694,0.40602,0.31459,0.36313,0.33066,0.36806
0.21905,0.24685,0.2229,0.19467,0.2594,0.31399,0.39493,0.41029,0.40678,0.32078,0.40327,0.32389,0.35245
0.21211,0.20293,0.18085,0.17084,0.25741,0.31096,0.39164,0.42407,0.39326,0.33787,0.4354,0.28187,0.34456
0.19102,0.17398,0.14885,0.14919,0.23743,0.31966,0.38748,0.42118,0.37474,0.35556,0.4489,0.23033,0.33067
0.14072,0.1843,0.16435,0.13105,0.21643,0.33209,0.39182,0.40481,0.36758,0.37238,0.43481,0.21999,0.30099
0.078072,0.21146,0.20076,0.12686,0.19734,0.33814,0.39775,0.37741,0.37532,0.38188,0.40159,0.25371,0.27568
0.054746,0.21061,0.21913,0.14014,0.18398,0.33697,0.39327,0.3234,0.38295,0.3755,0.36765,0.28991,0.28551
0.1057,0.17077,0.2192,0.15729,0.1819,0.33326,0.37988,0.2314,0.37326,0.3687,0.3476,0.31117,0.31914
0.20244,0.13385,0.21379,0.17052,0.18705,0.332,0.36447,0.13724,0.34577,0.378,0.34365,0.32716,0.33449
0.27755,0.14617,0.20565,0.18006,0.19088,0.33659,0.34922,0.090153,0.31841,0.39813,0.34349,0.33539,0.32036
0.2936,0.20083,0.19794,0.18307,0.19251,0.3463,0.33446,0.077149,0.30856,0.41658,0.3316,0.33131,0.30355
0.26342,0.25931,0.19642,0.18237,0.19294,0.35865,0.31564,0.057427,0.31273,0.4172,0.30877,0.31838,0.30101
0.21493,0.29923,0.1991,0.18261,0.18342,0.36983,0.28284,0.045674,0.31118,0.3895,0.29649,0.30379,0.30423
0.16947,0.30575,0.19662,0.18103,0.16373,0.37065,0.23606,0.079837,0.29178,0.33969,0.31075,0.30857,0.3086
0.13904,0.2673,0.18485,0.17844,0.1616,0.35377,0.19195,0.14647,0.26205,0.28288,0.34182,0.34533,0.3235
0.12787,0.20376,0.17448,0.17895,0.1932,0.33245,0.16579,0.19984,0.23709,0.24408,0.36306,0.39564,0.34571
0.13417,0.15438,0.17921,0.1737,0.23061,0.3254,0.15988,0.22263,0.22382,0.24023,0.34711,0.43493,0.34949
0.1398,0.13469,0.19159,0.14974,0.24702,0.31502,0.1704,0.23023,0.21966,0.24603,0.2895,0.44933,0.32831
0.12611,0.12742,0.19177,0.12008,0.24916,0.27616,0.1889,0.23725,0.21807,0.2274,0.2247,0.43276,0.32022
0.10395,0.11291,0.17887,0.11821,0.24827,0.23142,0.20209,0.24156,0.21532,0.20211,0.20194,0.386,0.34967
0.095212,0.098162,0.16528,0.14863,0.24482,0.21136,0.20093,0.22842,0.2118,0.20746,0.23162,0.31134,0.38438
0.1048,0.10325,0.14999,0.17642,0.2428,0.20868,0.19003,0.19622,0.20111,0.23389,0.26745,0.22987,0.39021
0.12346,0.12832,0.12956,0.18153,0.25074,0.2108,0.1875,0.17753,0.1797,0.2474,0.27124,0.19335,0.37153
0.13804,0.1555,0.12163,0.17974,0.26622,0.2196,0.20635,0.19781,0.17045,0.2414,0.25492,0.22076,0.34341
0.14262,0.17098,0.14155,0.18662,0.27491,0.23075,0.23593,0.23375,0.19175,0.23138,0.22599,0.24983,0.32425
0.14002,0.17356,0.17512,0.20212,0.27244,0.23193,0.2542,0.25432,0.2214,0.22769,0.18219,0.21875,0.33661
0.13096,0.17211,0.2022,0.22122,0.26968,0.22175,0.2516,0.26156,0.23401,0.22554,0.16635,0.16087,0.36985
0.12085,0.1774,0.21963,0.24206,0.27207,0.20845,0.23518,0.26795,0.23391,0.21546,0.2142,0.1503,0.38305
0.12663,0.19043,0.22977,0.28061,0.27521,0.18837,0.21913,0.27527,0.23466,0.20055,0.28212,0.17978,0.36801
0.14644,0.19718,0.23272,0.3576,0.27565,0.15754,0.21552,0.28122,0.23686,0.19254,0.30867,0.17903,0.35847
0.1536,0.18505,0.23153,0.44705,0.27388,0.1405,0.22589,0.28443,0.22378,0.19377,0.28736,0.15233,0.36849
0.14451,0.1659,0.23157,0.48166,0.27906,0.16179,0.23603,0.28489,0.19041,0.19732,0.246,0.18232,0.37201
0.13767,0.16524,0.23427,0.43122,0.29838,0.20665,0.22471,0.28527,0.17175,0.19969,0.21041,0.28107,0.35393
0.13171,0.19053,0.23503,0.33701,0.31389,0.24807,0.19505,0.28911,0.19479,0.20209,0.19354,0.36572,0.3336
0.11746,0.2223,0.22871,0.26323,0.30541,0.2783,0.1873,0.29761,0.23288,0.20383,0.19697,0.39186,0.32247
0.10384,0.23164,0.21764,0.23574,0.28483,0.29727,0.22512,0.30835,0.25398,0.19985,0.2154,0.39968,0.30656
0.10725,0.21264,0.20972,0.23333,0.27205,0.30258,0.27679,0.31589,0.26101,0.18825,0.23346,0.42838,0.28221
0.13514,0.19276,0.21056,0.23132,0.27118,0.29679,0.30625,0.31525,0.26767,0.18101,0.24086,0.46321,0.26895
0.18512,0.19432,0.22444,0.22516,0.28448,0.28951,0.31539,0.3081,0.27664,0.19272,0.25044,0.47564,0.27844
0.24464,0.21225,0.24633,0.21314,0.30909,0.28736,0.31993,0.30315,0.27269,0.2173,0.27238,0.46648,0.29137
0.28893,0.23625,0.25199,0.20131,0.32491,0.28672,0.3263,0.30507,0.24534,0.23755,0.29331,0.45293,0.27902
0.30091,0.25808,0.22936,0.2132,0.3138,0.28442,0.33187,0.3087,0.22236,0.25126,0.30463,0.44188,0.24092
0.28819,0.26795,0.20231,0.252,0.28146,0.28458,0.33167,0.30844,0.22171,0.26449,0.32221,0.42635,0.20372
0.2672,0.26475,0.19269,0.28159,0.25139,0.2864,0.32721,0.30531,0.21631,0.27718,0.35529,0.4008,0.18763
0.24877,0.25312,0.19583,0.26914,0.24007,0.28372,0.32471,0.3043,0.20649,0.29319,0.37754,0.3701,0.18933
0.23597,0.23012,0.20472,0.22165,0.23995,0.28139,0.32524,0.30808,0.22427,0.31957,0.36521,0.33604,0.19668
0.22467,0.18954,0.22145,0.17535,0.24108,0.29187,0.32285,0.31085,0.25309,0.35119,0.34418,0.29648,0.20808
0.21355,0.14463,0.24336,0.15956,0.25457,0.31055,0.31182,0.30391,0.24698,0.37598,0.35119,0.26167,0.22446
0.20199,0.13012,0.25875,0.17707,0.28524,0.31223,0.29423,0.28723,0.20968,0.38748,0.37965,0.24357,0.23603
0.19044,0.15893,0.26094,0.21,0.3103,0.28347,0.27837,0.26881,0.19439,0.38212,0.40357,0.2379,0.23606
0.20093,0.19894,0.25735,0.23039,0.30852,0.24524,0.26851,0.25674,0.22892,0.35617,0.41097,0.22967,0.23199
0.24517,0.21724,0.2563,0.22207,0.27894,0.23241,0.26086,0.2542,0.27895,0.31595,0.39805,0.20298,0.23359
0.27223,0.22348,0.25267,0.19631,0.23042,0.25616,0.2515,0.25827,0.30514,0.28515,0.36921,0.16053,0.23812
0.22524,0.24619,0.23729,0.16897,0.1786,0.28843,0.24213,0.26323,0.3108,0.28664,0.33961,0.13253,0.22711
0.13505,0.27965,0.21468,0.14834,0.1396,0.29431,0.23498,0.26665,0.31385,0.31627,0.32032,0.13802,0.19365
0.088051,0.28529,0.19885,0.15265,0.11449,0.27881,0.2264,0.27204,0.31374,0.3446,0.30937,0.1642,0.16948
0.11724,0.25174,0.19434,0.18195,0.091315,0.27223,0.20623,0.28185,0.29721,0.34658,0.302,0.1917,0.18607
0.17903,0.22142,0.19439,0.18989,0.065491,0.28153,0.17443,0.29164,0.26197,0.32904,0.29984,0.20311,0.2291
0.22528,0.23308,0.19312,0.15489,0.05736,0.28942,0.16153,0.29901,0.2275,0.31506,0.30565,0.19055,0.26429
0.24682,0.2678,0.18671,0.12473,0.092572,0.28393,0.19411,0.30808,0.21335,0.30103,0.31857,0.16945,0.26765
0.25219,0.28689,0.17377,0.13406,0.15569,0.26992,0.24628,0.32197,0.21095,0.27054,0.32891,0.15474,0.23062
0.24562,0.28742,0.16627,0.15224,0.20211,0.26149,0.27362,0.33908,0.19744,0.23723,0.31536,0.13725,0.17663
0.22158,0.28392,0.18185,0.14622,0.22343,0.26754,0.26837,0.34991,0.17312,0.21396,0.27094,0.10178,0.15007
0.17517,0.28052,0.21135,0.13453,0.24882,0.28603,0.25066,0.34373,0.15993,0.18086,0.22509,0.055735,0.17174
0.12955,0.28389,0.22288,0.15233,0.28375,0.31094,0.23913,0.32952,0.16772,0.1392,0.21563,0.026004,0.22205
0.11516,0.29168,0.21699,0.19897,0.306,0.33463,0.24021,0.33074,0.18428,0.12823,0.24534,0.028159,0.26051
0.12567,0.27735,0.23016,0.24795,0.31334,0.34662,0.24888,0.35401,0.19106,0.155,0.27882,0.064076,0.25933
0.14609,0.23984,0.26534,0.27821,0.31951,0.3436,0.2576,0.38428,0.17481,0.18271,0.28337,0.1411,0.22791
0.1779,0.22034,0.28828,0.27517,0.32238,0.33586,0.26171,0.40935,0.13794,0.19182,0.25878,0.24569,0.19808
0.21046,0.22844,0.29395,0.24074,0.31911,0.33287,0.2579,0.42745,0.1112,0.19233,0.22619,0.32669,0.19323
0.23019,0.22586,0.30185,0.2132,0.32093,0.33209,0.24806,0.43589,0.13294,0.19286,0.21094,0.35409,0.21454
0.24305,0.2031,0.30501,0.23086,0.32818,0.3279,0.24172,0.43343,0.19189,0.19112,0.22199,0.35175,0.2415
0.25289,0.19474,0.28939,0.27499,0.32731,0.321,0.2454,0.4209,0.22815,0.17551,0.23367,0.35262,0.25322
0.25075,0.21516,0.27931,0.29878,0.32062,0.31713,0.25587,0.38981,0.21467,0.13458,0.21962,0.36656,0.23829
0.22774,0.24008,0.30606,0.29655,0.32301,0.32099,0.26903,0.3356,0.18566,0.087338,0.19595,0.38766,0.1838
0.18773,0.24881,0.35414,0.28991,0.32977,0.32995,0.2827,0.28062,0.17494,0.077961,0.19275,0.40308,0.10392
0.16206,0.24488,0.38356,0.27914,0.32477,0.33728,0.28873,0.25355,0.18047,0.11655,0.20813,0.39712,0.056176
0.1823,0.23614,0.3836,0.26223,0.31777,0.34054,0.28043,0.25308,0.19265,0.16657,0.22071,0.36103,0.076635
0.22922,0.22524,0.37888,0.26082,0.33366,0.34563,0.26577,0.25871,0.21268,0.19779,0.21784,0.30902,0.13511
0.2596,0.22565,0.38229,0.2836,0.37204,0.36704,0.25749,0.26243,0.23581,0.20646,0.19512,0.2774,0.18106
0.26511,0.25129,0.36692,0.30103,0.41162,0.40633,0.25733,0.26404,0.25031,0.19884,0.15818,0.28703,0.19729
0.26224,0.28478,0.32981,0.28975,0.43838,0.43136,0.25794,0.25803,0.25057,0.18755,0.13296,0.3129,0.19581
0.26055,0.29435,0.32847,0.27297,0.44878,0.41754,0.25306,0.24543,0.22541,0.1831,0.1463,0.31494,0.18688
0.26234,0.27651,0.3843,0.28326,0.44466,0.38861,0.24443,0.2391,0.16625,0.18737,0.18808,0.29059,0.16735
0.27524,0.25349,0.4404,0.31191,0.4321,0.37869,0.23796,0.24409,0.10828,0.20419,0.21827,0.27369,0.13594
0.31118,0.24341,0.45811,0.33002,0.41645,0.39074,0.23382,0.24772,0.10613,0.23282,0.22046,0.28951,0.10324
0.35829,0.24574,0.45543,0.33237,0.40227,0.40625,0.22782,0.24041,0.15534,0.25393,0.2212,0.33042,0.077904
0.38094,0.23603,0.45017,0.33354,0.3916,0.40822,0.22156,0.22985,0.20061,0.24258,0.24493,0.36117,0.061493
0.36717,0.18855,0.43606,0.34132,0.37579,0.39595,0.22281,0.22554,0.21428,0.2005,0.27335,0.34768,0.057607
0.33797,0.1324,0.40369,0.3516,0.34759,0.38207,0.23451,0.2268,0.21045,0.17041,0.27316,0.3051,0.071308
0.31254,0.13356,0.35945,0.36186,0.3186,0.37776,0.24422,0.22483,0.20542,0.18921,0.25209,0.28431,0.10694
0.29067,0.19803,0.31954,0.37417,0.30456,0.38656,0.23036,0.20707,0.20297,0.23659,0.24545,0.29049,0.16671
0.2629,0.27092,0.29254,0.38565,0.30367,0.40096,0.19583,0.16725,0.19663,0.26511,0.25735,0.275,0.24038
0.23459,0.31767,0.28253,0.38828,0.30613,0.40347,0.18156,0.11972,0.17381,0.25034,0.25947,0.22221,0.30521
0.22352,0.325,0.29197,0.37445,0.31362,0.38884,0.21025,0.097893,0.13591,0.20468,0.23468,0.18228,0.349
0.22847,0.28356,0.31116,0.34266,0.33127,0.37748,0.24877,0.11952,0.10843,0.17272,0.19871,0.19469,0.3838
0.23477,0.22674,0.32615,0.30512,0.35206,0.38617,0.26322,0.16084,0.11019,0.18434,0.18005,0.23313,0.42161
0.24567,0.19764,0.3337,0.27827,0.36691,0.40636,0.26092,0.18745,0.12997,0.21636,0.18352,0.25446,0.44541
0.26935,0.18106,0.33482,0.26604,0.37399,0.42466,0.26138,0.18897,0.14872,0.23282,0.18814,0.24878,0.43251
0.29327,0.1562,0.32799,0.267,0.37221,0.43215,0.27038,0.16808,0.15836,0.22387,0.17624,0.22473,0.39823
0.30205,0.15338,0.31705,0.27923,0.36227,0.41473,0.28257,0.13106,0.15877,0.2047,0.15407,0.19168,0.37305
0.29882,0.19296,0.31022,0.28875,0.34959,0.37179,0.28984,0.09575,0.15781,0.2092,0.14096,0.15813,0.35144
0.29378,0.24416,0.30851,0.27715,0.34306,0.33289,0.28909,0.08068,0.16357,0.2404,0.13698,0.13007,0.31325
0.28737,0.27905,0.30628,0.2477,0.35649,0.32464,0.28298,0.09122,0.17569,0.24519,0.13318,0.11194,0.26796
0.27364,0.3021,0.29586,0.23067,0.38892,0.33827,0.27615,0.11941,0.19099,0.2047,0.14699,0.10315,0.22988
0.25473,0.3116,0.26836,0.24545,0.40523,0.35229,0.27437,0.14668,0.20086,0.17436,0.18836,0.10336,0.18543
0.23877,0.29716,0.22736,0.27328,0.38129,0.36695,0.28133,0.16023,0.18932,0.18659,0.22173,0.11863,0.12655
0.23112,0.27943,0.19332,0.29069,0.347,0.39164,0.29123,0.16487,0.15312,0.20999,0.22033,0.14991,0.077137
0.2372,0.28773,0.1782,0.29735,0.33927,0.41417,0.28913,0.16834,0.11337,0.21484,0.21006,0.19092,0.055718
0.25684,0.30655,0.18022,0.29785,0.35335,0.41653,0.26708,0.17233,0.097691,0.2034,0.21982,0.22695,0.051815
0.27793,0.29789,0.19994,0.29085,0.36407,0.40283,0.23888,0.1816,0.11214,0.18477,0.23822,0.23726,0.05378
0.29114,0.26201,0.22606,0.27847,0.35751,0.38026,0.22877,0.20311,0.13558,0.15934,0.24478,0.22786,0.066604
0.30094,0.23335,0.2301,0.26758,0.33616,0.35064,0.24197,0.22723,0.14789,0.13171,0.24189,0.22498,0.089409
0.31518,0.2323,0.20187,0.25856,0.31024,0.32933,0.25484,0.22716,0.14863,0.12219,0.2357,0.22111,0.10042
0.33193,0.25437,0.15668,0.24646,0.28805,0.32533,0.2406,0.19443,0.14319,0.13809,0.21487,0.19381,0.088113
0.34338,0.28706,0.10994,0.23865,0.27614,0.32467,0.20045,0.15188,0.13305,0.14705,0.17608,0.16765,0.070793
0.34817,0.31593,0.087925,0.24887,0.2805,0.31726,0.15674,0.1259,0.12254,0.11912,0.15124,0.17896,0.066472
0.34806,0.33491,0.12704,0.27446,0.29699,0.30534,0.11576,0.13382,0.11917,0.078393,0.16834,0.20306,0.080219
0.34387,0.35337,0.21478,0.30131,0.30653,0.29197,0.068653,0.17192,0.12591,0.072396,0.20961,0.19257,0.11866
0.3417,0.37799,0.28911,0.31954,0.29167,0.28027,0.026814,0.20237,0.14066,0.10542,0.24152,0.15994,0.16987
0.34649,0.40119,0.32129,0.32549,0.2614,0.272,0.015703,0.19603,0.16041,0.14079,0.25144,0.15632,0.19795
0.35523,0.41512,0.33449,0.32141,0.24879,0.27243,0.049432,0.17244,0.17933,0.15601,0.24691,0.19104,0.20731
0.36098,0.41972,0.34445,0.31623,0.27039,0.28864,0.12472,0.16799,0.18812,0.16056,0.24293,0.22466,0.24841
0.35614,0.41566,0.33905,0.31868,0.30613,0.3083,0.20955,0.18944,0.18483,0.16958,0.24411,0.22956,0.32555
0.34127,0.40024,0.3006,0.32713,0.3323,0.30607,0.2532,0.21324,0.1819,0.18573,0.24173,0.21898,0.38731
0.32782,0.37228,0.22489,0.3314,0.34297,0.28112,0.23233,0.21806,0.1912,0.20334,0.23063,0.21609,0.41194
0.32848,0.33916,0.14213,0.32759,0.34056,0.25915,0.17436,0.19928,0.2054,0.2141,0.21056,0.22244,0.41775
0.34864,0.31635,0.10468,0.32382,0.33478,0.25477,0.12946,0.16199,0.20896,0.20995,0.17714,0.22813,0.41077
0.37929,0.31953,0.12998,0.32661,0.33792,0.25849,0.12677,0.1255,0.20114,0.1941,0.13879,0.23127,0.39189
